image,ALB,BET,DOL,LAG,NoF,OTHER,SHARK,YFT
img_00007.jpg,0.2203568369,0.2373890281,0.0327957422,0.020023359,0.0097552761,0.0097552761,0.0097552761,0.4601692557
img_00009.jpg,0.8767591715,0.0160156209,0.0097114295,0.0097114295,0.0097114295,0.0567661449,0.0097114295,0.0116133532
img_00018.jpg,0.5830004215,0.2546577752,0.0098303957,0.0264079925,0.0098303957,0.0512621254,0.0098303957,0.0551805124
img_00027.jpg,0.5295285583,0.0211777966,0.0179063082,0.0115317144,0.009954486,0.2956078649,0.0131353736,0.1011579707
img_00053.jpg,0.5853271484,0.0565890223,0.0690357238,0.0484400056,0.0153037654,0.1549142897,0.0099937133,0.0603962056
img_00071.jpg,0.5212430954,0.0377328619,0.0586665459,0.2967987061,0.0178627111,0.0098959813,0.0098959813,0.0479041785
img_00075.jpg,0.3615147471,0.4110089839,0.0262922812,0.0451770909,0.0099904388,0.1019881815,0.0172906388,0.0267376117
img_00102.jpg,0.1559879631,0.0708767027,0.0275041219,0.0098767579,0.0098767579,0.1501236409,0.0113646081,0.564389348
img_00103.jpg,0.4534506202,0.0366322361,0.0098952968,0.0228993278,0.0098952968,0.295127213,0.0113145998,0.1607854366
img_00109.jpg,0.2751701772,0.0127320206,0.0219919533,0.0098363655,0.0098363655,0.0103574833,0.0098363655,0.6502392888
img_00125.jpg,0.4132524729,0.0961277336,0.0418177284,0.0191113949,0.0099874223,0.2385807782,0.0176755209,0.1634469181
img_00128.jpg,0.0425479524,0.0411754213,0.1901069731,0.0097880783,0.0097880783,0.0097880783,0.0097880783,0.6870173812
img_00129.jpg,0.1798703969,0.0429287925,0.0455187112,0.0182120763,0.0099458778,0.0353436582,0.0255969744,0.6425834894
img_00138.jpg,0.4409737885,0.1302075535,0.0498607941,0.1323279291,0.0244936906,0.1283923388,0.012983528,0.08076033
img_00141.jpg,0.0129351486,0.2538071871,0.0422439128,0.0096721984,0.0096721984,0.0096721984,0.0096721984,0.6523249745
img_00152.jpg,0.209018454,0.0448507182,0.0795731544,0.0265336577,0.0102839032,0.0199735649,0.0297249556,0.580041647
img_00161.jpg,0.0094905114,0.0094905114,0.0094905114,0.0094905114,0.0094905114,0.0094905114,0.0094905114,0.9335664511
img_00170.jpg,0.5695438385,0.00995545,0.0473587252,0.1419398487,0.0125975078,0.0318228789,0.0141669642,0.1726147681
img_00180.jpg,0.1026631594,0.0399480872,0.0931019112,0.0111607583,0.0099519556,0.017224269,0.0600661114,0.6658837795
img_00212.jpg,0.0848724544,0.0095684119,0.0095684119,0.0095684119,0.0095684119,0.0095684119,0.0095684119,0.8577171564
img_00223.jpg,0.4191273451,0.011184318,0.0293612964,0.0099612074,0.0112221176,0.484679997,0.014989051,0.0194747318
img_00230.jpg,0.8236919641,0.1150299534,0.0096540367,0.0096540367,0.0096540367,0.0130079566,0.0096540367,0.0096540367
img_00232.jpg,0.0773657858,0.0806204528,0.0387781709,0.0209172051,0.0126377651,0.0189254954,0.7113963962,0.0393587127
img_00244.jpg,0.3615266085,0.3965452909,0.0370186642,0.0099053578,0.0099053578,0.0578360595,0.0302179605,0.0970448032
img_00280.jpg,0.1134699881,0.0122274924,0.0601692162,0.0096807545,0.0096807545,0.0096807545,0.0096807545,0.7754102945
img_00285.jpg,0.6373279691,0.0098365881,0.0156502835,0.0098365881,0.0098365881,0.0937194079,0.018505564,0.2052870691
img_00292.jpg,0.8337788582,0.0097250286,0.0107256193,0.0097250286,0.0097250286,0.0114565184,0.0097250286,0.1051389426
img_00311.jpg,0.9328066707,0.0095990542,0.0095990542,0.0095990542,0.0095990542,0.0095990542,0.0095990542,0.0095990542
img_00320.jpg,0.7311561108,0.1050615832,0.0449724272,0.0097764796,0.0097764796,0.0794236958,0.0097764796,0.0100567406
img_00331.jpg,0.7243901491,0.0197393931,0.029098127,0.0118145319,0.0099790003,0.0850920901,0.0805367157,0.0393500365
img_00358.jpg,0.2694540322,0.0460603945,0.0270107891,0.0135679543,0.0099012284,0.0099012284,0.0162182767,0.6078861952
img_00374.jpg,0.2589838803,0.1047347039,0.0315249227,0.0118873669,0.009844671,0.009844671,0.009844671,0.5633351803
img_00375.jpg,0.4995298088,0.1822847128,0.1419442147,0.0133965369,0.0099931667,0.1236479878,0.0139981043,0.0152054718
img_00376.jpg,0.4420187473,0.0429733954,0.0323207863,0.0099645937,0.0099645937,0.0107314214,0.4281873107,0.0238391962
img_00380.jpg,0.608730793,0.0288136117,0.098825261,0.0462955683,0.0122057972,0.0438335054,0.0116662011,0.1496293098
img_00383.jpg,0.9339623451,0.0094339624,0.0094339624,0.0094339624,0.0094339624,0.0094339624,0.0094339624,0.0094339624
img_00398.jpg,0.8241485357,0.0672795326,0.0098204277,0.0097556775,0.0097556775,0.0097556775,0.0097556775,0.0597287267
img_00407.jpg,0.5903049707,0.0107752802,0.1068391874,0.0513434783,0.0146618783,0.024923997,0.040541064,0.1606101245
img_00417.jpg,0.0556167811,0.0095805107,0.0220387243,0.0095805107,0.0095805107,0.0095805107,0.0095805107,0.8744419217
img_00432.jpg,0.5073227286,0.0327966698,0.027996663,0.0099387169,0.0099387169,0.2482048869,0.0311186109,0.1326829642
img_00442.jpg,0.0096808253,0.0642416403,0.0096808253,0.0096808253,0.0096808253,0.0096808253,0.0096808253,0.8776733875
img_00446.jpg,0.375444591,0.1434339583,0.0098953843,0.0234455224,0.0098953843,0.0699130893,0.0122435922,0.3557284176
img_00469.jpg,0.4569504261,0.1470636129,0.0137847643,0.0130296042,0.0099335369,0.0354645215,0.0314297602,0.2923437357
img_00473.jpg,0.8352327347,0.0482449345,0.0097848224,0.0097848224,0.0097848224,0.0168635547,0.0097848224,0.0605195314
img_00483.jpg,0.9331706166,0.0095470538,0.0095470538,0.0095470538,0.0095470538,0.0095470538,0.0095470538,0.0095470538
img_00484.jpg,0.1671644598,0.2358055413,0.0131204929,0.009819652,0.009819652,0.0162482373,0.0252267327,0.5227952003
img_00486.jpg,0.4937126338,0.0514957719,0.0238517169,0.0099186022,0.0099186022,0.3427220881,0.0253992733,0.0429813229
img_00487.jpg,0.3389779329,0.0688887164,0.2133636028,0.0704512,0.0522626452,0.0611296557,0.0304690972,0.1644571275
img_00533.jpg,0.2389700115,0.0716061741,0.0238132272,0.0130940434,0.0099248374,0.1076813564,0.0262464397,0.5086639524
img_00538.jpg,0.6179317832,0.0355851799,0.0167786665,0.0132249314,0.0098195318,0.0098195318,0.0098195318,0.2870207727
img_00543.jpg,0.9291620851,0.0096007027,0.0096007027,0.0096007027,0.0096007027,0.0096007027,0.0096007027,0.0132337995
img_00551.jpg,0.3551394045,0.0158122424,0.0764638782,0.0680354759,0.0107084429,0.0486662053,0.0099703949,0.4152039289
img_00575.jpg,0.4874822795,0.0392203331,0.0143534541,0.0097773196,0.0097773196,0.0097773196,0.0097773196,0.4198346436
img_00582.jpg,0.3067772388,0.1177017987,0.0688885748,0.0269970521,0.0444130674,0.3316130042,0.059677057,0.043932233
img_00584.jpg,0.9263753295,0.0095842453,0.0095842453,0.0095842453,0.0095842453,0.0095842453,0.0095842453,0.0161192212
img_00587.jpg,0.2968073189,0.0188547317,0.011732867,0.0190432481,0.0099476641,0.1335215718,0.0462746434,0.4638179541
img_00591.jpg,0.294685334,0.0401928015,0.0177208558,0.0099191647,0.0099191647,0.1119263768,0.092515327,0.4231209457
img_00598.jpg,0.8688793182,0.0531137921,0.0098089268,0.0121719027,0.0098089268,0.0198558923,0.0098089268,0.0165523309
img_00599.jpg,0.8276808262,0.0097206039,0.0179531202,0.0097206039,0.0097206039,0.0097206039,0.0097206039,0.1057630479
img_00612.jpg,0.5223778486,0.0175987054,0.0159688443,0.0202278607,0.0098389834,0.0163894929,0.0098389834,0.3877593577
img_00620.jpg,0.4950751364,0.0497821644,0.0464012213,0.0099218674,0.0099218674,0.2184661031,0.0141569274,0.1562746167
img_00642.jpg,0.1421459913,0.3852258027,0.0098539758,0.3454618752,0.0152664892,0.0155206416,0.0098539758,0.0766713768
img_00646.jpg,0.1974196732,0.0481979735,0.0253588296,0.0099048335,0.0099048335,0.0367193781,0.0188073777,0.6536870599
img_00648.jpg,0.9242492318,0.0119366478,0.0096341511,0.0096341511,0.0096341511,0.0096341511,0.0096341511,0.0156433303
img_00650.jpg,0.559186697,0.0099265361,0.0126722371,0.011680129,0.0099265361,0.1861425638,0.11319343,0.0972718
img_00654.jpg,0.3763177097,0.0549640283,0.0779868141,0.0433392897,0.0302286986,0.0663996264,0.0417361148,0.3090277314
img_00664.jpg,0.3743612468,0.0907378644,0.0284891408,0.0098970765,0.0098970765,0.0269630644,0.0982760563,0.3613784909
img_00697.jpg,0.0095946752,0.0342610106,0.0253827348,0.0095946752,0.0095946752,0.0095946752,0.0095946752,0.8923829794
img_00708.jpg,0.4989776313,0.0099182464,0.0518891737,0.0244163144,0.0099182464,0.1030740142,0.0329911448,0.2688152492
img_00717.jpg,0.3688067496,0.1233401522,0.0128052691,0.0634467974,0.0099131064,0.2059218884,0.0099131064,0.205852896
img_00718.jpg,0.758959651,0.0098220538,0.0162451044,0.0412298143,0.0098220538,0.0458713807,0.0098220538,0.1082279533
img_00724.jpg,0.0756138191,0.0236888025,0.0989973471,0.0098555237,0.0098555237,0.0443461202,0.2661204934,0.4715224504
img_00726.jpg,0.933080852,0.0095598903,0.0095598903,0.0095598903,0.0095598903,0.0095598903,0.0095598903,0.0095598903
img_00730.jpg,0.2221445143,0.0313635282,0.0447601639,0.0098348325,0.0098348325,0.0152289029,0.0308486745,0.6359844804
img_00757.jpg,0.792532146,0.0457284711,0.0136173815,0.0316676982,0.0098928958,0.0591043048,0.0098928958,0.0375642553
img_00760.jpg,0.5509501696,0.1807373464,0.0356642082,0.1503363252,0.009922496,0.0269926209,0.009922496,0.0354743302
img_00764.jpg,0.0096994014,0.0096994014,0.0692770705,0.0096994014,0.0096994014,0.0096994014,0.0096994014,0.8725265861
img_00765.jpg,0.0797613859,0.1966100335,0.0310891811,0.0957115814,0.0099181421,0.33146891,0.0099181421,0.2455226779
img_00773.jpg,0.692810297,0.0711078495,0.0599726811,0.1020108089,0.0149434414,0.0223535635,0.0099530397,0.0268483553
img_00777.jpg,0.7607768774,0.0447996557,0.0164712835,0.0099508045,0.0099508045,0.1291905344,0.018909201,0.0099508045
img_00780.jpg,0.0162504874,0.0283036418,0.0163392723,0.0098133264,0.0098133264,0.0098133264,0.0126843778,0.8969822526
img_00798.jpg,0.7378969789,0.0564186089,0.0506377034,0.0639196932,0.0155658517,0.0251425728,0.0110169854,0.0394016244
img_00808.jpg,0.6255506277,0.2381645441,0.0103491805,0.0119423037,0.0098093962,0.0098093962,0.0098093962,0.0845651552
img_00816.jpg,0.3885906935,0.2650174499,0.0830123127,0.0098567652,0.0098567652,0.0279615391,0.0916950554,0.1240094602
img_00833.jpg,0.7425270081,0.0098772654,0.0289049279,0.0144933611,0.0098772654,0.0841307044,0.0098772654,0.1003121957
img_00837.jpg,0.5906103849,0.1130152419,0.0293950532,0.0098764328,0.0098764328,0.1481598765,0.0098764328,0.0891902745
img_00855.jpg,0.5189625621,0.2479564548,0.0256109219,0.0166103654,0.0099078137,0.0756540149,0.0099078137,0.0953900367
img_00857.jpg,0.8832689524,0.0477408171,0.0108754532,0.0097645009,0.0097645009,0.0190568231,0.0097645009,0.0097645009
img_00858.jpg,0.2439034134,0.061596185,0.1018625274,0.0714834183,0.1366441399,0.1318633407,0.1473397762,0.1053071767
img_00865.jpg,0.7889479995,0.0696537122,0.0126430755,0.0097490894,0.0097490894,0.0097490894,0.0097490894,0.089758873
img_00902.jpg,0.1619745642,0.1047215015,0.0661155134,0.0240884908,0.0189736802,0.0233144946,0.5683677793,0.0324439891
img_00914.jpg,0.0441265889,0.0186324567,0.0189059712,0.0097560259,0.0097560259,0.0107050734,0.0097560259,0.8783618808
img_00921.jpg,0.13686046,0.0132446028,0.0313695148,0.0201142244,0.0099555068,0.0466525555,0.0354706682,0.7063325047
img_00927.jpg,0.2273855507,0.0467194058,0.0401373357,0.0098858215,0.0098858215,0.0379019156,0.0098858215,0.6181983352
img_00943.jpg,0.9327625632,0.0096053574,0.0096053574,0.0096053574,0.0096053574,0.0096053574,0.0096053574,0.0096053574
img_00959.jpg,0.8559502959,0.0160277188,0.024047846,0.0175681952,0.0104998779,0.0201060511,0.0117888525,0.0440112501
img_00962.jpg,0.0179329384,0.0102245696,0.1181586757,0.0098265437,0.0098265437,0.0113063194,0.0098265437,0.8128979206
img_00964.jpg,0.0144740185,0.0131387813,0.8301602602,0.0097860377,0.0136026787,0.0097860377,0.0097860377,0.0992661193
img_00974.jpg,0.5778641105,0.1461564749,0.0410347432,0.0373564288,0.011019337,0.0226712301,0.0150702307,0.1488274038
img_00979.jpg,0.0094541749,0.0094541749,0.0094541749,0.0094541749,0.0094541749,0.0094541749,0.0094541749,0.9338207841
img_00985.jpg,0.7880181074,0.0202964116,0.0223354008,0.0097671449,0.0097671449,0.0203542132,0.0097671449,0.1196944788
img_00999.jpg,0.3794569075,0.0387945771,0.0284508392,0.0154351871,0.0099585271,0.0545392446,0.0157840885,0.457580626
img_01022.jpg,0.8272792697,0.0099400971,0.0591401048,0.0228103586,0.0208313204,0.019475285,0.0099400971,0.0305835418
img_01031.jpg,0.671800673,0.0473269969,0.0829830244,0.009869393,0.009869393,0.0316305012,0.009869393,0.1366506368
img_01035.jpg,0.8016344905,0.0263667069,0.0179034155,0.0098207034,0.0098207034,0.1148126572,0.0098207034,0.0098207034
img_01059.jpg,0.7832601666,0.0096167354,0.0096167354,0.0096167354,0.0096167354,0.0306973215,0.0096167354,0.1379588544
img_01102.jpg,0.132903859,0.1040982828,0.0098185558,0.0438595712,0.0098185558,0.0109095406,0.0098185558,0.6787731647
img_01103.jpg,0.0880901739,0.3809610605,0.0169681497,0.0097966073,0.0097966073,0.0097966073,0.0278445911,0.456746161
img_01116.jpg,0.5598226786,0.0301134419,0.0222931523,0.0097619994,0.0097619994,0.0097619994,0.0097619994,0.3487227559
img_01188.jpg,0.0814229771,0.1412685812,0.0348590128,0.1168841049,0.0099465884,0.3500138819,0.0202554297,0.2453494221
img_01198.jpg,0.4466837049,0.1625072807,0.1736648381,0.0167238824,0.0108392779,0.0300492328,0.0291631036,0.1303686947
img_01211.jpg,0.9129636288,0.0303110052,0.0094542308,0.0094542308,0.0094542308,0.0094542308,0.0094542308,0.0094542308
img_01213.jpg,0.7568840981,0.0098245721,0.0114824809,0.0098245721,0.0098245721,0.0848718137,0.0098245721,0.1074633226
img_01222.jpg,0.0739339739,0.4837680161,0.0098735597,0.0237645227,0.0098735597,0.0112665696,0.0109329382,0.3765868545
img_01224.jpg,0.0416653678,0.0305121019,0.1968718171,0.0097700907,0.0097700907,0.0097700907,0.0097700907,0.691870451
img_01253.jpg,0.0102026844,0.009563176,0.0152939986,0.009563176,0.009563176,0.009563176,0.009563176,0.9266875386
img_01286.jpg,0.5462098122,0.0467377529,0.0160570256,0.0179047212,0.009975682,0.2078186572,0.009975682,0.1453207135
img_01289.jpg,0.6751291752,0.0097162332,0.0097162332,0.0131265633,0.0097162332,0.0376271829,0.0097162332,0.2352521271
img_01328.jpg,0.8437418938,0.009749339,0.009749339,0.009749339,0.009749339,0.050465852,0.009749339,0.0570455976
img_01371.jpg,0.6576660275,0.0224230066,0.009690824,0.009690824,0.009690824,0.009690824,0.009690824,0.2714568377
img_01379.jpg,0.7529263496,0.0181418955,0.089105092,0.0167219024,0.0098909121,0.0220175311,0.0098909121,0.0813054293
img_01384.jpg,0.7497323751,0.03108822,0.0253745168,0.009838582,0.009838582,0.0909701213,0.017854752,0.065302901
img_01388.jpg,0.4517377019,0.0410622954,0.045766633,0.0398039855,0.0459223352,0.3027172983,0.0326577164,0.0403320715
img_01392.jpg,0.0159695949,0.1719389111,0.6226582527,0.0097720549,0.0097720549,0.0097720549,0.0097720549,0.1503450572
img_01399.jpg,0.1094440669,0.0826128721,0.1292812079,0.0097704912,0.0097704912,0.0602299906,0.0097704912,0.5891204476
img_01404.jpg,0.8332443833,0.0606081448,0.0098398514,0.0324573442,0.0098398514,0.0161983874,0.0098398514,0.0279722307
img_01405.jpg,0.7756339312,0.0413000807,0.0380359553,0.0210195947,0.0110480357,0.0648875907,0.0099783428,0.0380964577
img_01413.jpg,0.6311780214,0.0098906578,0.0322771892,0.0098906578,0.0098906578,0.060283538,0.0136334142,0.2329559028
img_01426.jpg,0.4611512125,0.0279043987,0.0097176051,0.0097176051,0.0097176051,0.0735310093,0.0097176051,0.3985429108
img_01431.jpg,0.3334001601,0.1258953661,0.0291784406,0.3761559129,0.0121953115,0.0218951479,0.0099129742,0.0913667157
img_01441.jpg,0.0096355267,0.0096355267,0.0154350856,0.0096355267,0.0096355267,0.0096355267,0.0096355267,0.9267517924
img_01444.jpg,0.2066932619,0.0320263393,0.0372072272,0.0098704435,0.0098704435,0.0286433455,0.1143531427,0.5613358021
img_01490.jpg,0.0096925786,0.0170120224,0.1168228984,0.0096925786,0.0096925786,0.0096925786,0.0096925786,0.8177021742
img_01495.jpg,0.9178811312,0.0095926858,0.0095926858,0.0095926858,0.0095926858,0.0095926858,0.0095926858,0.0245627705
img_01511.jpg,0.5263514519,0.2081898898,0.067174606,0.0417292155,0.0108960047,0.1091221347,0.0099757938,0.0265609138
img_01519.jpg,0.1911237538,0.2455489784,0.0692492127,0.0531108901,0.0099804401,0.2248945683,0.0648696199,0.1412225217
img_01530.jpg,0.3387253881,0.0096566584,0.1228001565,0.0096566584,0.0096566584,0.0096566584,0.0096566584,0.4901911616
img_01537.jpg,0.6984907985,0.0564656742,0.1116962209,0.0111534847,0.0099782683,0.0261196364,0.0154901464,0.0706058294
img_01538.jpg,0.7784377933,0.03596716,0.0098591913,0.0140075507,0.0098591913,0.0707274824,0.0098591913,0.0712824985
img_01543.jpg,0.4272090793,0.0097681498,0.0177102443,0.0097681498,0.0097681498,0.0104240393,0.0100082643,0.505343914
img_01548.jpg,0.7896063924,0.0097482251,0.0557689369,0.0097482251,0.0097482251,0.0097482251,0.0139323138,0.1016994864
img_01552.jpg,0.9140708447,0.0226602796,0.0097285593,0.0097285593,0.0097285593,0.0124204392,0.0097285593,0.0119341845
img_01571.jpg,0.9336444736,0.0094793737,0.0094793737,0.0094793737,0.0094793737,0.0094793737,0.0094793737,0.0094793737
img_01593.jpg,0.3255197406,0.1334269792,0.0219930466,0.039820794,0.0099894609,0.1332616955,0.0378771871,0.2981110811
img_01616.jpg,0.7599545121,0.0468560085,0.0263988599,0.0130385868,0.0099564511,0.029223932,0.0156237241,0.0989478379
img_01618.jpg,0.7770494819,0.1259329468,0.0106667951,0.0098036714,0.0098036714,0.0201801043,0.0098036714,0.0367597081
img_01627.jpg,0.4658703208,0.181566447,0.0519741662,0.0639208555,0.0132960733,0.0763702467,0.0384857953,0.1085161418
img_01632.jpg,0.2975781262,0.3708550036,0.1521725804,0.0099301031,0.0099301031,0.0357623212,0.112493977,0.0112777548
img_01633.jpg,0.6669927835,0.0214815177,0.0240902212,0.0135865482,0.0098772245,0.0641674921,0.0098772245,0.1899269968
img_01640.jpg,0.9312318563,0.009580628,0.009580628,0.009580628,0.009580628,0.009580628,0.009580628,0.011284343
img_01646.jpg,0.6395218372,0.1718597114,0.0098270336,0.0266502611,0.0098270336,0.0452454425,0.0098270336,0.0872417316
img_01657.jpg,0.0105130598,0.019232329,0.6169866323,0.0097656017,0.0097656017,0.0097656017,0.0097656017,0.3142055869
img_01669.jpg,0.2158582062,0.0992331952,0.0248682499,0.5733996034,0.0123383068,0.010675123,0.0099082394,0.0537190065
img_01681.jpg,0.229881689,0.018320987,0.0151019404,0.0098436875,0.0098436875,0.0141501818,0.0098436875,0.6930142045
img_01684.jpg,0.3044413626,0.1171241924,0.0098495837,0.0312116779,0.0098495837,0.0151507854,0.0098495837,0.5025232434
img_01687.jpg,0.8065676689,0.0097269416,0.0237926655,0.0097269416,0.0097269416,0.0097269416,0.0097269416,0.121004954
img_01688.jpg,0.5364618897,0.0096905753,0.0096905753,0.0096905753,0.0096905753,0.0280921366,0.0096905753,0.3869930804
img_01689.jpg,0.1746346951,0.0416778065,0.0486777984,0.0098664891,0.0098664891,0.0512733646,0.0839998648,0.5800033808
img_01724.jpg,0.6758598685,0.0223009512,0.168309778,0.0103801088,0.0124537321,0.014924679,0.0191210601,0.0766498893
img_01771.jpg,0.8749806285,0.013210821,0.0097038187,0.0097038187,0.0097038187,0.0213193651,0.0097038187,0.0516739488
img_01773.jpg,0.2319546044,0.0321602039,0.0207321104,0.009765137,0.009765137,0.009765137,0.009765137,0.6760926247
img_01802.jpg,0.5171635151,0.0837571174,0.0352557302,0.0137154339,0.0099394424,0.0175255109,0.0100425761,0.3126006424
img_01803.jpg,0.010404625,0.0530814752,0.8158280253,0.0097215939,0.0097215939,0.0097215939,0.0097215939,0.0817994401
img_01824.jpg,0.591324091,0.0276562572,0.0236402228,0.0380458124,0.0098401103,0.1099638939,0.0098401103,0.1896895021
img_01831.jpg,0.4126801193,0.010979698,0.0681652501,0.2293622494,0.0179116856,0.0404129885,0.0319613814,0.1885265559
img_01834.jpg,0.0151129989,0.0104164546,0.254794091,0.0097852619,0.0097852619,0.0097852619,0.0097852619,0.6805353761
img_01847.jpg,0.0972399339,0.0297798254,0.0255361497,0.0099119898,0.0099119898,0.0841373056,0.021735739,0.7217471004
img_01853.jpg,0.3426589072,0.0418315083,0.0549337529,0.0099040363,0.0099040363,0.0620189048,0.0148383211,0.4639105499
img_01856.jpg,0.9277012348,0.0095747337,0.0095747337,0.0095747337,0.0095747337,0.0095747337,0.0095747337,0.0148503957
img_01862.jpg,0.6604084969,0.0252211839,0.1888800114,0.0099907992,0.0104281027,0.0139604174,0.0231132954,0.0679976717
img_01874.jpg,0.7631583214,0.0104584331,0.0194339193,0.0107907308,0.0099618854,0.0396431945,0.0921951085,0.054358419
img_01888.jpg,0.0312352572,0.2026438564,0.0214637574,0.0623932108,0.0098990295,0.4157102406,0.0098990295,0.2467557341
img_01918.jpg,0.5116157532,0.0996956751,0.0170268323,0.2670994997,0.0098952977,0.0312161855,0.0098952977,0.0535554625
img_01930.jpg,0.782551229,0.0158182383,0.0578549467,0.0382113867,0.0103923958,0.0426149741,0.0099690454,0.0425878428
img_01932.jpg,0.2552556396,0.2823627591,0.0109444475,0.0150978975,0.0099341962,0.0284008421,0.0303596649,0.3676446378
img_01955.jpg,0.0094839223,0.0094839223,0.0094839223,0.0094839223,0.0094839223,0.0094839223,0.0094839223,0.9336125255
img_01963.jpg,0.6304106712,0.0233248491,0.0130421696,0.0099022686,0.0099022686,0.0265220683,0.013801585,0.273094207
img_01966.jpg,0.8568541408,0.0472073406,0.0096881986,0.0096881986,0.0096881986,0.0126150977,0.0096881986,0.044570636
img_01983.jpg,0.7403784394,0.0189606417,0.0703391954,0.0298732333,0.0099252015,0.0920639634,0.0099252015,0.028534174
img_01984.jpg,0.1090902835,0.0183767024,0.0098320497,0.0098320497,0.0098320497,0.0196938012,0.0162815526,0.807061553
img_01996.jpg,0.1641100645,0.1562639028,0.0099101886,0.0099101886,0.0099101886,0.3612739146,0.18065916,0.1079623699
img_02001.jpg,0.4080171585,0.0345785022,0.0814807117,0.0099071655,0.0099071655,0.1011126786,0.0160057917,0.3389908075
img_02006.jpg,0.7714950442,0.0680153593,0.0453805737,0.015830541,0.0098204501,0.0281039197,0.0098204501,0.0515336767
img_02066.jpg,0.689722836,0.0244208388,0.0738182589,0.0349658132,0.0158779323,0.0629411414,0.0190911889,0.0791619718
img_02074.jpg,0.5484322906,0.0140239801,0.0439626314,0.0725056455,0.0236712247,0.1407827884,0.0266035087,0.1300179362
img_02076.jpg,0.15864259,0.0248493813,0.0096925236,0.0096925236,0.0096925236,0.0096925236,0.0096925236,0.768045485
img_02077.jpg,0.2662009895,0.0313575082,0.0344095454,0.0677354783,0.0167309865,0.1253013164,0.0337065049,0.4245576561
img_02096.jpg,0.9085879326,0.0143289939,0.0195355248,0.0097435731,0.0097435731,0.0097435731,0.0097435731,0.0185733363
img_02119.jpg,0.2263948917,0.0171715319,0.043201372,0.0099190287,0.0118334796,0.6579094529,0.0236510951,0.0099190287
img_02172.jpg,0.7483677268,0.031102851,0.1313253343,0.0099241687,0.0099241687,0.0161356088,0.0155440904,0.0376759991
img_02180.jpg,0.6063351035,0.2142909765,0.0148220789,0.0097830631,0.0097830631,0.0114459172,0.0097830631,0.1237566546
img_02188.jpg,0.4867163599,0.0102282846,0.0218585543,0.0098360619,0.0098360619,0.0107226018,0.0098360619,0.4409660697
img_02209.jpg,0.2642519474,0.0280315001,0.0098685669,0.0098685669,0.0344367325,0.3044190109,0.3320746124,0.0170490276
img_02252.jpg,0.8536942005,0.0185975842,0.0097260112,0.0097260112,0.0097260112,0.0192652754,0.0097260112,0.0695389733
img_02268.jpg,0.4667637646,0.1175977066,0.0972891822,0.0640384182,0.0138148582,0.148039028,0.0243141409,0.0681429356
img_02270.jpg,0.7259784937,0.044469744,0.0228572879,0.0414713472,0.0099755619,0.0590828247,0.0117786834,0.084386006
img_02281.jpg,0.3182769418,0.0369662009,0.0098814908,0.5074242353,0.0133862616,0.065103516,0.0098814908,0.0390799195
img_02282.jpg,0.0096617881,0.0096617881,0.0096617881,0.0096617881,0.0096617881,0.0096617881,0.0096617881,0.9323675036
img_02291.jpg,0.8121401668,0.0169972237,0.0132282078,0.0097014979,0.0097014979,0.0097014979,0.0097014979,0.1188284233
img_02299.jpg,0.0815750062,0.3019902408,0.0189790335,0.029175736,0.0099663762,0.0907883793,0.0267335251,0.4407916367
img_02307.jpg,0.4987846017,0.0097435145,0.0097435145,0.0097435145,0.0097435145,0.0118328771,0.0097435145,0.4406649768
img_02309.jpg,0.8781245947,0.0201211311,0.0096484162,0.0096484162,0.0096484162,0.0096484162,0.0096484162,0.0535122082
img_02318.jpg,0.156780079,0.0103074396,0.0111708743,0.0098551661,0.0098551661,0.0871495008,0.0098551661,0.705026567
img_02356.jpg,0.1350941807,0.0502726175,0.102442652,0.0264540985,0.0099304561,0.0099304561,0.0281874835,0.6376881003
img_02367.jpg,0.8041107655,0.0474816225,0.0217032302,0.0131172072,0.0099404017,0.0507773235,0.0099404017,0.0429290906
img_02379.jpg,0.4770157039,0.0122068916,0.0098551232,0.0098551232,0.0098551232,0.0751966536,0.0147837996,0.3912315965
img_02384.jpg,0.2856672108,0.05746736,0.0105999988,0.0199308284,0.0098473672,0.0228469316,0.0098473672,0.5837929845
img_02398.jpg,0.5986143947,0.1151914001,0.0214001313,0.0210542753,0.009841226,0.1867204905,0.009841226,0.0373368934
img_02400.jpg,0.463958323,0.1980517507,0.0797425434,0.0132432953,0.0099824648,0.1236187741,0.033074189,0.0783285722
img_02406.jpg,0.1836723089,0.0160191096,0.0273317471,0.2682758272,0.0220102277,0.1131040677,0.0327789634,0.336807847
img_02412.jpg,0.84430933,0.0096836509,0.0096836509,0.0096836509,0.0096836509,0.0096836509,0.0096836509,0.0975888446
img_02422.jpg,0.2481782585,0.1425810903,0.1467611194,0.0099181058,0.0099181058,0.019107027,0.0234135911,0.4001226425
img_02486.jpg,0.9165690541,0.0176615007,0.0096395463,0.0096395463,0.0096395463,0.0096395463,0.0096395463,0.0175717883
img_02487.jpg,0.9334096313,0.0095129097,0.0095129097,0.0095129097,0.0095129097,0.0095129097,0.0095129097,0.0095129097
img_02522.jpg,0.8260310888,0.0553739332,0.0098551102,0.0098551102,0.0098551102,0.0595311522,0.0113717774,0.0181267485
img_02556.jpg,0.0792686492,0.0436872095,0.0147612318,0.009858327,0.009858327,0.0244960636,0.0117646614,0.8063055277
img_02565.jpg,0.19572106,0.015131887,0.0301687624,0.0121230464,0.0099244807,0.0230065957,0.0099244807,0.7039996982
img_02574.jpg,0.5962973237,0.1154520065,0.0121006202,0.0441538431,0.0128274336,0.1494358629,0.0193776544,0.0503552593
img_02602.jpg,0.6478438377,0.1712167263,0.0208409969,0.0274907276,0.0099771339,0.037493486,0.0122229485,0.0729141086
img_02622.jpg,0.6127538085,0.0418899469,0.03949726,0.0210626312,0.009934986,0.0154829901,0.0131577132,0.2462206781
img_02625.jpg,0.2070597708,0.0459455252,0.0098661007,0.0098661007,0.0124494843,0.5461722612,0.1351152658,0.0335255824
img_02636.jpg,0.9338475466,0.0094503602,0.0094503602,0.0094503602,0.0094503602,0.0094503602,0.0094503602,0.0094503602
img_02638.jpg,0.8182553053,0.1002439559,0.0097656436,0.0097656436,0.0097656436,0.0116350735,0.0097656436,0.0308030304
img_02646.jpg,0.0609856434,0.0110230511,0.0144385872,0.0142331868,0.0099358233,0.0201525465,0.0099358233,0.8592953682
img_02651.jpg,0.8613749146,0.0096114678,0.0112402784,0.0096114678,0.0096114678,0.0096114678,0.0096114678,0.0793274716
img_02656.jpg,0.4035917223,0.2487519532,0.0306448489,0.1231246069,0.0145211592,0.0233551413,0.0099497968,0.146060735
img_02666.jpg,0.795216918,0.0095906826,0.0242480151,0.0095906826,0.0095906826,0.0095906826,0.0095906826,0.1325816363
img_02687.jpg,0.1914762259,0.0096440688,0.0096440688,0.0096440688,0.0096440688,0.0096440688,0.0096440688,0.7506593466
img_02699.jpg,0.9204286337,0.0164906196,0.0097276885,0.0097276885,0.0097276885,0.0097276885,0.0097276885,0.0144422594
img_02703.jpg,0.2653900683,0.0222032927,0.1007359475,0.0276104622,0.0134947263,0.0407266505,0.194014281,0.3358245194
img_02709.jpg,0.765604198,0.0257530157,0.0288049243,0.029493032,0.0098995576,0.0787716135,0.0098995576,0.0517741069
img_02726.jpg,0.6740264893,0.0106297303,0.0801003203,0.0306825712,0.0099680396,0.152322948,0.0101786712,0.0320912041
img_02733.jpg,0.5766630769,0.0371145979,0.0942874625,0.045011092,0.0157212168,0.0895049945,0.0201065205,0.1215910688
img_02734.jpg,0.4714575112,0.0974877551,0.0691046268,0.0267236512,0.0398923531,0.1358218044,0.0690691471,0.0904431418
img_02739.jpg,0.9134585261,0.0150953317,0.0096605895,0.0096605895,0.0096605895,0.0096605895,0.0096605895,0.0231432449
img_02749.jpg,0.5298027396,0.0099826325,0.0551052541,0.1409766376,0.0142286941,0.0299049411,0.010978613,0.2090205252
img_02759.jpg,0.14951244,0.2120525986,0.232141003,0.0099086994,0.0099086994,0.0222656149,0.0253054295,0.3389056027
img_02764.jpg,0.9132431149,0.0097565921,0.0229036976,0.0097565921,0.0097565921,0.0097565921,0.0097565921,0.0150702512
img_02766.jpg,0.895665288,0.0305647664,0.0162199121,0.0096905865,0.0096905865,0.0187876001,0.0096905865,0.0096905865
img_02769.jpg,0.1368024647,0.0860391781,0.0950719491,0.009895524,0.009895524,0.009895524,0.0255695824,0.6268302798
img_02771.jpg,0.843682766,0.0677215233,0.0128214927,0.009805345,0.009805345,0.0365528576,0.009805345,0.009805345
img_02799.jpg,0.9338588715,0.009448736,0.009448736,0.009448736,0.009448736,0.009448736,0.009448736,0.009448736
img_02808.jpg,0.4741709828,0.024564635,0.1788120866,0.0350144655,0.0120306937,0.0292179659,0.0567766242,0.1894125342
img_02811.jpg,0.5801024437,0.0101712337,0.0776664391,0.0641647801,0.0136599625,0.0520257764,0.0099333562,0.1922759265
img_02830.jpg,0.1939002275,0.0475182384,0.009864741,0.009864741,0.009864741,0.3471692204,0.0705930442,0.3112250865
img_02834.jpg,0.1986414641,0.009638872,0.0151478602,0.009638872,0.009638872,0.009638872,0.009638872,0.738016367
img_02837.jpg,0.0865435451,0.3804997206,0.0290353429,0.0097815217,0.0097815217,0.0097815217,0.057671465,0.4169053137
img_02838.jpg,0.7664772868,0.1013557836,0.0097633749,0.0097633749,0.0097633749,0.0482970998,0.0097633749,0.0448163599
img_02871.jpg,0.3363737762,0.0378206745,0.0098424032,0.0098424032,0.0098424032,0.3856834769,0.0177335516,0.192861259
img_02876.jpg,0.5537974834,0.0741181225,0.0133970017,0.0098301545,0.0098301545,0.0493241511,0.0098301545,0.2798727155
img_02889.jpg,0.7808924317,0.0353166647,0.0466856882,0.0259841941,0.0099121239,0.0191384833,0.0099121239,0.0721583441
img_02890.jpg,0.4802417457,0.0171892568,0.0638537705,0.0475975797,0.0318033695,0.2064701468,0.026054671,0.1267895103
img_02899.jpg,0.6194526553,0.0099704722,0.0337804072,0.138820067,0.0261208247,0.0628154576,0.0099704722,0.0990697145
img_02904.jpg,0.6221272945,0.0486128703,0.0521911755,0.0497467443,0.0173658188,0.1535925716,0.0099930037,0.0463705175
img_02911.jpg,0.3355714977,0.0251086261,0.0099029839,0.4511587024,0.0100298198,0.0921445712,0.0099029839,0.0661808178
img_02916.jpg,0.798063457,0.0301714744,0.07690496,0.0109474426,0.0098983515,0.036279913,0.0098983515,0.0278360527
img_02920.jpg,0.8743636608,0.0418454036,0.0097246589,0.0097246589,0.0097246589,0.0194589365,0.0097246589,0.0254333857
img_02943.jpg,0.6502850056,0.0099540371,0.1013570279,0.0187829658,0.0099540371,0.1277989,0.0148461703,0.067021817
img_02949.jpg,0.7107613683,0.0152625768,0.0930849761,0.0099578798,0.0099578798,0.0315182395,0.0253720488,0.1040851474
img_02956.jpg,0.0094339624,0.0094339624,0.0094339624,0.0094339624,0.0094339624,0.0094339624,0.0094339624,0.9339623451
img_02964.jpg,0.0229840185,0.0122480635,0.0868607834,0.0098317293,0.0098317293,0.0369580835,0.0098317293,0.8114539385
img_02974.jpg,0.933001101,0.0095712831,0.0095712831,0.0095712831,0.0095712831,0.0095712831,0.0095712831,0.0095712831
img_02977.jpg,0.2253252566,0.1005131975,0.0098724067,0.0187981296,0.0098724067,0.0556799844,0.0098724067,0.5700660944
img_02993.jpg,0.0950941592,0.1276621372,0.077073805,0.009845485,0.009845485,0.022788981,0.0354271755,0.6222628355
img_03043.jpg,0.0418951996,0.0156262666,0.0240947232,0.0098529747,0.0098529747,0.022602478,0.0233164653,0.852758944
img_03055.jpg,0.7815907002,0.0472434051,0.0097743906,0.057165157,0.0097743906,0.0258747078,0.0097743906,0.0588028952
img_03064.jpg,0.5870941281,0.0146750212,0.025045041,0.0099573964,0.0099573964,0.0137239136,0.3129472137,0.026599884
img_03069.jpg,0.0934084132,0.0721934587,0.0177986603,0.222959578,0.0168617014,0.0099769346,0.011874659,0.5549266338
img_03074.jpg,0.4189171493,0.3820489943,0.010765966,0.0502674766,0.010523024,0.0897839442,0.0099603673,0.0277331024
img_03078.jpg,0.8347514868,0.0490785874,0.0097731259,0.0097731259,0.0097731259,0.029249642,0.0097731259,0.0478277616
img_03080.jpg,0.7913349867,0.0261799395,0.0098768473,0.0098768473,0.0098768473,0.0399120599,0.0136974696,0.0992450416
img_03082.jpg,0.8365601897,0.10671103,0.0094547998,0.0094547998,0.0094547998,0.0094547998,0.0094547998,0.0094547998
img_03128.jpg,0.4434850514,0.047440026,0.047980044,0.0099609829,0.0099609829,0.0687331557,0.0462363996,0.3262033463
img_03135.jpg,0.2898631394,0.0645857081,0.0236011446,0.012907912,0.0099156648,0.1011652052,0.0110427057,0.486918509
img_03140.jpg,0.6998215914,0.0904256105,0.0100579411,0.0252560228,0.0098858187,0.0425087065,0.0098858187,0.1121584699
img_03166.jpg,0.6283124685,0.0673417896,0.0415891483,0.0099499691,0.0099499691,0.0214181785,0.0131955883,0.2082428634
img_03181.jpg,0.4241188765,0.0546556935,0.0438356437,0.0413618982,0.0418692157,0.3059331775,0.0344438441,0.0537816323
img_03195.jpg,0.4516438842,0.0546458028,0.018404169,0.0225374028,0.0124465078,0.300588131,0.0482528247,0.0914813429
img_03199.jpg,0.7436501384,0.009762085,0.0244879574,0.009762085,0.009762085,0.0737898648,0.009762085,0.1190236658
img_03210.jpg,0.0356283225,0.0156012028,0.1346450448,0.0098354351,0.0098354351,0.0382329971,0.0098354351,0.7463861108
img_03220.jpg,0.5439815521,0.1178059354,0.0177156962,0.0099729206,0.0099729206,0.2432740778,0.0244186576,0.0328582525
img_03222.jpg,0.5252482891,0.2188117802,0.009748471,0.009748471,0.009748471,0.2071976662,0.009748471,0.009748471
img_03223.jpg,0.0441215634,0.5841557384,0.0097365519,0.0097365519,0.0097365519,0.0097365519,0.0273426846,0.30543378
img_03228.jpg,0.6135985851,0.2031227201,0.0175222568,0.0715276673,0.0098616024,0.0149302203,0.0098616024,0.0595753416
img_03229.jpg,0.0897264257,0.0828937143,0.0252371151,0.009933711,0.009933711,0.0932112932,0.2075178623,0.481546104
img_03238.jpg,0.5389735699,0.0414420404,0.037236996,0.0249438416,0.0099958722,0.1463548392,0.0274320971,0.1736207604
img_03239.jpg,0.1320815533,0.0754933804,0.0612167604,0.0260339007,0.0152943181,0.0227075908,0.624848485,0.0423239842
img_03252.jpg,0.6724973321,0.0361919515,0.020587245,0.0096671255,0.0096671255,0.0096671255,0.0096671255,0.232054919
img_03260.jpg,0.7680885196,0.0099873487,0.0280316956,0.0147273969,0.0111421356,0.1072007269,0.0179662723,0.0428559892
img_03261.jpg,0.485280484,0.2668758333,0.0443122946,0.0468200073,0.0099482415,0.119085297,0.0099482415,0.0177296232
img_03270.jpg,0.1605975032,0.0556857847,0.1096017361,0.0139199309,0.0099385753,0.0131893149,0.0460913219,0.590975821
img_03283.jpg,0.0147378249,0.0742728189,0.0096805077,0.0096805077,0.0096805077,0.0096805077,0.0096805077,0.8625867963
img_03290.jpg,0.3459663093,0.0328488536,0.0120901559,0.0099062612,0.0099062612,0.1253062934,0.0817879438,0.3821879625
img_03297.jpg,0.3897370696,0.1089103743,0.1479474902,0.009938499,0.009938499,0.1199113131,0.0192007776,0.1944159418
img_03310.jpg,0.6887769103,0.0830203891,0.0404136665,0.0644915625,0.0162068866,0.062234316,0.0158692859,0.0289870426
img_03312.jpg,0.6549800038,0.1954569817,0.0098362351,0.0098362351,0.0098362351,0.0533120222,0.0117772901,0.054964982
img_03324.jpg,0.015220467,0.0096119419,0.0870609581,0.0096119419,0.0096119419,0.0096119419,0.0096119419,0.8496589065
img_03333.jpg,0.6261270046,0.0225255359,0.024294531,0.0264728237,0.009913058,0.0854008272,0.009913058,0.1953532249
img_03346.jpg,0.8484818339,0.0379446037,0.0118260132,0.0098363478,0.0098363478,0.040468026,0.0098363478,0.0317704417
img_03355.jpg,0.1771022528,0.0191938672,0.0220520124,0.0098491153,0.0098491153,0.0098491153,0.0144336158,0.7376708984
img_03361.jpg,0.2295983136,0.0926282629,0.1435407847,0.0269909929,0.0104272636,0.0113249989,0.0477977023,0.4376916885
img_03370.jpg,0.3360410631,0.0263648573,0.0194565654,0.0099097621,0.0099097621,0.3716903925,0.0402423926,0.1863852143
img_03399.jpg,0.7566130161,0.0614714436,0.0135632744,0.0099446122,0.0099446122,0.1228716522,0.0132927317,0.0122986594
img_03410.jpg,0.9115253687,0.0125215435,0.0120856129,0.0097166654,0.0097166654,0.0097166654,0.0097166654,0.0250008106
img_03422.jpg,0.6192066073,0.0251433365,0.0873682499,0.0366200842,0.0138644082,0.0412270278,0.0381258912,0.1384444237
img_03426.jpg,0.8143821359,0.0116616618,0.014572748,0.0098361075,0.0098361075,0.0113276346,0.0098361075,0.1185475662
img_03439.jpg,0.3911052346,0.0176753905,0.0602059327,0.2125275731,0.015525531,0.0315531194,0.0262262318,0.2451810092
img_03440.jpg,0.0094339624,0.0094339624,0.0094339624,0.0094339624,0.0094339624,0.0094339624,0.0094339624,0.9339623451
img_03444.jpg,0.8648916483,0.0767237768,0.0095350929,0.0095350929,0.0095350929,0.0095350929,0.0095350929,0.010709079
img_03446.jpg,0.0098564522,0.0728795603,0.6394484043,0.0098564522,0.0151717728,0.0098564522,0.0113272937,0.2316035181
img_03452.jpg,0.3931185305,0.1726796925,0.0097023323,0.0097023323,0.0097023323,0.0108638266,0.0097023323,0.3845286369
img_03457.jpg,0.7444875836,0.0128453113,0.145153597,0.009963912,0.009963912,0.0230687503,0.0190905295,0.0354263559
img_03471.jpg,0.5210856795,0.0588888414,0.0323498622,0.150174275,0.0099282246,0.0132004535,0.0099282246,0.204444468
img_03488.jpg,0.8615273237,0.0158336684,0.009739114,0.009739114,0.009739114,0.0279794075,0.009739114,0.0557031147
img_03502.jpg,0.702127099,0.0160209481,0.0225066058,0.0099598924,0.0147118084,0.0100145629,0.2058982551,0.0187608451
img_03504.jpg,0.4445720911,0.038871903,0.0548028089,0.0395681001,0.048750598,0.3145503402,0.0321084522,0.0267757103
img_03520.jpg,0.7042498589,0.0236667711,0.0701163337,0.0171182491,0.0099977208,0.0249669459,0.0267084911,0.1231755763
img_03547.jpg,0.7949393392,0.1347986609,0.0097933896,0.0161373671,0.0097933896,0.0149511453,0.0097933896,0.0097933896
img_03548.jpg,0.0863199458,0.0097691771,0.0109341638,0.0179775916,0.0097691771,0.0097691771,0.0097691771,0.8456916809
img_03554.jpg,0.9338691831,0.0094472598,0.0094472598,0.0094472598,0.0094472598,0.0094472598,0.0094472598,0.0094472598
img_03563.jpg,0.5770426393,0.3657393754,0.0095363436,0.0095363436,0.0095363436,0.0095363436,0.0095363436,0.0095363436
img_03581.jpg,0.3663015366,0.0126501024,0.066511713,0.1871483028,0.0152385943,0.0411141366,0.0373007692,0.2737348676
img_03584.jpg,0.1035516337,0.2192424685,0.1556833088,0.009859967,0.009859967,0.0330454968,0.014520946,0.4542362392
img_03587.jpg,0.2660445869,0.0211772062,0.037859831,0.0307317395,0.0099795107,0.0882465765,0.0238729697,0.522087574
img_03588.jpg,0.3455201685,0.0828854591,0.0098708309,0.0098708309,0.0098708309,0.3944320083,0.0565165393,0.0910333097
img_03627.jpg,0.5929714441,0.0303543806,0.0310526304,0.0096999072,0.0096999072,0.0096999072,0.0096999072,0.3068218827
img_03628.jpg,0.7377835512,0.0345459692,0.019048728,0.0099009778,0.0099009778,0.022700835,0.0201090705,0.1460098922
img_03652.jpg,0.921161592,0.0096514169,0.0110001126,0.0096514169,0.0096514169,0.0096514169,0.0096514169,0.0195812732
img_03670.jpg,0.7731388807,0.0421746708,0.0453140773,0.0302931536,0.0099614514,0.0223269109,0.0382942595,0.0384965166
img_03677.jpg,0.7468586564,0.0382277519,0.0163413249,0.0097704381,0.0097704381,0.0097704381,0.0097704381,0.159490481
img_03711.jpg,0.3841298521,0.1733572632,0.0257071014,0.0193195511,0.0099960975,0.1934807152,0.062177036,0.1318323761
img_03715.jpg,0.4143361449,0.0151798129,0.0228163414,0.4443743527,0.0193052702,0.0238493122,0.0099279843,0.0502108
img_03718.jpg,0.4876626432,0.0131080681,0.0370144248,0.0619918779,0.0099200141,0.071708329,0.0099200141,0.3086746037
img_03739.jpg,0.0097770933,0.0096269371,0.0107386746,0.0096269371,0.0096269371,0.0096269371,0.0096269371,0.9313495755
img_03749.jpg,0.8924568892,0.0095986668,0.0095986668,0.0095986668,0.0095986668,0.0095986668,0.0095986668,0.0499511547
img_03750.jpg,0.4554797709,0.0248194858,0.0309926495,0.0343261249,0.0099171707,0.0443100631,0.0099171707,0.3902375102
img_03760.jpg,0.598577857,0.009728061,0.009728061,0.0143136689,0.009728061,0.0706308708,0.009728061,0.2775653005
img_03764.jpg,0.8478166461,0.0262970161,0.009720875,0.009720875,0.009720875,0.009720875,0.009720875,0.0772819892
img_03801.jpg,0.7200762033,0.0225959178,0.0221115388,0.0098796515,0.0098796515,0.0314914398,0.0098796515,0.1740859002
img_03805.jpg,0.7197420597,0.0492351279,0.0342512727,0.0563263372,0.0109463204,0.0557938553,0.0099999616,0.0637050197
img_03809.jpg,0.6737875938,0.0902190581,0.0312910415,0.0131928828,0.0099728666,0.051108934,0.0215826631,0.1088449061
img_03825.jpg,0.8654795289,0.0134636834,0.0097575998,0.0097575998,0.0097575998,0.0149462866,0.0097575998,0.0670800656
img_03831.jpg,0.0094717117,0.0094717117,0.0094717117,0.0094717117,0.0094717117,0.0094717117,0.0094717117,0.9336980581
img_03837.jpg,0.8332424164,0.0098957159,0.0156036392,0.0477171838,0.0098913731,0.0388864204,0.0098913731,0.0348718129
img_03847.jpg,0.0656168461,0.4051627517,0.0127846692,0.0228959396,0.0099496599,0.3300639093,0.0785114989,0.0750147328
img_03853.jpg,0.8930971622,0.0227312334,0.00967314,0.00967314,0.00967314,0.0262472965,0.00967314,0.0192318205
img_03866.jpg,0.3382301331,0.1488017142,0.0099090785,0.0148632256,0.0099090785,0.0532746352,0.0128682815,0.4121437669
img_03869.jpg,0.923822701,0.0146635948,0.0096875224,0.0096875224,0.0096875224,0.0122398892,0.0096875224,0.0105237281
img_03886.jpg,0.6462218165,0.0200528353,0.0262780637,0.0161424372,0.009961444,0.0212090146,0.0230079647,0.2371263504
img_03891.jpg,0.5790790319,0.3406591117,0.0097224927,0.019769825,0.0097224927,0.0216021053,0.0097224927,0.0097224927
img_03896.jpg,0.4116252959,0.1766507477,0.0344402939,0.0357482806,0.0107227303,0.168243736,0.0200142693,0.1425547004
img_03928.jpg,0.6223763227,0.0298273638,0.046299465,0.0099027483,0.0099027483,0.08576639,0.1201967448,0.07572826
img_03931.jpg,0.5994480252,0.0768270269,0.0702018738,0.0099214092,0.0099214092,0.0133230733,0.0141713032,0.2061859369
img_03941.jpg,0.4108106792,0.0127206361,0.0891170576,0.0503199883,0.0105193546,0.0251992922,0.0099550122,0.3913579881
img_03942.jpg,0.3754435182,0.4611592591,0.0262237601,0.0472087972,0.0099956989,0.0449460186,0.0101351421,0.0248878151
img_03943.jpg,0.2292750478,0.0366852731,0.0099268723,0.010792084,0.0099268723,0.0348996706,0.0248560719,0.6436380744
img_03952.jpg,0.7587920427,0.081340611,0.0567524508,0.0192408543,0.009914835,0.0170532148,0.009914835,0.0469911508
img_03967.jpg,0.7308908105,0.0975343883,0.014802699,0.0117125977,0.0099501032,0.0680944324,0.0099501032,0.0570648536
img_03974.jpg,0.2282358855,0.0096652824,0.0219745804,0.0096652824,0.0096652824,0.0096652824,0.0096652824,0.7014631629
img_03992.jpg,0.359521687,0.170900777,0.0096755642,0.0096755642,0.0096755642,0.0096755642,0.0096755642,0.4211996794
img_03995.jpg,0.0095394533,0.0258464534,0.0095394533,0.0095394533,0.0095394533,0.0095394533,0.0095394533,0.9169168472
img_03996.jpg,0.6924415827,0.0670379624,0.0097460132,0.0101266522,0.0097460132,0.0097460132,0.0097460132,0.1914096773
img_04001.jpg,0.5051680803,0.0526351482,0.0098520024,0.0098520024,0.0098520024,0.044337023,0.0098520024,0.3584517539
img_04003.jpg,0.5828949213,0.0099547766,0.1196191832,0.0703471303,0.0147998584,0.0322819352,0.0099547766,0.1601474136
img_04004.jpg,0.6053264737,0.0210121125,0.2369054407,0.0142458212,0.0197745617,0.0230923202,0.0266015753,0.0530417003
img_04013.jpg,0.027143456,0.2190042138,0.0160258785,0.1463158727,0.0110343406,0.2564985156,0.0981416479,0.2258360982
img_04015.jpg,0.7910434008,0.0813750774,0.0139717301,0.0153845865,0.0099542104,0.0609357469,0.0099542104,0.0173809621
img_04024.jpg,0.4535017014,0.0338441804,0.069206357,0.0164534133,0.0099719809,0.0467310734,0.0234645121,0.3468267918
img_04036.jpg,0.232905224,0.0292747132,0.0309697222,0.009831747,0.009831747,0.009831747,0.009831747,0.6675233841
img_04073.jpg,0.0517532378,0.3814831972,0.0097733391,0.0847645998,0.0097733391,0.1833401024,0.0097733391,0.2693388164
img_04076.jpg,0.8648652434,0.0253140908,0.0097329393,0.0097329393,0.0097329393,0.0286481883,0.0097329393,0.042240791
img_04101.jpg,0.6928121448,0.0638395995,0.0155967316,0.0099937972,0.0108344927,0.16630961,0.0226843096,0.0179292746
img_04115.jpg,0.6249489188,0.0170848351,0.0341804326,0.0098404549,0.0098404549,0.0275842976,0.0189253353,0.2575953305
img_04118.jpg,0.7786034942,0.0244750232,0.0145849157,0.0099392682,0.0099073676,0.0365023799,0.0099073676,0.11608015
img_04126.jpg,0.41537714,0.0930832997,0.0759735405,0.0198247153,0.0099730249,0.0327864401,0.0302319173,0.3227498829
img_04127.jpg,0.1366670877,0.048027955,0.0098573491,0.0098573491,0.0098573491,0.5368543863,0.0467950478,0.2020834535
img_04128.jpg,0.3232877851,0.5150941014,0.0096967686,0.0096967686,0.0096967686,0.0096967686,0.0096967686,0.1131343096
img_04129.jpg,0.8266240358,0.0528701954,0.0137564503,0.0097480416,0.0097480416,0.0097480416,0.0097480416,0.0677571967
img_04130.jpg,0.8790715337,0.0096546765,0.0192898698,0.0096546765,0.0096546765,0.0096546765,0.0096546765,0.0533651859
img_04145.jpg,0.166321367,0.0390729979,0.0661628246,0.017888302,0.0099741723,0.0484264903,0.026280174,0.6258736253
img_04181.jpg,0.8783146143,0.0124474438,0.0096749663,0.0096749663,0.0096749663,0.0608630851,0.0096749663,0.0096749663
img_04204.jpg,0.198895365,0.0097390339,0.0140065895,0.0097390339,0.0097390339,0.0097390339,0.0097390339,0.7384029031
img_04221.jpg,0.9065784812,0.0315603279,0.0096975332,0.0096975332,0.0096975332,0.0133736311,0.0096975332,0.0096975332
img_04237.jpg,0.4284447134,0.1884382814,0.0451721512,0.0339106433,0.0100919213,0.0233044606,0.0252076238,0.2454302162
img_04240.jpg,0.4541107416,0.0279381573,0.0184506103,0.0099289799,0.0099289799,0.3265712261,0.0701134503,0.0829579309
img_04247.jpg,0.0970206931,0.0184389986,0.0248794314,0.0098718116,0.0098718116,0.0332464539,0.1720440835,0.6346266866
img_04261.jpg,0.9242684245,0.0171207022,0.0096241031,0.0096241031,0.0096241031,0.0096241031,0.0096241031,0.0104903579
img_04263.jpg,0.9063333273,0.0179126486,0.0097550331,0.0097550331,0.0097550331,0.0152153941,0.0097550331,0.0215184875
img_04266.jpg,0.3814004064,0.0404435918,0.0098244296,0.0098244296,0.0098244296,0.3877639771,0.1381039172,0.0228148792
img_04268.jpg,0.1497168541,0.0587389767,0.0368968137,0.0206127241,0.0099275019,0.0300862174,0.0146573186,0.6793635488
img_04272.jpg,0.7622522116,0.0710190684,0.0151712243,0.009772229,0.009772229,0.009772229,0.009772229,0.1124685481
img_04282.jpg,0.3718991578,0.0956874192,0.0098478347,0.0098478347,0.0098478347,0.2609308362,0.0609930381,0.1809460819
img_04306.jpg,0.8821733594,0.0304220654,0.0266055893,0.0097087212,0.0097087212,0.0097087212,0.0097087212,0.0219641495
img_04310.jpg,0.5268104076,0.1842699051,0.0849850029,0.0159850959,0.0099910293,0.0949435607,0.0532692373,0.0297457837
img_04341.jpg,0.9220770597,0.0096568428,0.0096568428,0.0096568428,0.0096568428,0.0126177911,0.0096568428,0.0170209911
img_04370.jpg,0.2058902681,0.2991442382,0.0413430259,0.2444916666,0.0425053276,0.0315693989,0.0228590202,0.1121970117
img_04382.jpg,0.0098433625,0.0261365175,0.151951313,0.0398506783,0.0098433625,0.0194668137,0.0098433625,0.7330646515
img_04390.jpg,0.0540137105,0.1053268239,0.1208957434,0.0098385848,0.0098385848,0.034914609,0.0098385848,0.6553334594
img_04405.jpg,0.0864365622,0.0233563166,0.0239942167,0.0098169828,0.0098169828,0.0098169828,0.0162222404,0.8205397725
img_04408.jpg,0.8827671409,0.0602519847,0.0094968248,0.0094968248,0.0094968248,0.0094968248,0.0094968248,0.0094968248
img_04410.jpg,0.607224524,0.0351497568,0.0495602749,0.0363790207,0.0170917101,0.0809096768,0.0099875107,0.1636974365
img_04415.jpg,0.6548306346,0.1215835065,0.0109316967,0.0404384099,0.0101383151,0.1178021207,0.0118405512,0.032434769
img_04422.jpg,0.618555367,0.1934170425,0.0148892114,0.0097392714,0.0097392714,0.0113326665,0.0097392714,0.1325878501
img_04425.jpg,0.707516849,0.1364462972,0.0097877271,0.0216270983,0.0097877271,0.0097877271,0.0097877271,0.0952588469
img_04427.jpg,0.6644237041,0.0097362883,0.0260088518,0.0097362883,0.0097362883,0.0097362883,0.0097362883,0.2608859837
img_04432.jpg,0.9338622689,0.0094482563,0.0094482563,0.0094482563,0.0094482563,0.0094482563,0.0094482563,0.0094482563
img_04461.jpg,0.7859281302,0.012078302,0.0491382256,0.0684627369,0.0164663363,0.0106214276,0.0099389255,0.0473658182
img_04476.jpg,0.4505674839,0.0251233838,0.0258615147,0.0472739749,0.009947096,0.0668740198,0.0205765646,0.3537760079
img_04478.jpg,0.402040571,0.2065820694,0.0196764711,0.0481211431,0.0123992059,0.2407417893,0.0150721716,0.0553666167
img_04479.jpg,0.3997783363,0.0097689796,0.0780210644,0.0097689796,0.0097689796,0.3887565434,0.0097689796,0.0943681821
img_04482.jpg,0.8579229712,0.0768417493,0.0096682571,0.0096682571,0.0096682571,0.0168940406,0.0096682571,0.0096682571
img_04496.jpg,0.6209600568,0.1272296011,0.0220686477,0.0099134902,0.0099134902,0.0761995316,0.0186983254,0.1150167882
img_04507.jpg,0.0095093148,0.0095093148,0.0095093148,0.0095093148,0.0095093148,0.0095093148,0.0095093148,0.933434844
img_04511.jpg,0.3699414134,0.0496370085,0.0313783512,0.0099698622,0.012798572,0.4686498046,0.0174318124,0.0401931293
img_04532.jpg,0.0333682112,0.2273512781,0.0222869311,0.0661098436,0.0098892674,0.3626104593,0.0098892674,0.268494755
img_04546.jpg,0.0317769498,0.0195129625,0.030325545,0.0098042712,0.0098042712,0.0098042712,0.012545757,0.8764259815
img_04554.jpg,0.7267145514,0.1188577712,0.0097906096,0.0097906096,0.0097906096,0.0097906096,0.0097906096,0.1054746434
img_04559.jpg,0.0904092118,0.2406103909,0.3604696393,0.0243761782,0.0139599489,0.0957641602,0.0650719181,0.1093385294
img_04562.jpg,0.0094339624,0.0094339624,0.0094339624,0.0094339624,0.0094339624,0.0094339624,0.0094339624,0.9339623451
img_04563.jpg,0.6991732717,0.0262780339,0.0353955626,0.0152068799,0.0098728333,0.0237175226,0.0098728333,0.1804830432
img_04586.jpg,0.4907121658,0.0448741466,0.009882004,0.009882004,0.009882004,0.2264669538,0.0143748168,0.1939259321
img_04624.jpg,0.0395363793,0.1510573179,0.0275229253,0.132684499,0.0098892916,0.4099549055,0.0098892916,0.2194654644
img_04629.jpg,0.8524832726,0.0096650142,0.011386211,0.0096650142,0.0096650142,0.0116767446,0.0096650142,0.0857937858
img_04640.jpg,0.2586974502,0.014654981,0.05452298,0.009871453,0.009871453,0.0496743433,0.0189135373,0.5837937593
img_04647.jpg,0.9338941574,0.0094436938,0.0094436938,0.0094436938,0.0094436938,0.0094436938,0.0094436938,0.0094436938
img_04657.jpg,0.4450266957,0.2124361545,0.1538730562,0.0250771828,0.0099649765,0.1242335886,0.0099649765,0.019423414
img_04661.jpg,0.4108223617,0.1770082712,0.0432811268,0.1310346127,0.0256328881,0.1699864864,0.0127016911,0.0295325499
img_04671.jpg,0.4324443638,0.0417592339,0.0577823743,0.0159838982,0.0099789882,0.0703384802,0.0305830594,0.341129601
img_04675.jpg,0.0097634578,0.0097634578,0.8039849997,0.0097634578,0.0097634578,0.0110529829,0.0097634578,0.1361447573
img_04696.jpg,0.9338497519,0.0094500445,0.0094500445,0.0094500445,0.0094500445,0.0094500445,0.0094500445,0.0094500445
img_04705.jpg,0.045362249,0.0707978159,0.2088202387,0.0098373853,0.0098373853,0.010385219,0.0098373853,0.6351223588
img_04712.jpg,0.0096785389,0.0096785389,0.283054322,0.0096785389,0.0096785389,0.0096785389,0.0130974315,0.6554555297
img_04752.jpg,0.322948724,0.034046974,0.0468929559,0.1678856909,0.0200486332,0.1184766591,0.0394529849,0.2502473891
img_04757.jpg,0.2897717953,0.063442573,0.1239203066,0.0203829184,0.0099942433,0.0553103685,0.0461240783,0.3910536766
img_04766.jpg,0.8009331226,0.0097523769,0.0128259305,0.0097523769,0.0097523769,0.0227024965,0.0097523769,0.124528937
img_04814.jpg,0.0258493219,0.0098981028,0.8297824264,0.0146978721,0.0098981028,0.0098981028,0.02233853,0.0776375756
img_04856.jpg,0.4332371056,0.1592160016,0.0276419502,0.0099187,0.0099187,0.0397075713,0.0358855985,0.2844743133
img_04860.jpg,0.7088266015,0.0227189083,0.0266519841,0.0210086387,0.0099860886,0.0758832544,0.010117704,0.1248067543
img_04872.jpg,0.6555285454,0.1015995145,0.0201886222,0.0144216632,0.0099446056,0.1695992202,0.0099446056,0.0187731795
img_04879.jpg,0.0267596226,0.2036470026,0.0144266943,0.0122350529,0.0099151572,0.6060207486,0.0256274324,0.10136839
img_04888.jpg,0.7392604947,0.0138774561,0.0282213371,0.0099407556,0.0099407556,0.0218418818,0.0156961661,0.1612211019
img_04921.jpg,0.5305927992,0.0137407472,0.0495698825,0.0098782647,0.0098782647,0.2616716027,0.0223553143,0.1023131758
img_04962.jpg,0.0094339624,0.0094339624,0.0094339624,0.0094339624,0.0094339624,0.0094339624,0.0094339624,0.9339623451
img_04975.jpg,0.7802912593,0.0170908682,0.0226270836,0.0104093431,0.0098925689,0.0165604092,0.0098925689,0.1332358718
img_04990.jpg,0.1851132661,0.0230945293,0.0138987396,0.0098925531,0.0098925531,0.0105460221,0.0098925531,0.7376698256
img_05015.jpg,0.0304691494,0.77684623,0.0097450009,0.0681033507,0.0097450009,0.0097450009,0.0097450009,0.0856013
img_05026.jpg,0.728836,0.0182501543,0.015686024,0.0185830835,0.0110109719,0.0514846742,0.0398360863,0.1163130477
img_05030.jpg,0.3369731605,0.0787863284,0.0098486068,0.0098486068,0.0098486068,0.2887612879,0.0704781413,0.195455268
img_05038.jpg,0.7540762424,0.0173666105,0.0098742964,0.0098742964,0.0098742964,0.0879240334,0.0174183305,0.093591854
img_05046.jpg,0.3696621656,0.0096813776,0.0096813776,0.0096813776,0.0096813776,0.0096813776,0.0096813776,0.5722495317
img_05055.jpg,0.1191890091,0.0095649976,0.0258041173,0.0095649976,0.0095649976,0.0095649976,0.0095649976,0.8071818948
img_05064.jpg,0.7811427116,0.0359436944,0.0324663557,0.0172407553,0.0099739525,0.0597706735,0.0132679138,0.050193917
img_05068.jpg,0.6814115047,0.0734813586,0.0095611522,0.0095611522,0.0095611522,0.0095611522,0.0095611522,0.1973014176
img_05076.jpg,0.0540837161,0.0370550826,0.0309400093,0.0098673683,0.0098673683,0.0454316325,0.0158473365,0.7969074249
img_05078.jpg,0.044702094,0.0245489236,0.6063221097,0.0098912911,0.0098912911,0.0360548422,0.0722405612,0.1963488758
img_05084.jpg,0.5538901091,0.0157113839,0.040578343,0.0097894417,0.0097894417,0.0097894417,0.0097894417,0.3506622911
img_05087.jpg,0.907910645,0.0251044463,0.0155248046,0.0097401245,0.0097401245,0.0097401245,0.0097401245,0.0124996053
img_05095.jpg,0.6590979099,0.0505658537,0.0096440744,0.0096440744,0.0096440744,0.0096440744,0.0096440744,0.2421158701
img_05119.jpg,0.6229976416,0.048713062,0.0239237007,0.0425605699,0.0099795815,0.1338396072,0.012502037,0.1054838151
img_05137.jpg,0.7901009321,0.0174648128,0.0153987249,0.0098743634,0.0098743634,0.091729641,0.0114440853,0.0541131124
img_05147.jpg,0.0434444286,0.7135123611,0.0097946059,0.1279319674,0.0097946059,0.0097946059,0.0097946059,0.075932771
img_05185.jpg,0.5463168621,0.0169704314,0.0384099111,0.0098952055,0.0098952055,0.0098952055,0.0173344128,0.3512827754
img_05192.jpg,0.1181390807,0.0097489646,0.032473743,0.0097489646,0.0097489646,0.0097489646,0.0097489646,0.8006423712
img_05210.jpg,0.8496853709,0.0097202538,0.0304985829,0.0327523276,0.0097202538,0.0097202538,0.0097202538,0.048182711
img_05211.jpg,0.8447057605,0.0166284963,0.0097413119,0.0097413119,0.0097413119,0.0097413119,0.0097413119,0.0899592862
img_05241.jpg,0.6031355858,0.0138344932,0.0667115226,0.0215582568,0.0190158244,0.1088288948,0.0236780159,0.1432374418
img_05244.jpg,0.7004485726,0.0736001283,0.0203916226,0.0136642056,0.0099640507,0.0344703943,0.0140267164,0.1334344
img_05251.jpg,0.4835008085,0.0604268461,0.0143829687,0.0098664854,0.0098664854,0.113258481,0.0647638962,0.2439340651
img_05253.jpg,0.0095716966,0.0118736802,0.0095716966,0.0095716966,0.0095716966,0.0095716966,0.0095716966,0.9306961298
img_05260.jpg,0.7158619165,0.0331244282,0.0171994641,0.0098533034,0.0098533034,0.157436654,0.0111819105,0.0454889908
img_05268.jpg,0.466272682,0.0307361055,0.0590321608,0.0099094799,0.0099094799,0.0865408108,0.0099094799,0.3276898265
img_05269.jpg,0.702203691,0.0096324086,0.0442733727,0.0096324086,0.0096324086,0.0096324086,0.0096324086,0.2053609043
img_05273.jpg,0.6813339591,0.0236550421,0.1833142787,0.0099895773,0.0135652125,0.0268680025,0.0189315788,0.0423422977
img_05284.jpg,0.4964855313,0.1535978913,0.0098073743,0.0098073743,0.0098073743,0.040211197,0.0106893983,0.2695938051
img_05292.jpg,0.135604158,0.0149122737,0.0098365024,0.0098365024,0.0098365024,0.1100460738,0.0267757569,0.6831522584
img_05293.jpg,0.0571874492,0.2053830177,0.0151928123,0.0665293336,0.0098678982,0.2151782662,0.0098678982,0.4207933545
img_05322.jpg,0.3521355689,0.0807014629,0.0149271376,0.0215958357,0.0160866734,0.1154223233,0.0195656009,0.3795654178
img_05328.jpg,0.6448158622,0.0544649474,0.0279956572,0.0158630628,0.0099450117,0.0357997902,0.0189099126,0.1922057122
img_05336.jpg,0.6661407351,0.1097272262,0.0098081082,0.0643725619,0.0098081082,0.0146915996,0.0098081082,0.1156435683
img_05341.jpg,0.4612845778,0.2337241322,0.0330833793,0.0246431008,0.0099383295,0.1882580072,0.0099383295,0.0391302109
img_05349.jpg,0.086830385,0.0800594166,0.0717885792,0.009855344,0.009855344,0.0136535708,0.0518786795,0.6760787368
img_05359.jpg,0.3091145158,0.0190221667,0.0192692019,0.0098367771,0.0098367771,0.095049262,0.031022381,0.5068489313
img_05378.jpg,0.9134392142,0.0138524836,0.0124280555,0.0096495282,0.0096495282,0.0096495282,0.0096495282,0.0216821842
img_05393.jpg,0.3226916492,0.0377359986,0.0097134281,0.0097134281,0.0097134281,0.0366012901,0.0097134281,0.5641174316
img_05410.jpg,0.0118629262,0.0096831592,0.0112813879,0.0096831592,0.0096831592,0.0096831592,0.0096831592,0.9284399748
img_05426.jpg,0.0101056295,0.7899537086,0.0097098583,0.1084231362,0.0097098583,0.0097098583,0.0097098583,0.0526781194
img_05433.jpg,0.2668876648,0.0347907878,0.0908419862,0.0251956824,0.0116583034,0.0976099744,0.0408397838,0.4321758449
img_05438.jpg,0.5374498963,0.1286127418,0.0212692786,0.0170921069,0.0099721989,0.2412797511,0.0174310338,0.0268930066
img_05439.jpg,0.6610609889,0.0273202658,0.0224636607,0.0202839132,0.0099124769,0.0380553231,0.0099124769,0.2109908611
img_05440.jpg,0.3739821613,0.0746988431,0.1123597696,0.0325484425,0.0132122645,0.2454672456,0.0257658642,0.1219654009
img_05445.jpg,0.6782204509,0.0191382691,0.023077691,0.0241575055,0.0099250264,0.0604609326,0.0099250264,0.1750950962
img_05459.jpg,0.5728710294,0.1264019012,0.015321495,0.0098360311,0.0098360311,0.0327109806,0.0098360311,0.2231864333
img_05463.jpg,0.4588936567,0.0111026652,0.0257990472,0.0099150511,0.0099150511,0.1050048396,0.0412527621,0.338116914
img_05471.jpg,0.165317148,0.0454262309,0.0129931923,0.0111818481,0.0099292006,0.4311831892,0.0255987216,0.2983705401
img_05479.jpg,0.6151682734,0.0204175729,0.036108382,0.0316382535,0.0108552463,0.0819389448,0.0099582551,0.1939150989
img_05488.jpg,0.5422776341,0.1299898624,0.0098384405,0.0098384405,0.0098384405,0.0547664128,0.0169356223,0.2265151888
img_05489.jpg,0.8066610694,0.092449151,0.0109728538,0.0097523751,0.0097523751,0.0144434851,0.0097523751,0.0462163799
img_05492.jpg,0.0096794236,0.0271789078,0.1056531891,0.0140347602,0.0096794236,0.0096794236,0.0096794236,0.8144154549
img_05516.jpg,0.3684804738,0.0528331175,0.0539537147,0.0131608779,0.009944763,0.0227264613,0.0328895114,0.4460110962
img_05520.jpg,0.2636398375,0.0400957987,0.0098721897,0.0098721897,0.0226695631,0.258921653,0.3607080877,0.0342206508
img_05525.jpg,0.7826564908,0.010975033,0.0101784049,0.0097550824,0.0097550824,0.0187365469,0.0097550824,0.1481882781
img_05539.jpg,0.4483772516,0.0099932356,0.0478795432,0.0322216824,0.0195169803,0.1450971961,0.0216380041,0.2752761245
img_05548.jpg,0.7598769665,0.164032802,0.0097991163,0.0234437585,0.0097991163,0.013449993,0.0097991163,0.0097991163
img_05558.jpg,0.539839685,0.03146917,0.0306848548,0.0099348733,0.0099348733,0.0215943642,0.0138677508,0.3426743448
img_05563.jpg,0.44486022,0.1471189559,0.0458782054,0.2631764412,0.0191028062,0.0566462725,0.0099594072,0.0132576274
img_05568.jpg,0.2776009738,0.0097216656,0.0307237338,0.0097216656,0.0097216656,0.0287127458,0.0097216656,0.6240758896
img_05572.jpg,0.453251332,0.0397304222,0.0217986889,0.0112340646,0.0098947175,0.0098947175,0.0098947175,0.4443013668
img_05580.jpg,0.1883670092,0.0377956331,0.0437317863,0.0098618232,0.0098618232,0.0188109726,0.0151626393,0.6764082909
img_05584.jpg,0.5700792074,0.0979333818,0.0949803293,0.0161894709,0.0137775019,0.111548841,0.0424719378,0.0530192964
img_05595.jpg,0.7820011377,0.009743847,0.0177882388,0.009743847,0.009743847,0.0326980799,0.009743847,0.1285371035
img_05603.jpg,0.6983191967,0.1337261498,0.0518916957,0.0269554853,0.0107032135,0.0291800853,0.0108774146,0.0383468121
img_05612.jpg,0.5710637569,0.0156625118,0.1984614134,0.0275365263,0.0136004817,0.0386057347,0.0420382321,0.0930314362
img_05613.jpg,0.0754783675,0.0277451575,0.0258191545,0.0098792948,0.0098792948,0.0321993455,0.0214336962,0.7975657582
img_05615.jpg,0.5759513974,0.0149493543,0.0392729007,0.0096841529,0.0096841529,0.0096841529,0.0096841529,0.3310897052
img_05623.jpg,0.72591573,0.1577268541,0.0127981463,0.0271456446,0.0098540997,0.0186331198,0.0098540997,0.0380723514
img_05640.jpg,0.8360795379,0.0484903529,0.0193837192,0.0098100826,0.0098100826,0.0098100826,0.0098100826,0.0568059906
img_05653.jpg,0.1513920128,0.0786640942,0.0630291924,0.0234879162,0.0224404708,0.0159912426,0.2416590899,0.4033359885
img_05654.jpg,0.6648879647,0.0778072476,0.0098182773,0.114614293,0.0098182773,0.0321415178,0.0098182773,0.0810941458
img_05657.jpg,0.0585450046,0.0662738308,0.0150074121,0.0097777573,0.0097777573,0.0219293386,0.0097777573,0.8089112043
img_05672.jpg,0.1468773335,0.1369364858,0.0283191074,0.0933453813,0.0099234348,0.2718722522,0.0099234348,0.3028025627
img_05682.jpg,0.5755107403,0.0208169613,0.0203601141,0.0098408796,0.0098408796,0.1928375065,0.0468583256,0.1239346117
img_05719.jpg,0.0094339624,0.0094339624,0.0094339624,0.0094339624,0.0094339624,0.0094339624,0.0094339624,0.9339623451
img_05722.jpg,0.1118683442,0.0135110803,0.0580037534,0.0098624909,0.0098624909,0.0498302057,0.2313139886,0.5157476068
img_05724.jpg,0.6786410809,0.0486417115,0.0552340597,0.0227590967,0.0121453069,0.0982683674,0.0135214841,0.0707889572
img_05735.jpg,0.5910928845,0.0354765356,0.0157598015,0.0112641053,0.0118523166,0.203908816,0.0602088831,0.070436731
img_05740.jpg,0.4004660845,0.0654354915,0.1762481928,0.0605309494,0.0130658504,0.2050358951,0.0157096665,0.0635079071
img_05743.jpg,0.492435813,0.0099912919,0.0739885196,0.0320209898,0.0222188383,0.0984003171,0.0196168236,0.2513273358
img_05754.jpg,0.548353076,0.0110133309,0.0472528823,0.0098406468,0.0098406468,0.2818447053,0.0098406468,0.0820141137
img_05755.jpg,0.7712759972,0.0097204102,0.0097204102,0.0097204102,0.0097204102,0.047034923,0.0097204102,0.1330870241
img_05766.jpg,0.2492182106,0.0965053216,0.0096892267,0.0096892267,0.0096892267,0.0096892267,0.0096892267,0.6058303714
img_05768.jpg,0.2732463181,0.0291472618,0.0380008817,0.0098705022,0.0098705022,0.0098705022,0.0140944077,0.6158996224
img_05775.jpg,0.580773592,0.1661356837,0.0206811205,0.0568008535,0.009885163,0.009885163,0.009885163,0.1459532529
img_05790.jpg,0.843188107,0.0099092675,0.0266244691,0.0187509563,0.0099092675,0.0325116888,0.0099092675,0.0491969809
img_05792.jpg,0.1496530473,0.0279771015,0.0312158186,0.0294226445,0.0099322218,0.0151158227,0.012942804,0.7237405777
img_05794.jpg,0.8303558826,0.0253851097,0.009820329,0.009820329,0.009820329,0.0764433742,0.0109111434,0.0274436213
img_05805.jpg,0.7663506866,0.0305340923,0.0140138576,0.0122629944,0.0098775523,0.1301598698,0.0098775523,0.0269233882
img_05813.jpg,0.0663803741,0.1422685534,0.0197253209,0.0201024208,0.0097680269,0.0097680269,0.0097680269,0.722219348
img_05817.jpg,0.1450017989,0.0454895683,0.0126009043,0.013546994,0.0099629713,0.4171344936,0.0911305919,0.2651326656
img_05828.jpg,0.9327937961,0.0096008889,0.0096008889,0.0096008889,0.0096008889,0.0096008889,0.0096008889,0.0096008889
img_05835.jpg,0.8712701797,0.0543700866,0.0097823292,0.0097823292,0.0097823292,0.0182378236,0.0097823292,0.0169925615
img_05838.jpg,0.6132714152,0.1246112362,0.0099548548,0.0314282961,0.0099548548,0.1553328186,0.0158676449,0.0395788923
img_05857.jpg,0.5250121355,0.1387685686,0.0146592259,0.0806994662,0.0101778675,0.1410211623,0.0099765742,0.0796850026
img_05879.jpg,0.6789042354,0.0296781473,0.0235577654,0.0197125543,0.009927324,0.0839719251,0.009927324,0.1443207711
img_05896.jpg,0.6920229793,0.2114199996,0.0100350576,0.0162965693,0.0098340819,0.0286303125,0.0098340819,0.0219269954
img_05915.jpg,0.0111035323,0.0389323197,0.0235731173,0.0098159034,0.0098159034,0.0098159034,0.0098159034,0.8871273994
img_05916.jpg,0.7442085147,0.0095850863,0.0261514746,0.0095850863,0.0095850863,0.0095850863,0.0095850863,0.1817146242
img_05922.jpg,0.6989066005,0.1020985469,0.0321894102,0.0278803464,0.0098953042,0.0154521819,0.0098953042,0.1036822572
img_05927.jpg,0.6424131393,0.1213566735,0.0573483706,0.0319290496,0.0143078575,0.0409226976,0.0140143894,0.0777078867
img_05948.jpg,0.4050683975,0.0186904836,0.0117683886,0.0106903184,0.0098188156,0.0139243724,0.0098188156,0.5202204585
img_05950.jpg,0.7788822651,0.0303939488,0.0175325684,0.0096842861,0.0096842861,0.0096842861,0.0096842861,0.1344540566
img_05953.jpg,0.5260160565,0.0424639024,0.0775073916,0.0099790832,0.0271141045,0.1626653373,0.1136415079,0.0406126194
img_05958.jpg,0.0094636306,0.0094636306,0.0094636306,0.0094636306,0.0094636306,0.0094636306,0.0094636306,0.9337545633
img_05960.jpg,0.2289415896,0.021119846,0.010041344,0.0098363934,0.0098363934,0.011456091,0.0164853223,0.6922830939
img_05967.jpg,0.2023454607,0.3303062022,0.0098343259,0.0194331147,0.0098343259,0.0098343259,0.0098343259,0.4085778892
img_05976.jpg,0.166500181,0.0353255793,0.0144707169,0.0099164704,0.0099164704,0.4865589738,0.0624035671,0.2149080485
img_05981.jpg,0.4081775546,0.010947993,0.0182021968,0.0099066459,0.0109661939,0.4811781049,0.0385635048,0.0220577959
img_05989.jpg,0.5326288342,0.0273643676,0.0571443662,0.0406520553,0.0221072864,0.0487197526,0.0245596673,0.2468237132
img_06001.jpg,0.8103222251,0.0642574131,0.0343508124,0.0277334861,0.0099449214,0.0232335925,0.0099449214,0.0202125888
img_06003.jpg,0.5897458792,0.0837381557,0.0300410651,0.0139726652,0.0098757669,0.0157330725,0.0098757669,0.247017622
img_06021.jpg,0.0096898396,0.0474294126,0.6272238493,0.0096898396,0.0096898396,0.0096898396,0.0096898396,0.2768976092
img_06033.jpg,0.0821290612,0.1526673734,0.4196197093,0.0097934017,0.0097934017,0.0216042362,0.0097934017,0.2945993841
img_06037.jpg,0.8014698625,0.0149934897,0.026439907,0.00988949,0.00988949,0.00988949,0.0124657936,0.1149624363
img_06038.jpg,0.3912912607,0.0549134687,0.0415772982,0.0099110967,0.0099110967,0.0924070105,0.0174685773,0.3825201988
img_06042.jpg,0.6312754154,0.0098783979,0.0234462563,0.0097612841,0.0097612841,0.0097612841,0.0097612841,0.2963548005
img_06065.jpg,0.4019550085,0.0252614859,0.0340894647,0.0098665943,0.0098665943,0.0588820986,0.0219453052,0.4381333888
img_06067.jpg,0.0097824279,0.0111989276,0.6266236305,0.0097824279,0.0271552894,0.0097824279,0.0097824279,0.295892477
img_06076.jpg,0.7769290209,0.136487335,0.0096119558,0.0096119558,0.0096119558,0.0096119558,0.0096119558,0.0385238938
img_06097.jpg,0.0948104858,0.0491260476,0.0174049716,0.0097776568,0.0097776568,0.0499836691,0.0097776568,0.7593418956
img_06099.jpg,0.1545385867,0.0098127173,0.0396532007,0.0098127173,0.0098127173,0.021250749,0.0098127173,0.7453066707
img_06137.jpg,0.0097241793,0.0662907213,0.0287901554,0.0097241793,0.0097241793,0.0097241793,0.0097241793,0.8562982082
img_06144.jpg,0.0298262723,0.0189071801,0.1822346151,0.0253494661,0.0102970013,0.1068123281,0.0674186125,0.5591545701
img_06165.jpg,0.0097101303,0.0097101303,0.0509442315,0.0097101303,0.0097101303,0.0097101303,0.0097101303,0.8907950521
img_06174.jpg,0.514980495,0.2576270401,0.0227257162,0.1107450053,0.0150540685,0.0427004658,0.0099800443,0.0261872131
img_06186.jpg,0.6722934246,0.0863082185,0.017125845,0.0208405461,0.0099514127,0.1046856269,0.0109233689,0.0778715685
img_06189.jpg,0.4860325158,0.1855444312,0.0098875696,0.0660248399,0.0098875696,0.0659917369,0.0098875696,0.1667437106
img_06203.jpg,0.6385593414,0.0403676964,0.0278091524,0.0099439146,0.0099439146,0.1116150767,0.03698387,0.1247770861
img_06210.jpg,0.221973747,0.0213812944,0.0271921121,0.0098540159,0.0098540159,0.0580425225,0.0441827551,0.607519567
img_06211.jpg,0.0679599941,0.2550920844,0.0184788667,0.0371819735,0.0102757178,0.0529326238,0.0403675698,0.5177111626
img_06237.jpg,0.6559403539,0.0848682299,0.0500735976,0.0677950829,0.0185468271,0.0701764449,0.0140328091,0.038566649
img_06259.jpg,0.0095803114,0.01478054,0.0095803114,0.0095803114,0.0095803114,0.0095803114,0.0095803114,0.9277375937
img_06261.jpg,0.1893438697,0.0776497796,0.0241827182,0.0162510835,0.0099283662,0.0310814623,0.0237558875,0.6278067827
img_06268.jpg,0.1663950533,0.0289496277,0.0199034624,0.0098768696,0.0098768696,0.0548001416,0.0144966887,0.6957012415
img_06273.jpg,0.81501019,0.0579377078,0.0253798049,0.0098030008,0.0098030008,0.0327548608,0.0098030008,0.0395084582
img_06285.jpg,0.036612723,0.0297096241,0.0439225808,0.0098355031,0.0098355031,0.0419348255,0.0234437399,0.804705441
img_06294.jpg,0.3224536181,0.3339873552,0.0199289769,0.0201178715,0.0099711483,0.1858268827,0.0388411172,0.0688730478
img_06302.jpg,0.6605024934,0.0099572493,0.0384745859,0.0433664769,0.0108826272,0.0867620185,0.0135992467,0.1364553422
img_06311.jpg,0.4448880851,0.0554239452,0.050903894,0.0381156839,0.0500474796,0.260124296,0.048904907,0.0515917391
img_06318.jpg,0.6690877676,0.0321125537,0.0159740727,0.021937605,0.0099439817,0.0842565,0.0295043364,0.1371831447
img_06321.jpg,0.2015646994,0.0096750027,0.0157833975,0.0096750027,0.0096750027,0.0096750027,0.0096750027,0.7342768908
img_06324.jpg,0.0793721005,0.0693171844,0.0194085333,0.0565926917,0.009925101,0.009925101,0.0350885354,0.7203707695
img_06332.jpg,0.3933846056,0.0805004165,0.0699797571,0.0099105388,0.0099105388,0.0201677121,0.0922402516,0.323906213
img_06345.jpg,0.3619277179,0.0095959939,0.0136230495,0.0095959939,0.0095959939,0.0095959939,0.0095959939,0.5764693022
img_06371.jpg,0.145305112,0.6995301247,0.0329077654,0.0099337325,0.0099337325,0.0192844216,0.0485832058,0.0345218591
img_06412.jpg,0.4568334222,0.0111363372,0.0191347878,0.009838257,0.009838257,0.0186604112,0.0137127647,0.4608457088
img_06455.jpg,0.024234686,0.1996386051,0.0098555796,0.0156083386,0.0098555796,0.061265599,0.010617963,0.6689236164
img_06469.jpg,0.4335227311,0.0542893857,0.0099305287,0.0157285742,0.0099305287,0.1613825709,0.011184209,0.3040315509
img_06475.jpg,0.5018928647,0.0387193337,0.0122320596,0.0127392262,0.0097528379,0.0097528379,0.0097528379,0.4051579833
img_06477.jpg,0.4271396101,0.0097590182,0.0502602682,0.0097590182,0.0097590182,0.0097590182,0.0097590182,0.4738050103
img_06496.jpg,0.6718662381,0.0731109902,0.0308711361,0.0404939614,0.0120095573,0.1126570553,0.0099997753,0.0489912629
img_06506.jpg,0.4330346584,0.0227680672,0.009662196,0.009662196,0.009662196,0.009662196,0.009662196,0.4958863258
img_06510.jpg,0.2707731128,0.3602600694,0.1306301951,0.0099666696,0.0134799005,0.057958819,0.1338216513,0.0231095143
img_06521.jpg,0.3070284128,0.1124260947,0.0191786271,0.018934058,0.0099222139,0.1543049514,0.0214891825,0.3567164838
img_06522.jpg,0.4552524984,0.0181939173,0.0315423831,0.0097958483,0.0097958483,0.0097958483,0.0097958483,0.4558278918
img_06525.jpg,0.4472101629,0.1709958315,0.1414130628,0.0098892525,0.0098892525,0.2008239925,0.0098892525,0.0098892525
img_06549.jpg,0.806999743,0.1019073799,0.0098138908,0.0098138908,0.0098138908,0.038260974,0.0098138908,0.0135763623
img_06555.jpg,0.580413878,0.203533873,0.0381097607,0.0130705955,0.0098653436,0.1342928559,0.0098653436,0.0108483406
img_06564.jpg,0.6736733317,0.2095291466,0.0128533347,0.0237574559,0.0098399706,0.0263269953,0.0098399706,0.0341797471
img_06571.jpg,0.3328028619,0.3569218516,0.0193323996,0.0852211937,0.0130603509,0.0612612814,0.0099369623,0.1214630455
img_06611.jpg,0.0094781583,0.0094781583,0.0094781583,0.0094781583,0.0094781583,0.0094781583,0.0094781583,0.9336528778
img_06614.jpg,0.2854768336,0.0250702444,0.040072266,0.225359112,0.0192119963,0.0754542127,0.0247913823,0.3045639694
img_06616.jpg,0.1140750945,0.0133876773,0.0422481038,0.0165368021,0.0099803936,0.0151631692,0.0337505676,0.7548581958
img_06630.jpg,0.103026621,0.02734657,0.0136366645,0.0098373489,0.0098373489,0.0098373489,0.0309277773,0.7955502868
img_06642.jpg,0.0808670446,0.0202710591,0.0177984498,0.0098420298,0.0098420298,0.0739074945,0.0098420298,0.7776298523
img_06646.jpg,0.0262427647,0.0499367565,0.0097756833,0.0097756833,0.0097756833,0.0097756833,0.0097756833,0.8749420643
img_06658.jpg,0.1073513255,0.0627498701,0.0133834109,0.009926877,0.009926877,0.5133484006,0.096468702,0.1868445277
img_06663.jpg,0.0668746382,0.6243773103,0.0098210815,0.1852047145,0.0112395743,0.0098210815,0.0098210815,0.0828405693
img_06673.jpg,0.3248561025,0.073425144,0.0098413117,0.0098413117,0.0098413117,0.02154289,0.025218837,0.5254330635
img_06681.jpg,0.1655700356,0.0475485548,0.0165864974,0.6373006105,0.0140415477,0.0143062137,0.0099138347,0.0947326571
img_06684.jpg,0.6554864645,0.04336714,0.0144860223,0.0177618153,0.0099886227,0.1866666675,0.0109507991,0.0612924509
img_06698.jpg,0.1679229587,0.0474311113,0.0680018291,0.0179386735,0.0099786045,0.0708381459,0.0293427985,0.5885459781
img_06732.jpg,0.9191165566,0.0096266242,0.0231236704,0.0096266242,0.0096266242,0.0096266242,0.0096266242,0.0096266242
img_06734.jpg,0.5431061983,0.020950729,0.0096328687,0.0096328687,0.0096328687,0.0096328687,0.0096328687,0.3877787888
img_06748.jpg,0.028775556,0.0210602283,0.0801532865,0.0097598704,0.0097598704,0.0440531261,0.0097598704,0.7966782451
img_06756.jpg,0.7526859641,0.0411380231,0.0594612807,0.0099698678,0.0099698678,0.0471195765,0.0099698678,0.0696855262
img_06780.jpg,0.2697795331,0.2709668577,0.034313269,0.009940383,0.009940383,0.0619588867,0.2031474262,0.1399533451
img_06783.jpg,0.2957699597,0.0741769671,0.0329257622,0.0099159013,0.0099159013,0.0926375985,0.0286646411,0.4559932649
img_06798.jpg,0.6642869711,0.1904462874,0.0098559372,0.0341664404,0.0098559372,0.0485745035,0.0098559372,0.0329579599
img_06806.jpg,0.2668272257,0.0848541558,0.0170766152,0.0292046666,0.0098588178,0.0383597575,0.0098588178,0.5439599156
img_06808.jpg,0.3975446522,0.1508959085,0.0098082358,0.0098082358,0.0098082358,0.0134354187,0.0098082358,0.3988911808
img_06812.jpg,0.2198094577,0.0123154027,0.0096435677,0.0096435677,0.0096435677,0.0096435677,0.0096435677,0.7196572423
img_06831.jpg,0.5021576881,0.4078943133,0.0096213678,0.0096213678,0.0096213678,0.0096213678,0.0096213678,0.0418411344
img_06832.jpg,0.2476875633,0.0615269057,0.0371563137,0.0199075267,0.0098865181,0.0334641747,0.0098865181,0.5804844499
img_06845.jpg,0.201930657,0.2009176463,0.0183283221,0.0098458799,0.0098458799,0.0458869301,0.0161472633,0.4970974624
img_06851.jpg,0.3311664164,0.0372559763,0.0342004336,0.0158888213,0.0101243928,0.0860459059,0.059467569,0.4258504808
img_06870.jpg,0.8018183708,0.0553752296,0.0108058974,0.0124517307,0.0098167779,0.0279171094,0.0098167779,0.0719980597
img_06892.jpg,0.5541305542,0.1778569669,0.0219112951,0.0118497582,0.0099634482,0.082718417,0.0295583718,0.1120111123
img_06893.jpg,0.123561509,0.0294351168,0.0427596085,0.0164547991,0.009961105,0.0288619269,0.0614100844,0.6875557899
img_06909.jpg,0.5398764014,0.0418142155,0.0099272011,0.0147757335,0.0099272011,0.2317408323,0.0118616745,0.1400766671
img_06916.jpg,0.5434912443,0.1652653217,0.0468364134,0.0329055972,0.0098996917,0.0234137755,0.0098996917,0.1682883054
img_06921.jpg,0.7571445107,0.0388893224,0.036929518,0.0098441197,0.0098441197,0.0653302595,0.0107262777,0.0712918714
img_06922.jpg,0.1940132082,0.0779953003,0.0168739818,0.0099051343,0.0099051343,0.0360486396,0.0497343428,0.6055243015
img_06936.jpg,0.930423975,0.0127180265,0.0094763404,0.0094763404,0.0094763404,0.0094763404,0.0094763404,0.0094763404
img_06939.jpg,0.411944896,0.0790871829,0.0926900059,0.0099358633,0.0099358633,0.085617438,0.0447276421,0.2660611272
img_06946.jpg,0.5714626312,0.0874464139,0.0175019298,0.0148489829,0.0101502892,0.0796329007,0.0467584841,0.1721984148
img_06955.jpg,0.7661157846,0.0728048384,0.0478669107,0.0105901072,0.0099691572,0.042718634,0.0274907071,0.0224437993
img_06959.jpg,0.7310898304,0.1306405813,0.0202000067,0.0098769739,0.0098769739,0.0234229174,0.0098769739,0.065015696
img_06966.jpg,0.5377215147,0.010159269,0.0439585969,0.0097112739,0.0097112739,0.0097112739,0.0097112739,0.3693155348
img_06985.jpg,0.562885344,0.0169437211,0.0500887558,0.0099192588,0.0099192588,0.0509337969,0.0263326447,0.2729772329
img_06986.jpg,0.7205101252,0.1189217791,0.0241473671,0.0205611922,0.0098876636,0.0559353493,0.0098876636,0.0401488543
img_07005.jpg,0.6713502407,0.0167148598,0.0097703207,0.0097703207,0.0097703207,0.0580060631,0.0097703207,0.2148475498
img_07023.jpg,0.888751626,0.0130740767,0.0107970648,0.0098018367,0.0098018367,0.0445218757,0.0098018367,0.0134499129
img_07045.jpg,0.6197291613,0.009592114,0.03791558,0.009592114,0.009592114,0.009592114,0.009592114,0.2943946719
img_07050.jpg,0.1286508441,0.4981403947,0.0152331479,0.2347642481,0.0103531899,0.0198998041,0.0099119637,0.0830464363
img_07051.jpg,0.2242846936,0.0561972223,0.0097378977,0.0097378977,0.0097378977,0.0156209478,0.0097378977,0.6649456024
img_07054.jpg,0.1713268608,0.1738614291,0.0321534611,0.0215543602,0.0099680796,0.0383434407,0.0290132016,0.5237791538
img_07060.jpg,0.5848142505,0.0444765128,0.0098663568,0.0534196682,0.0098663568,0.1042792723,0.0098663568,0.1834113449
img_07065.jpg,0.0284292027,0.2333398163,0.0169655066,0.1633955985,0.0135033084,0.1664341688,0.1183670908,0.2595653534
img_07068.jpg,0.1848264635,0.1026439443,0.0259189121,0.0098436214,0.0098436214,0.2561312318,0.1008801535,0.3099120855
img_07084.jpg,0.011239361,0.0519858822,0.0686635822,0.0096844304,0.0096844304,0.0096844304,0.0096844304,0.8293734789
img_07086.jpg,0.3092061579,0.259920001,0.0231327172,0.0290088505,0.0099862879,0.1633267701,0.0509902947,0.1544289589
img_07094.jpg,0.9299004674,0.011852636,0.0096169105,0.0096169105,0.0096169105,0.0101623842,0.0096169105,0.0096169105
img_07103.jpg,0.933873713,0.0094466219,0.0094466219,0.0094466219,0.0094466219,0.0094466219,0.0094466219,0.0094466219
img_07110.jpg,0.8159165978,0.0101956818,0.0606529452,0.0099444101,0.0099444101,0.0311543364,0.011072075,0.0511195436
img_07120.jpg,0.1177538931,0.0493128374,0.0983106643,0.0099055283,0.0099055283,0.0104871085,0.0332188718,0.6711055636
img_07122.jpg,0.7051001787,0.0307880696,0.0277220495,0.0812810883,0.0105949454,0.079598479,0.0099320384,0.0549830869
img_07137.jpg,0.6482005715,0.0097417757,0.0097417757,0.0097417757,0.0097417757,0.0112839611,0.0097417757,0.2918065786
img_07149.jpg,0.482393831,0.1034152135,0.0116032735,0.0124503439,0.0099700773,0.147990942,0.010720036,0.2214562446
img_07157.jpg,0.881270647,0.058787223,0.0113391867,0.0097205937,0.0097205937,0.0097205937,0.0097205937,0.0097205937
img_07173.jpg,0.3175143898,0.0096304128,0.0472209118,0.0096304128,0.0096304128,0.0096304128,0.0096304128,0.5871127248
img_07187.jpg,0.9321808815,0.00968845,0.00968845,0.00968845,0.00968845,0.00968845,0.00968845,0.00968845
img_07188.jpg,0.9331607819,0.0095484722,0.0095484722,0.0095484722,0.0095484722,0.0095484722,0.0095484722,0.0095484722
img_07231.jpg,0.9194223285,0.0096953344,0.0096953344,0.0096953344,0.0096953344,0.0096953344,0.0096953344,0.0224057455
img_07237.jpg,0.6513722539,0.1363923401,0.0120535214,0.0664065033,0.0099068824,0.0592479967,0.0099068824,0.0547135882
img_07251.jpg,0.4352832437,0.0190852787,0.0533336252,0.0262914076,0.009928369,0.009928369,0.0622045845,0.3839451075
img_07278.jpg,0.9068812728,0.0201090742,0.009751468,0.009751468,0.009751468,0.0097537218,0.009751468,0.0242501181
img_07304.jpg,0.7624464035,0.0163878463,0.0828472897,0.0155694066,0.0099256784,0.0153610306,0.0099256784,0.0875366181
img_07314.jpg,0.0407005027,0.0315581709,0.0166116022,0.0099041425,0.0099041425,0.0864970684,0.0099041425,0.7949202061
img_07318.jpg,0.0095417947,0.0095417947,0.0098375389,0.0095417947,0.0095417947,0.0095417947,0.0095417947,0.9329116941
img_07319.jpg,0.2194298655,0.0918524936,0.0116073266,0.0107159065,0.0099068116,0.1936062723,0.0099068116,0.4529745877
img_07330.jpg,0.4550855756,0.0515505187,0.0192858838,0.0099047367,0.0099047367,0.1576719433,0.0442484245,0.2523481548
img_07352.jpg,0.9315795898,0.0096849902,0.0096849902,0.0096849902,0.0096849902,0.0096849902,0.0103104794,0.0096849902
img_07354.jpg,0.8511320353,0.00968925,0.00968925,0.00968925,0.00968925,0.05136168,0.0160031971,0.0427460819
img_07371.jpg,0.0094971787,0.0094971787,0.0094971787,0.0094971787,0.0094971787,0.0094971787,0.0094971787,0.9335197806
img_07375.jpg,0.1855710447,0.0435832813,0.0814609155,0.0169541519,0.0099771302,0.0374328755,0.0514398701,0.5735807419
img_07417.jpg,0.009575625,0.0574423969,0.009575625,0.009575625,0.009575625,0.009575625,0.009575625,0.8851038218
img_07419.jpg,0.0096621066,0.0142739145,0.0138777271,0.0096621066,0.0096621066,0.0096621066,0.0096621066,0.9235378504
img_07420.jpg,0.5332100391,0.1177597269,0.0835056081,0.1730546504,0.0170274284,0.0099475393,0.0099475393,0.0555475317
img_07428.jpg,0.5355655551,0.0933447108,0.0196462516,0.0241635144,0.0098926872,0.0200352166,0.0098926872,0.2874593735
img_07448.jpg,0.7201743126,0.0346051715,0.0415460691,0.0295187514,0.0099625187,0.0235400666,0.0099625187,0.1306905597
img_07467.jpg,0.933844924,0.0094507234,0.0094507234,0.0094507234,0.0094507234,0.0094507234,0.0094507234,0.0094507234
img_07474.jpg,0.7650772333,0.0438894257,0.0393609144,0.0324280597,0.0099095516,0.0528868549,0.0099095516,0.0465384796
img_07501.jpg,0.4027647078,0.0234967396,0.0439383835,0.013704448,0.0098969517,0.0301211216,0.0098969517,0.466180712
img_07505.jpg,0.7650267482,0.0097089773,0.0097089773,0.0097089773,0.0097089773,0.0201807804,0.0097089773,0.1662476361
img_07508.jpg,0.0885502398,0.0531235263,0.0281687863,0.0098135239,0.0098135239,0.0098135239,0.05279864,0.7479183078
img_07528.jpg,0.7062389255,0.0343079381,0.0262182187,0.02043809,0.0300604198,0.0858399868,0.044123996,0.0527724549
img_07538.jpg,0.2943186462,0.0126844924,0.05632364,0.0150412805,0.0099426759,0.0429593921,0.0405408964,0.5281889439
img_07561.jpg,0.1832096726,0.3220385611,0.0408491269,0.0098978067,0.0098978067,0.1148318574,0.0520292521,0.2672458589
img_07563.jpg,0.2826595306,0.0561853275,0.0138635868,0.0099245012,0.0099245012,0.2998363674,0.1184409335,0.2091652602
img_07578.jpg,0.009724848,0.0107083293,0.0377241522,0.009724848,0.009724848,0.009724848,0.009724848,0.9029433727
img_07580.jpg,0.0298083909,0.2136152983,0.0197969135,0.1622022092,0.0111027323,0.1546455175,0.077460669,0.3313682675
img_07590.jpg,0.8760958314,0.0202197172,0.0137415584,0.0098146535,0.0098146535,0.0220094454,0.0098146535,0.0384894386
img_07594.jpg,0.8006825447,0.0169466138,0.0188614577,0.009810294,0.009810294,0.0116072651,0.009810294,0.122471258
img_07621.jpg,0.5106428266,0.0316497833,0.0300051011,0.0160655472,0.0099829324,0.0395406708,0.0306497961,0.3314633667
img_07623.jpg,0.8091815114,0.0364799351,0.0098908562,0.0097956238,0.0097956238,0.0523422547,0.0097956238,0.062718533
img_07663.jpg,0.5534431338,0.1571415216,0.0097029759,0.0169728678,0.0097029759,0.0097029759,0.0097029759,0.233630538
img_07689.jpg,0.058175344,0.5225567818,0.0116357571,0.1025289074,0.0128376419,0.0098524326,0.0098524326,0.2725607753
img_07717.jpg,0.9052360654,0.0327241048,0.0096260291,0.0096260291,0.0096260291,0.0139096947,0.0096260291,0.0096260291
img_07746.jpg,0.8446218967,0.0128420079,0.0148753971,0.0097452067,0.0097452067,0.0429287106,0.0097452067,0.0554963425
img_07757.jpg,0.0570080616,0.0441809408,0.0099170385,0.0108928867,0.0099170385,0.0208408479,0.0177278612,0.8295153379
img_07792.jpg,0.1659753025,0.0138776423,0.0125124082,0.0099022007,0.0099022007,0.0679013059,0.0199623983,0.6999666095
img_07799.jpg,0.818198204,0.0529074147,0.0300229359,0.0306017436,0.0099572185,0.0148786735,0.0099572185,0.033476647
img_07818.jpg,0.9339623451,0.0094339624,0.0094339624,0.0094339624,0.0094339624,0.0094339624,0.0094339624,0.0094339624
img_07833.jpg,0.5695679188,0.122579813,0.020288568,0.0237162896,0.0098714419,0.0268091466,0.0098714419,0.2172953635
img_07872.jpg,0.4091493487,0.0975187942,0.150857389,0.0257009007,0.0174280219,0.0600966401,0.0598422661,0.1794066429
img_07893.jpg,0.1254551709,0.0671960115,0.0098791737,0.0098791737,0.0098791737,0.5084064603,0.1208079606,0.148496896
img_07895.jpg,0.7472432256,0.0282385293,0.0178723484,0.0097123282,0.0097123282,0.0097123282,0.0097123282,0.1677966118
img_07905.jpg,0.5369821787,0.0562680811,0.0232509281,0.0132653592,0.024152901,0.1037937254,0.2149520665,0.0273347683
img_07906.jpg,0.0096340189,0.011032735,0.0096340189,0.0096340189,0.0096340189,0.0096340189,0.0096340189,0.9311631918
img_07908.jpg,0.4204635024,0.1362602264,0.017244881,0.0359615497,0.0099576432,0.0490086712,0.0160166342,0.3150868416
img_07910.jpg,0.8821175694,0.014979885,0.010420355,0.0098396847,0.0098396847,0.0332580172,0.0211954676,0.0183494259
img_07921.jpg,0.1169746667,0.0887483507,0.0296366345,0.0772293732,0.0099341888,0.4045521021,0.010356145,0.2625685632
