image,Fish,NoF
img_06237.jpg,0.990000009537,0.00999999977648
img_06893.jpg,0.980878591537,0.019121427089
img_02082.jpg,0.387284457684,0.612715542316
img_06261.jpg,0.990000009537,0.00999999977648
img_03628.jpg,0.990000009537,0.00999999977648
img_04860.jpg,0.990000009537,0.00999999977648
img_01640.jpg,0.990000009537,0.00999999977648
img_02709.jpg,0.990000009537,0.00999999977648
img_00030.jpg,0.0833976268768,0.916602373123
img_04740.jpg,0.945896208286,0.0541038066149
img_07746.jpg,0.990000009537,0.00999999977648
img_02830.jpg,0.990000009537,0.00999999977648
img_03195.jpg,0.990000009537,0.00999999977648
img_06851.jpg,0.990000009537,0.00999999977648
img_00075.jpg,0.930838048458,0.0691619664431
img_05989.jpg,0.990000009537,0.00999999977648
img_03254.jpg,0.990000009537,0.00999999977648
img_02083.jpg,0.0146364700049,0.985363543034
img_03718.jpg,0.990000009537,0.00999999977648
img_07434.jpg,0.341241449118,0.65875852108
img_04382.jpg,0.990000009537,0.00999999977648
img_05580.jpg,0.990000009537,0.00999999977648
img_05615.jpg,0.990000009537,0.00999999977648
img_03312.jpg,0.990000009537,0.00999999977648
img_05740.jpg,0.990000009537,0.00999999977648
img_00223.jpg,0.990000009537,0.00999999977648
img_03074.jpg,0.990000009537,0.00999999977648
img_06849.jpg,0.990000009537,0.00999999977648
img_05426.jpg,0.990000009537,0.00999999977648
img_07616.jpg,0.98557728529,0.0144227165729
img_07921.jpg,0.990000009537,0.00999999977648
img_00729.jpg,0.457648456097,0.542351543903
img_04990.jpg,0.990000009537,0.00999999977648
img_03941.jpg,0.990000009537,0.00999999977648
img_00180.jpg,0.990000009537,0.00999999977648
img_01657.jpg,0.990000009537,0.00999999977648
img_04341.jpg,0.990000009537,0.00999999977648
img_06033.jpg,0.950430572033,0.0495694316924
img_07460.jpg,0.990000009537,0.00999999977648
img_05879.jpg,0.990000009537,0.00999999977648
img_00764.jpg,0.990000009537,0.00999999977648
img_06831.jpg,0.990000009537,0.00999999977648
img_05046.jpg,0.990000009537,0.00999999977648
img_05349.jpg,0.990000009537,0.00999999977648
img_02679.jpg,0.990000009537,0.00999999977648
img_06522.jpg,0.990000009537,0.00999999977648
img_02865.jpg,0.057576417923,0.942423582077
img_02209.jpg,0.990000009537,0.00999999977648
img_03238.jpg,0.990000009537,0.00999999977648
img_06238.jpg,0.754839897156,0.245160132647
img_06285.jpg,0.944472193718,0.0555278025568
img_06076.jpg,0.990000009537,0.00999999977648
img_03677.jpg,0.990000009537,0.00999999977648
img_04250.jpg,0.00999999977648,0.990000009537
img_04719.jpg,0.47713637352,0.52286362648
img_00828.jpg,0.0427633710206,0.957236647606
img_03670.jpg,0.971318662167,0.0286813639104
img_01984.jpg,0.990000009537,0.00999999977648
img_03324.jpg,0.990000009537,0.00999999977648
img_03992.jpg,0.990000009537,0.00999999977648
img_07103.jpg,0.990000009537,0.00999999977648
img_05328.jpg,0.98717802763,0.0128219639882
img_01724.jpg,0.990000009537,0.00999999977648
img_04479.jpg,0.97697687149,0.0230231061578
img_06506.jpg,0.852734744549,0.147265255451
img_03446.jpg,0.990000009537,0.00999999977648
img_01134.jpg,0.990000009537,0.00999999977648
img_05084.jpg,0.990000009537,0.00999999977648
img_04004.jpg,0.990000009537,0.00999999977648
img_06469.jpg,0.990000009537,0.00999999977648
img_00780.jpg,0.990000009537,0.00999999977648
img_05958.jpg,0.990000009537,0.00999999977648
img_05953.jpg,0.990000009537,0.00999999977648
img_03924.jpg,0.00999999977648,0.990000009537
img_07426.jpg,0.990000009537,0.00999999977648
img_01888.jpg,0.990000009537,0.00999999977648
img_02077.jpg,0.990000009537,0.00999999977648
img_02636.jpg,0.990000009537,0.00999999977648
img_04696.jpg,0.990000009537,0.00999999977648
img_05359.jpg,0.990000009537,0.00999999977648
img_01825.jpg,0.924730837345,0.0752691850066
img_01669.jpg,0.990000009537,0.00999999977648
img_04204.jpg,0.990000009537,0.00999999977648
img_01059.jpg,0.990000009537,0.00999999977648
img_03080.jpg,0.990000009537,0.00999999977648
img_02281.jpg,0.990000009537,0.00999999977648
img_04532.jpg,0.990000009537,0.00999999977648
img_05137.jpg,0.990000009537,0.00999999977648
img_06426.jpg,0.990000009537,0.00999999977648
img_07319.jpg,0.990000009537,0.00999999977648
img_05790.jpg,0.990000009537,0.00999999977648
img_02119.jpg,0.990000009537,0.00999999977648
img_03439.jpg,0.990000009537,0.00999999977648
img_01647.jpg,0.53718996048,0.462810069323
img_07187.jpg,0.990000009537,0.00999999977648
img_02808.jpg,0.990000009537,0.00999999977648
img_05568.jpg,0.990000009537,0.00999999977648
img_01213.jpg,0.990000009537,0.00999999977648
img_04261.jpg,0.990000009537,0.00999999977648
img_05210.jpg,0.990000009537,0.00999999977648
img_02977.jpg,0.990000009537,0.00999999977648
img_05719.jpg,0.990000009537,0.00999999977648
img_00109.jpg,0.990000009537,0.00999999977648
img_00376.jpg,0.990000009537,0.00999999977648
img_06067.jpg,0.990000009537,0.00999999977648
img_04559.jpg,0.990000009537,0.00999999977648
img_02560.jpg,0.00999999977648,0.990000009537
img_06870.jpg,0.990000009537,0.00999999977648
img_01426.jpg,0.990000009537,0.00999999977648
img_06273.jpg,0.990000009537,0.00999999977648
img_04603.jpg,0.964183866978,0.0358161255717
img_06037.jpg,0.990000009537,0.00999999977648
img_05016.jpg,0.990000009537,0.00999999977648
img_05835.jpg,0.990000009537,0.00999999977648
img_04044.jpg,0.990000009537,0.00999999977648
img_02400.jpg,0.990000009537,0.00999999977648
img_01618.jpg,0.990000009537,0.00999999977648
img_02889.jpg,0.990000009537,0.00999999977648
img_05015.jpg,0.990000009537,0.00999999977648
img_04511.jpg,0.970708250999,0.029291793704
img_03228.jpg,0.990000009537,0.00999999977648
img_05445.jpg,0.990000009537,0.00999999977648
img_01548.jpg,0.990000009537,0.00999999977648
img_01388.jpg,0.929535329342,0.0704646781087
img_04750.jpg,0.353228956461,0.646771013737
img_03886.jpg,0.990000009537,0.00999999977648
img_00927.jpg,0.990000009537,0.00999999977648
img_05623.jpg,0.980455338955,0.0195446386933
img_03260.jpg,0.990000009537,0.00999999977648
img_05434.jpg,0.142253860831,0.857746124268
img_03297.jpg,0.990000009537,0.00999999977648
img_00772.jpg,0.990000009537,0.00999999977648
img_00232.jpg,0.990000009537,0.00999999977648
img_06860.jpg,0.301355481148,0.698644518852
img_06845.jpg,0.990000009537,0.00999999977648
img_05857.jpg,0.990000009537,0.00999999977648
img_03082.jpg,0.990000009537,0.00999999977648
img_01495.jpg,0.990000009537,0.00999999977648
img_05657.jpg,0.990000009537,0.00999999977648
img_00697.jpg,0.990000009537,0.00999999977648
img_03867.jpg,0.0274352952838,0.972564697266
img_01490.jpg,0.990000009537,0.00999999977648
img_06137.jpg,0.990000009537,0.00999999977648
img_05558.jpg,0.990000009537,0.00999999977648
img_00914.jpg,0.990000009537,0.00999999977648
img_01325.jpg,0.484253108501,0.515746891499
img_04037.jpg,0.990000009537,0.00999999977648
img_04671.jpg,0.990000009537,0.00999999977648
img_04879.jpg,0.990000009537,0.00999999977648
img_07278.jpg,0.990000009537,0.00999999977648
img_00398.jpg,0.990000009537,0.00999999977648
img_04015.jpg,0.990000009537,0.00999999977648
img_06371.jpg,0.990000009537,0.00999999977648
img_04408.jpg,0.990000009537,0.00999999977648
img_06475.jpg,0.990000009537,0.00999999977648
img_04949.jpg,0.990000009537,0.00999999977648
img_07893.jpg,0.990000009537,0.00999999977648
img_00196.jpg,0.257378637791,0.742621421814
img_07183.jpg,0.990000009537,0.00999999977648
img_03370.jpg,0.990000009537,0.00999999977648
img_07330.jpg,0.990000009537,0.00999999977648
img_07149.jpg,0.990000009537,0.00999999977648
img_05950.jpg,0.990000009537,0.00999999977648
img_03014.jpg,0.0654357746243,0.934564232826
img_00858.jpg,0.990000009537,0.00999999977648
img_03502.jpg,0.990000009537,0.00999999977648
img_03896.jpg,0.978415966034,0.0215840172023
img_01930.jpg,0.990000009537,0.00999999977648
img_03283.jpg,0.990000009537,0.00999999977648
img_00889.jpg,0.990000009537,0.00999999977648
img_01441.jpg,0.990000009537,0.00999999977648
img_07906.jpg,0.990000009537,0.00999999977648
img_02911.jpg,0.990000009537,0.00999999977648
img_01328.jpg,0.990000009537,0.00999999977648
img_04240.jpg,0.990000009537,0.00999999977648
img_04814.jpg,0.990000009537,0.00999999977648
img_01179.jpg,0.989606380463,0.0103936158121
img_05087.jpg,0.961452722549,0.0385472513735
img_00171.jpg,0.982407927513,0.017592035234
img_05068.jpg,0.990000009537,0.00999999977648
img_06616.jpg,0.985784649849,0.0142153510824
img_05721.jpg,0.990000009537,0.00999999977648
img_00518.jpg,0.967765569687,0.0322344601154
img_04369.jpg,0.990000009537,0.00999999977648
img_00974.jpg,0.990000009537,0.00999999977648
img_00040.jpg,0.990000009537,0.00999999977648
img_00103.jpg,0.990000009537,0.00999999977648
img_05927.jpg,0.942876577377,0.0571234337986
img_01687.jpg,0.990000009537,0.00999999977648
img_05038.jpg,0.990000009537,0.00999999977648
img_07895.jpg,0.990000009537,0.00999999977648
img_07199.jpg,0.111444458365,0.888555526733
img_05276.jpg,0.0368255078793,0.963174521923
img_04386.jpg,0.990000009537,0.00999999977648
img_06455.jpg,0.990000009537,0.00999999977648
img_06571.jpg,0.990000009537,0.00999999977648
img_00383.jpg,0.990000009537,0.00999999977648
img_07717.jpg,0.990000009537,0.00999999977648
img_02305.jpg,0.990000009537,0.00999999977648
img_05520.jpg,0.990000009537,0.00999999977648
img_06547.jpg,0.990000009537,0.00999999977648
img_06559.jpg,0.50794839859,0.492051631212
img_04629.jpg,0.987918496132,0.0120814880356
img_07409.jpg,0.990000009537,0.00999999977648
img_06681.jpg,0.990000009537,0.00999999977648
img_00642.jpg,0.990000009537,0.00999999977648
img_00950.jpg,0.0182004421949,0.981799602509
img_05264.jpg,0.990000009537,0.00999999977648
img_05085.jpg,0.990000009537,0.00999999977648
img_06042.jpg,0.990000009537,0.00999999977648
img_03847.jpg,0.990000009537,0.00999999977648
img_06332.jpg,0.990000009537,0.00999999977648
img_00018.jpg,0.990000009537,0.00999999977648
img_02607.jpg,0.200162619352,0.79983741045
img_06986.jpg,0.990000009537,0.00999999977648
img_02648.jpg,0.990000009537,0.00999999977648
img_06800.jpg,0.0391308031976,0.960869193077
img_05508.jpg,0.990000009537,0.00999999977648
img_00484.jpg,0.990000009537,0.00999999977648
img_05979.jpg,0.967824876308,0.0321751795709
img_05595.jpg,0.990000009537,0.00999999977648
img_02666.jpg,0.945469975471,0.0545300282538
img_00620.jpg,0.990000009537,0.00999999977648
img_06165.jpg,0.990000009537,0.00999999977648
img_01377.jpg,0.0339087359607,0.966091275215
img_00380.jpg,0.990000009537,0.00999999977648
img_07314.jpg,0.990000009537,0.00999999977648
img_04002.jpg,0.990000009537,0.00999999977648
img_00432.jpg,0.968113839626,0.0318862050772
img_02398.jpg,0.990000009537,0.00999999977648
img_00170.jpg,0.990000009537,0.00999999977648
img_04647.jpg,0.990000009537,0.00999999977648
img_03452.jpg,0.990000009537,0.00999999977648
img_02964.jpg,0.990000009537,0.00999999977648
img_01505.jpg,0.00999999977648,0.990000009537
img_00833.jpg,0.990000009537,0.00999999977648
img_02638.jpg,0.990000009537,0.00999999977648
img_00320.jpg,0.990000009537,0.00999999977648
img_01963.jpg,0.990000009537,0.00999999977648
img_06318.jpg,0.990000009537,0.00999999977648
img_07137.jpg,0.990000009537,0.00999999977648
img_07689.jpg,0.990000009537,0.00999999977648
img_04419.jpg,0.00999999977648,0.990000009537
img_06564.jpg,0.990000009537,0.00999999977648
img_07231.jpg,0.990000009537,0.00999999977648
img_02899.jpg,0.990000009537,0.00999999977648
img_03426.jpg,0.951930105686,0.0480699129403
img_03581.jpg,0.990000009537,0.00999999977648
img_02406.jpg,0.990000009537,0.00999999977648
img_04640.jpg,0.990000009537,0.00999999977648
img_07065.jpg,0.990000009537,0.00999999977648
img_06059.jpg,0.00999999977648,0.990000009537
img_01966.jpg,0.990000009537,0.00999999977648
img_04001.jpg,0.990000009537,0.00999999977648
img_03749.jpg,0.990000009537,0.00999999977648
img_07428.jpg,0.990000009537,0.00999999977648
img_04975.jpg,0.990000009537,0.00999999977648
img_03869.jpg,0.990000009537,0.00999999977648
img_05768.jpg,0.990000009537,0.00999999977648
img_03995.jpg,0.990000009537,0.00999999977648
img_02540.jpg,0.990000009537,0.00999999977648
img_06259.jpg,0.990000009537,0.00999999977648
img_03584.jpg,0.989091396332,0.0109086371958
img_07594.jpg,0.990000009537,0.00999999977648
img_01860.jpg,0.976231098175,0.0237689260393
img_07122.jpg,0.990000009537,0.00999999977648
img_04705.jpg,0.990000009537,0.00999999977648
img_05940.jpg,0.9490493536,0.0509506314993
img_07543.jpg,0.00999999977648,0.990000009537
img_00959.jpg,0.958441972733,0.0415580496192
img_00726.jpg,0.990000009537,0.00999999977648
img_02789.jpg,0.343927592039,0.656072378159
img_06732.jpg,0.990000009537,0.00999999977648
img_03674.jpg,0.00999999977648,0.990000009537
img_03261.jpg,0.990000009537,0.00999999977648
img_06690.jpg,0.990000009537,0.00999999977648
img_05724.jpg,0.990000009537,0.00999999977648
img_04323.jpg,0.175094753504,0.824905276299
img_05030.jpg,0.990000009537,0.00999999977648
img_02372.jpg,0.00999999977648,0.990000009537
img_05882.jpg,0.990000009537,0.00999999977648
img_00590.jpg,0.990000009537,0.00999999977648
img_05440.jpg,0.990000009537,0.00999999977648
img_03931.jpg,0.920987486839,0.0790125206113
img_06324.jpg,0.990000009537,0.00999999977648
img_04856.jpg,0.990000009537,0.00999999977648
img_04268.jpg,0.990000009537,0.00999999977648
img_05915.jpg,0.990000009537,0.00999999977648
img_04476.jpg,0.990000009537,0.00999999977648
img_04657.jpg,0.990000009537,0.00999999977648
img_02733.jpg,0.990000009537,0.00999999977648
img_05525.jpg,0.990000009537,0.00999999977648
img_07143.jpg,0.00999999977648,0.990000009537
img_06541.jpg,0.985118687153,0.0148813063279
img_02522.jpg,0.957599759102,0.042400225997
img_05775.jpg,0.990000009537,0.00999999977648
img_01058.jpg,0.990000009537,0.00999999977648
img_05682.jpg,0.990000009537,0.00999999977648
img_07179.jpg,0.0306837484241,0.969316244125
img_07505.jpg,0.990000009537,0.00999999977648
img_07304.jpg,0.990000009537,0.00999999977648
img_04247.jpg,0.990000009537,0.00999999977648
img_00664.jpg,0.990000009537,0.00999999977648
img_00446.jpg,0.990000009537,0.00999999977648
img_06614.jpg,0.990000009537,0.00999999977648
img_07678.jpg,0.979005992413,0.0209940113127
img_05516.jpg,0.990000009537,0.00999999977648
img_01022.jpg,0.917111754417,0.0828882753849
img_00551.jpg,0.990000009537,0.00999999977648
img_05454.jpg,0.0154614001513,0.98453861475
img_03891.jpg,0.990000009537,0.00999999977648
img_06489.jpg,0.00999999977648,0.990000009537
img_01824.jpg,0.990000009537,0.00999999977648
img_07054.jpg,0.990000009537,0.00999999977648
img_00282.jpg,0.987273812294,0.0127261541784
img_03445.jpg,0.279568523169,0.720431447029
img_02687.jpg,0.990000009537,0.00999999977648
img_03945.jpg,0.990000009537,0.00999999977648
img_00311.jpg,0.990000009537,0.00999999977648
img_01874.jpg,0.990000009537,0.00999999977648
img_04563.jpg,0.990000009537,0.00999999977648
img_01646.jpg,0.990000009537,0.00999999977648
img_06955.jpg,0.990000009537,0.00999999977648
img_04375.jpg,0.00999999977648,0.990000009537
img_03355.jpg,0.990000009537,0.00999999977648
img_07084.jpg,0.990000009537,0.00999999977648
img_02739.jpg,0.990000009537,0.00999999977648
img_01031.jpg,0.990000009537,0.00999999977648
img_00469.jpg,0.990000009537,0.00999999977648
img_02943.jpg,0.990000009537,0.00999999977648
img_04061.jpg,0.990000009537,0.00999999977648
img_00724.jpg,0.990000009537,0.00999999977648
img_06294.jpg,0.990000009537,0.00999999977648
img_02956.jpg,0.990000009537,0.00999999977648
img_04675.jpg,0.990000009537,0.00999999977648
img_01404.jpg,0.990000009537,0.00999999977648
img_05186.jpg,0.990000009537,0.00999999977648
img_01847.jpg,0.990000009537,0.00999999977648
img_02837.jpg,0.990000009537,0.00999999977648
img_05479.jpg,0.990000009537,0.00999999977648
img_01538.jpg,0.990000009537,0.00999999977648
img_04129.jpg,0.990000009537,0.00999999977648
img_05222.jpg,0.990000009537,0.00999999977648
img_04811.jpg,0.990000009537,0.00999999977648
img_00865.jpg,0.990000009537,0.00999999977648
img_01102.jpg,0.990000009537,0.00999999977648
img_05253.jpg,0.990000009537,0.00999999977648
img_06101.jpg,0.990000009537,0.00999999977648
img_02771.jpg,0.990000009537,0.00999999977648
img_05828.jpg,0.98585486412,0.0141451749951
img_07079.jpg,0.0506459400058,0.949354052544
img_06144.jpg,0.935921907425,0.0640780627728
img_00161.jpg,0.990000009537,0.00999999977648
img_07023.jpg,0.977683544159,0.0223164968193
img_04390.jpg,0.95488089323,0.0451191104949
img_01995.jpg,0.990000009537,0.00999999977648
img_00483.jpg,0.990000009537,0.00999999977648
img_01781.jpg,0.171866461635,0.828133583069
img_06346.jpg,0.990000009537,0.00999999977648
img_02646.jpg,0.969538033009,0.0304619651288
img_07192.jpg,0.662019968033,0.337980002165
img_07659.jpg,0.990000009537,0.00999999977648
img_06555.jpg,0.990000009537,0.00999999977648
img_06832.jpg,0.990000009537,0.00999999977648
img_05612.jpg,0.990000009537,0.00999999977648
img_05922.jpg,0.990000009537,0.00999999977648
img_02307.jpg,0.990000009537,0.00999999977648
img_06210.jpg,0.990000009537,0.00999999977648
img_07448.jpg,0.990000009537,0.00999999977648
img_04712.jpg,0.990000009537,0.00999999977648
img_01208.jpg,0.0928420722485,0.907157897949
img_01168.jpg,0.990000009537,0.00999999977648
img_03078.jpg,0.990000009537,0.00999999977648
img_07621.jpg,0.990000009537,0.00999999977648
img_00718.jpg,0.990000009537,0.00999999977648
img_07420.jpg,0.990000009537,0.00999999977648
img_02838.jpg,0.990000009537,0.00999999977648
img_04921.jpg,0.990000009537,0.00999999977648
img_04752.jpg,0.990000009537,0.00999999977648
img_01249.jpg,0.0434289835393,0.956571042538
img_07146.jpg,0.835784435272,0.164215564728
img_07792.jpg,0.990000009537,0.00999999977648
img_00407.jpg,0.990000009537,0.00999999977648
img_05292.jpg,0.990000009537,0.00999999977648
img_00964.jpg,0.990000009537,0.00999999977648
img_02180.jpg,0.990000009537,0.00999999977648
img_00855.jpg,0.990000009537,0.00999999977648
img_01384.jpg,0.990000009537,0.00999999977648
img_02842.jpg,0.990000009537,0.00999999977648
img_03715.jpg,0.990000009537,0.00999999977648
img_00125.jpg,0.990000009537,0.00999999977648
img_06477.jpg,0.990000009537,0.00999999977648
img_07173.jpg,0.990000009537,0.00999999977648
img_01431.jpg,0.990000009537,0.00999999977648
img_03554.jpg,0.990000009537,0.00999999977648
img_07354.jpg,0.990000009537,0.00999999977648
img_04461.jpg,0.990000009537,0.00999999977648
img_05095.jpg,0.990000009537,0.00999999977648
img_00374.jpg,0.990000009537,0.00999999977648
img_07094.jpg,0.990000009537,0.00999999977648
img_07224.jpg,0.00999999977648,0.990000009537
img_00331.jpg,0.990000009537,0.00999999977648
img_04306.jpg,0.990000009537,0.00999999977648
img_04723.jpg,0.990000009537,0.00999999977648
img_04126.jpg,0.983882248402,0.0161177683622
img_03760.jpg,0.990000009537,0.00999999977648
img_00358.jpg,0.990000009537,0.00999999977648
img_00575.jpg,0.990000009537,0.00999999977648
img_01745.jpg,0.990000009537,0.00999999977648
img_02379.jpg,0.990000009537,0.00999999977648
img_04482.jpg,0.990000009537,0.00999999977648
img_02479.jpg,0.00999999977648,0.990000009537
img_04237.jpg,0.988867044449,0.0111329676583
img_07157.jpg,0.990000009537,0.00999999977648
img_06673.jpg,0.990000009537,0.00999999977648
img_03504.jpg,0.897792339325,0.102207668126
img_01918.jpg,0.990000009537,0.00999999977648
img_05539.jpg,0.990000009537,0.00999999977648
img_02834.jpg,0.990000009537,0.00999999977648
img_05864.jpg,0.990000009537,0.00999999977648
img_00141.jpg,0.990000009537,0.00999999977648
img_05548.jpg,0.990000009537,0.00999999977648
img_05059.jpg,0.0384746305645,0.961525380611
img_05471.jpg,0.990000009537,0.00999999977648
img_01035.jpg,0.990000009537,0.00999999977648
img_05475.jpg,0.00999999977648,0.990000009537
img_06756.jpg,0.990000009537,0.00999999977648
img_03805.jpg,0.990000009537,0.00999999977648
img_07051.jpg,0.990000009537,0.00999999977648
img_01413.jpg,0.970369696617,0.0296302735806
img_03866.jpg,0.990000009537,0.00999999977648
img_05672.jpg,0.990000009537,0.00999999977648
img_05718.jpg,0.990000009537,0.00999999977648
img_03454.jpg,0.393583655357,0.606416344643
img_07528.jpg,0.94733029604,0.0526696778834
img_07237.jpg,0.990000009537,0.00999999977648
img_00650.jpg,0.990000009537,0.00999999977648
img_00538.jpg,0.990000009537,0.00999999977648
img_01649.jpg,0.928868234158,0.0711317956448
img_04422.jpg,0.990000009537,0.00999999977648
img_07062.jpg,0.00999999977648,0.990000009537
img_05916.jpg,0.97641068697,0.023589335382
img_05967.jpg,0.990000009537,0.00999999977648
img_00921.jpg,0.98858076334,0.0114192571491
img_06147.jpg,0.990000009537,0.00999999977648
img_03422.jpg,0.990000009537,0.00999999977648
img_07799.jpg,0.975708007812,0.0242919921875
img_05584.jpg,0.990000009537,0.00999999977648
img_05692.jpg,0.990000009537,0.00999999977648
img_07005.jpg,0.990000009537,0.00999999977648
img_06859.jpg,0.960759520531,0.0392405092716
img_06424.jpg,0.499173700809,0.500826358795
img_03627.jpg,0.990000009537,0.00999999977648
img_00473.jpg,0.990000009537,0.00999999977648
img_07270.jpg,0.016257988289,0.983741998672
img_06103.jpg,0.511255204678,0.488744795322
img_02076.jpg,0.990000009537,0.00999999977648
img_04478.jpg,0.990000009537,0.00999999977648
img_06272.jpg,0.00999999977648,0.990000009537
img_05805.jpg,0.990000009537,0.00999999977648
img_01399.jpg,0.990000009537,0.00999999977648
img_01090.jpg,0.403712362051,0.596287667751
img_02574.jpg,0.988755524158,0.0112445019186
img_01561.jpg,0.132982745767,0.867017269135
img_04036.jpg,0.990000009537,0.00999999977648
img_05192.jpg,0.990000009537,0.00999999977648
img_00584.jpg,0.984212040901,0.0157878994942
img_00716.jpg,0.990000009537,0.00999999977648
img_04128.jpg,0.990000009537,0.00999999977648
img_06808.jpg,0.990000009537,0.00999999977648
img_00876.jpg,0.151324436069,0.848675608635
img_03711.jpg,0.990000009537,0.00999999977648
img_04830.jpg,0.806822896004,0.193177163601
img_01976.jpg,0.990000009537,0.00999999977648
img_03801.jpg,0.990000009537,0.00999999977648
img_02074.jpg,0.990000009537,0.00999999977648
img_00053.jpg,0.990000009537,0.00999999977648
img_05439.jpg,0.990000009537,0.00999999977648
img_00550.jpg,0.990000009537,0.00999999977648
img_06608.jpg,0.990000009537,0.00999999977648
img_05743.jpg,0.990000009537,0.00999999977648
img_00667.jpg,0.0632587149739,0.936741292477
img_06798.jpg,0.990000009537,0.00999999977648
img_07160.jpg,0.00999999977648,0.990000009537
img_04271.jpg,0.00999999977648,0.990000009537
img_02890.jpg,0.990000009537,0.00999999977648
img_03809.jpg,0.990000009537,0.00999999977648
img_03169.jpg,0.990000009537,0.00999999977648
img_02416.jpg,0.990000009537,0.00999999977648
img_05241.jpg,0.990000009537,0.00999999977648
img_05026.jpg,0.990000009537,0.00999999977648
img_06783.jpg,0.990000009537,0.00999999977648
img_05766.jpg,0.990000009537,0.00999999977648
img_04127.jpg,0.990000009537,0.00999999977648
img_04562.jpg,0.990000009537,0.00999999977648
img_06939.jpg,0.990000009537,0.00999999977648
img_06684.jpg,0.990000009537,0.00999999977648
img_06936.jpg,0.990000009537,0.00999999977648
img_06611.jpg,0.990000009537,0.00999999977648
img_03946.jpg,0.990000009537,0.00999999977648
img_00587.jpg,0.990000009537,0.00999999977648
img_04624.jpg,0.990000009537,0.00999999977648
img_05055.jpg,0.990000009537,0.00999999977648
img_01673.jpg,0.990000009537,0.00999999977648
img_06189.jpg,0.990000009537,0.00999999977648
img_05731.jpg,0.00999999977648,0.990000009537
img_05673.jpg,0.990000009537,0.00999999977648
img_01177.jpg,0.990000009537,0.00999999977648
img_05948.jpg,0.990000009537,0.00999999977648
img_05209.jpg,0.990000009537,0.00999999977648
img_04266.jpg,0.990000009537,0.00999999977648
img_03475.jpg,0.00999999977648,0.990000009537
img_03087.jpg,0.0403386838734,0.959661304951
img_07872.jpg,0.988126456738,0.0118735507131
img_05792.jpg,0.990000009537,0.00999999977648
img_05341.jpg,0.990000009537,0.00999999977648
img_06637.jpg,0.0779399946332,0.922060012817
img_03996.jpg,0.990000009537,0.00999999977648
img_04835.jpg,0.990000009537,0.00999999977648
img_06508.jpg,0.0991352796555,0.900864720345
img_01595.jpg,0.0195772144943,0.980422794819
img_07213.jpg,0.990000009537,0.00999999977648
img_02641.jpg,0.990000009537,0.00999999977648
img_05211.jpg,0.990000009537,0.00999999977648
img_00816.jpg,0.990000009537,0.00999999977648
img_06662.jpg,0.00999999977648,0.990000009537
img_06373.jpg,0.990000009537,0.00999999977648
img_05492.jpg,0.990000009537,0.00999999977648
img_04423.jpg,0.754062175751,0.245937794447
img_07467.jpg,0.990000009537,0.00999999977648
img_03488.jpg,0.990000009537,0.00999999977648
img_06321.jpg,0.990000009537,0.00999999977648
img_05156.jpg,0.987555027008,0.0124449906871
img_02857.jpg,0.862879037857,0.137120991945
img_06302.jpg,0.990000009537,0.00999999977648
img_07508.jpg,0.990000009537,0.00999999977648
img_02096.jpg,0.990000009537,0.00999999977648
img_03547.jpg,0.990000009537,0.00999999977648
img_00598.jpg,0.990000009537,0.00999999977648
img_05754.jpg,0.990000009537,0.00999999977648
img_01782.jpg,0.00999999977648,0.990000009537
img_04221.jpg,0.990000009537,0.00999999977648
img_06412.jpg,0.990000009537,0.00999999977648
img_00808.jpg,0.990000009537,0.00999999977648
img_07590.jpg,0.990000009537,0.00999999977648
img_05293.jpg,0.990000009537,0.00999999977648
img_03764.jpg,0.990000009537,0.00999999977648
img_05185.jpg,0.990000009537,0.00999999977648
img_00120.jpg,0.990000009537,0.00999999977648
img_07818.jpg,0.990000009537,0.00999999977648
img_00005.jpg,0.00999999977648,0.990000009537
img_05613.jpg,0.990000009537,0.00999999977648
img_05653.jpg,0.988896906376,0.0111031094566
img_00071.jpg,0.990000009537,0.00999999977648
img_02235.jpg,0.990000009537,0.00999999977648
img_05572.jpg,0.990000009537,0.00999999977648
img_07757.jpg,0.990000009537,0.00999999977648
img_03831.jpg,0.990000009537,0.00999999977648
img_06975.jpg,0.990000009537,0.00999999977648
img_02573.jpg,0.969031155109,0.0309688504785
img_04453.jpg,0.0687415897846,0.931258440018
img_03825.jpg,0.990000009537,0.00999999977648
img_06097.jpg,0.990000009537,0.00999999977648
img_07110.jpg,0.990000009537,0.00999999977648
img_00837.jpg,0.990000009537,0.00999999977648
img_01689.jpg,0.990000009537,0.00999999977648
img_02507.jpg,0.990000009537,0.00999999977648
img_00119.jpg,0.104585893452,0.895414113998
img_04962.jpg,0.990000009537,0.00999999977648
img_02487.jpg,0.990000009537,0.00999999977648
img_03223.jpg,0.990000009537,0.00999999977648
img_07628.jpg,0.00999999977648,0.990000009537
img_01171.jpg,0.0273840483278,0.97261595726
img_06010.jpg,0.990000009537,0.00999999977648
img_00943.jpg,0.990000009537,0.00999999977648
img_00417.jpg,0.990000009537,0.00999999977648
img_07068.jpg,0.990000009537,0.00999999977648
img_04642.jpg,0.527919054031,0.472080916166
img_00676.jpg,0.0876087471843,0.91239130497
img_07436.jpg,0.990000009537,0.00999999977648
img_04503.jpg,0.0380932465196,0.961906790733
img_02285.jpg,0.518826007843,0.481174051762
img_00902.jpg,0.990000009537,0.00999999977648
img_03602.jpg,0.990000009537,0.00999999977648
img_02766.jpg,0.988814890385,0.0111850965768
img_05603.jpg,0.990000009537,0.00999999977648
img_05273.jpg,0.983894109726,0.0161058735102
img_05244.jpg,0.990000009537,0.00999999977648
img_04136.jpg,0.990000009537,0.00999999977648
img_04183.jpg,0.990000009537,0.00999999977648
img_05139.jpg,0.990000009537,0.00999999977648
img_00760.jpg,0.990000009537,0.00999999977648
img_07563.jpg,0.990000009537,0.00999999977648
img_02194.jpg,0.990000009537,0.00999999977648
img_06806.jpg,0.990000009537,0.00999999977648
img_07419.jpg,0.990000009537,0.00999999977648
img_06186.jpg,0.990000009537,0.00999999977648
img_04069.jpg,0.990000009537,0.00999999977648
img_04757.jpg,0.990000009537,0.00999999977648
img_02252.jpg,0.990000009537,0.00999999977648
img_04282.jpg,0.990000009537,0.00999999977648
img_06549.jpg,0.990000009537,0.00999999977648
img_00618.jpg,0.990000009537,0.00999999977648
img_05794.jpg,0.990000009537,0.00999999977648
img_05563.jpg,0.990000009537,0.00999999977648
img_04130.jpg,0.990000009537,0.00999999977648
img_01224.jpg,0.990000009537,0.00999999977648
img_01188.jpg,0.990000009537,0.00999999977648
img_03471.jpg,0.990000009537,0.00999999977648
img_06807.jpg,0.461936861277,0.538063108921
img_05269.jpg,0.972255825996,0.027744229883
img_07910.jpg,0.990000009537,0.00999999977648
img_04795.jpg,0.990000009537,0.00999999977648
img_04507.jpg,0.990000009537,0.00999999977648
img_01253.jpg,0.990000009537,0.00999999977648
img_05817.jpg,0.990000009537,0.00999999977648
img_00164.jpg,0.359427958727,0.640572011471
img_03222.jpg,0.990000009537,0.00999999977648
img_07623.jpg,0.990000009537,0.00999999977648
img_03410.jpg,0.505163311958,0.494836658239
img_02656.jpg,0.990000009537,0.00999999977648
img_02954.jpg,0.170339360833,0.829660654068
img_00230.jpg,0.990000009537,0.00999999977648
img_02749.jpg,0.990000009537,0.00999999977648
img_02356.jpg,0.990000009537,0.00999999977648
img_02811.jpg,0.990000009537,0.00999999977648
img_02651.jpg,0.990000009537,0.00999999977648
img_02268.jpg,0.990000009537,0.00999999977648
img_02299.jpg,0.990000009537,0.00999999977648
img_05459.jpg,0.990000009537,0.00999999977648
img_07469.jpg,0.990000009537,0.00999999977648
img_04076.jpg,0.990000009537,0.00999999977648
img_01543.jpg,0.968351960182,0.0316480174661
img_06174.jpg,0.990000009537,0.00999999977648
img_03166.jpg,0.88361376524,0.116386264563
img_06902.jpg,0.990000009537,0.00999999977648
img_03444.jpg,0.990000009537,0.00999999977648
img_06585.jpg,0.00999999977648,0.990000009537
img_06349.jpg,0.086929872632,0.913070142269
img_03952.jpg,0.990000009537,0.00999999977648
img_04013.jpg,0.990000009537,0.00999999977648
img_02602.jpg,0.990000009537,0.00999999977648
img_03726.jpg,0.990000009537,0.00999999977648
img_01222.jpg,0.990000009537,0.00999999977648
img_06916.jpg,0.990000009537,0.00999999977648
img_07375.jpg,0.990000009537,0.00999999977648
img_05322.jpg,0.97639298439,0.0236070025712
img_02726.jpg,0.978357255459,0.0216427482665
img_02565.jpg,0.990000009537,0.00999999977648
img_04263.jpg,0.94516313076,0.054836884141
img_00244.jpg,0.990000009537,0.00999999977648
img_07060.jpg,0.990000009537,0.00999999977648
img_03892.jpg,0.990000009537,0.00999999977648
img_02563.jpg,0.00999999977648,0.990000009537
img_06038.jpg,0.990000009537,0.00999999977648
img_01103.jpg,0.990000009537,0.00999999977648
img_01541.jpg,0.0324673727155,0.967532634735
img_07514.jpg,0.983188271523,0.0168117526919
img_01803.jpg,0.990000009537,0.00999999977648
img_00648.jpg,0.990000009537,0.00999999977648
img_00493.jpg,0.209670588374,0.790329456329
img_02216.jpg,0.235880330205,0.764119684696
img_05268.jpg,0.990000009537,0.00999999977648
img_04321.jpg,0.990000009537,0.00999999977648
img_01862.jpg,0.990000009537,0.00999999977648
img_01932.jpg,0.990000009537,0.00999999977648
img_02135.jpg,0.00999999977648,0.990000009537
img_02384.jpg,0.990000009537,0.00999999977648
img_02078.jpg,0.0433913320303,0.956608712673
img_03853.jpg,0.990000009537,0.00999999977648
img_00985.jpg,0.990000009537,0.00999999977648
img_01373.jpg,0.618669986725,0.381330013275
img_05976.jpg,0.990000009537,0.00999999977648
img_01717.jpg,0.663551568985,0.336448460817
img_02904.jpg,0.990000009537,0.00999999977648
img_00375.jpg,0.990000009537,0.00999999977648
img_06401.jpg,0.0487511791289,0.951248824596
img_00292.jpg,0.990000009537,0.00999999977648
img_00763.jpg,0.032646112144,0.96735394001
img_04257.jpg,0.211324557662,0.788675427437
img_03527.jpg,0.990000009537,0.00999999977648
img_07908.jpg,0.990000009537,0.00999999977648
img_04233.jpg,0.416816145182,0.583183884621
img_01571.jpg,0.990000009537,0.00999999977648
img_03776.jpg,0.722889184952,0.277110785246
img_00272.jpg,0.990000009537,0.00999999977648
img_03490.jpg,0.990000009537,0.00999999977648
img_06496.jpg,0.990000009537,0.00999999977648
img_07251.jpg,0.990000009537,0.00999999977648
img_06203.jpg,0.990000009537,0.00999999977648
img_00777.jpg,0.990000009537,0.00999999977648
img_02367.jpg,0.894351482391,0.105648569763
img_00773.jpg,0.990000009537,0.00999999977648
img_02066.jpg,0.990000009537,0.00999999977648
img_01716.jpg,0.0112497042865,0.988750338554
img_01996.jpg,0.990000009537,0.00999999977648
img_01684.jpg,0.990000009537,0.00999999977648
img_03520.jpg,0.990000009537,0.00999999977648
img_04101.jpg,0.982768177986,0.0172318518162
img_00175.jpg,0.990000009537,0.00999999977648
img_01552.jpg,0.990000009537,0.00999999977648
img_07663.jpg,0.990000009537,0.00999999977648
img_03588.jpg,0.990000009537,0.00999999977648
img_00138.jpg,0.990000009537,0.00999999977648
img_03456.jpg,0.0369805283844,0.963019490242
img_02270.jpg,0.990000009537,0.00999999977648
img_05960.jpg,0.990000009537,0.00999999977648
img_07859.jpg,0.0548533611,0.945146679878
img_05587.jpg,0.953224480152,0.0467754602432
img_05064.jpg,0.98559731245,0.0144026912749
img_03346.jpg,0.985703289509,0.0142967086285
img_03943.jpg,0.941637635231,0.0583623573184
img_04726.jpg,0.0248821061105,0.975117921829
img_01371.jpg,0.894033133984,0.105966858566
img_00302.jpg,0.990000009537,0.00999999977648
img_00979.jpg,0.990000009537,0.00999999977648
img_05838.jpg,0.923862397671,0.0761375799775
img_06780.jpg,0.990000009537,0.00999999977648
img_00962.jpg,0.990000009537,0.00999999977648
img_02282.jpg,0.990000009537,0.00999999977648
img_00708.jpg,0.990000009537,0.00999999977648
img_07561.jpg,0.990000009537,0.00999999977648
img_00564.jpg,0.165894925594,0.834105074406
img_06812.jpg,0.693983197212,0.306016772985
img_04554.jpg,0.990000009537,0.00999999977648
img_06368.jpg,0.990000009537,0.00999999977648
img_04661.jpg,0.990000009537,0.00999999977648
img_01405.jpg,0.978620290756,0.0213797353208
img_03135.jpg,0.990000009537,0.00999999977648
img_01366.jpg,0.990000009537,0.00999999977648
img_00102.jpg,0.990000009537,0.00999999977648
img_06922.jpg,0.990000009537,0.00999999977648
img_01627.jpg,0.990000009537,0.00999999977648
img_02146.jpg,0.990000009537,0.00999999977648
img_01955.jpg,0.990000009537,0.00999999977648
img_07147.jpg,0.0133688878268,0.986631155014
img_07050.jpg,0.990000009537,0.00999999977648
img_07580.jpg,0.990000009537,0.00999999977648
img_01286.jpg,0.990000009537,0.00999999977648
img_02699.jpg,0.97097748518,0.0290225092322
img_00591.jpg,0.990000009537,0.00999999977648
img_00982.jpg,0.990000009537,0.00999999977648
img_04118.jpg,0.990000009537,0.00999999977648
img_03923.jpg,0.0716773569584,0.928322672844
img_05393.jpg,0.990000009537,0.00999999977648
img_05260.jpg,0.990000009537,0.00999999977648
img_04872.jpg,0.990000009537,0.00999999977648
img_07583.jpg,0.990000009537,0.00999999977648
img_00007.jpg,0.990000009537,0.00999999977648
img_00999.jpg,0.990000009537,0.00999999977648
img_06663.jpg,0.990000009537,0.00999999977648
img_01511.jpg,0.990000009537,0.00999999977648
img_07120.jpg,0.990000009537,0.00999999977648
img_06962.jpg,0.990000009537,0.00999999977648
img_05654.jpg,0.990000009537,0.00999999977648
img_02556.jpg,0.990000009537,0.00999999977648
img_00646.jpg,0.990000009537,0.00999999977648
img_07352.jpg,0.990000009537,0.00999999977648
img_05236.jpg,0.990000009537,0.00999999977648
img_06001.jpg,0.990000009537,0.00999999977648
img_05021.jpg,0.00999999977648,0.990000009537
img_00723.jpg,0.636124193668,0.363875806332
img_06211.jpg,0.990000009537,0.00999999977648
img_04425.jpg,0.990000009537,0.00999999977648
img_02309.jpg,0.990000009537,0.00999999977648
img_07348.jpg,0.587713241577,0.412286758423
img_05722.jpg,0.990000009537,0.00999999977648
img_05755.jpg,0.990000009537,0.00999999977648
img_04888.jpg,0.990000009537,0.00999999977648
img_01204.jpg,0.0544391311705,0.945560872555
img_00487.jpg,0.00999999977648,0.990000009537
img_00128.jpg,0.990000009537,0.00999999977648
img_01632.jpg,0.990000009537,0.00999999977648
img_07538.jpg,0.990000009537,0.00999999977648
img_04181.jpg,0.990000009537,0.00999999977648
img_03548.jpg,0.990000009537,0.00999999977648
img_02422.jpg,0.990000009537,0.00999999977648
img_04496.jpg,0.990000009537,0.00999999977648
img_04115.jpg,0.990000009537,0.00999999977648
img_00966.jpg,0.976130783558,0.0238692071289
img_03128.jpg,0.990000009537,0.00999999977648
img_02159.jpg,0.363973975182,0.636026024818
img_04156.jpg,0.990000009537,0.00999999977648
img_07574.jpg,0.557651460171,0.442348569632
img_06099.jpg,0.990000009537,0.00999999977648
img_05489.jpg,0.990000009537,0.00999999977648
img_03342.jpg,0.985569059849,0.0144309420139
img_03750.jpg,0.990000009537,0.00999999977648
img_02871.jpg,0.990000009537,0.00999999977648
img_03229.jpg,0.990000009537,0.00999999977648
img_01834.jpg,0.990000009537,0.00999999977648
img_00599.jpg,0.990000009537,0.00999999977648
img_01688.jpg,0.990000009537,0.00999999977648
img_00948.jpg,0.990000009537,0.00999999977648
img_05251.jpg,0.990000009537,0.00999999977648
img_06646.jpg,0.990000009537,0.00999999977648
img_06369.jpg,0.9154971838,0.0845027938485
img_02412.jpg,0.979636788368,0.0203632228076
img_06003.jpg,0.990000009537,0.00999999977648
img_05463.jpg,0.990000009537,0.00999999977648
img_02799.jpg,0.990000009537,0.00999999977648
img_02625.jpg,0.990000009537,0.00999999977648
img_03974.jpg,0.990000009537,0.00999999977648
img_01198.jpg,0.976979315281,0.0230206791312
img_07474.jpg,0.990000009537,0.00999999977648
img_00212.jpg,0.990000009537,0.00999999977648
img_04310.jpg,0.990000009537,0.00999999977648
img_03290.jpg,0.990000009537,0.00999999977648
img_06959.jpg,0.990000009537,0.00999999977648
img_05813.jpg,0.990000009537,0.00999999977648
img_04432.jpg,0.990000009537,0.00999999977648
img_04766.jpg,0.990000009537,0.00999999977648
img_02769.jpg,0.990000009537,0.00999999977648
img_07526.jpg,0.990000009537,0.00999999977648
img_03069.jpg,0.990000009537,0.00999999977648
img_05488.jpg,0.990000009537,0.00999999977648
img_03116.jpg,0.0397088229656,0.960291206837
img_04546.jpg,0.990000009537,0.00999999977648
img_00533.jpg,0.990000009537,0.00999999977648
img_05981.jpg,0.990000009537,0.00999999977648
img_02622.jpg,0.990000009537,0.00999999977648
img_03739.jpg,0.990000009537,0.00999999977648
img_01856.jpg,0.990000009537,0.00999999977648
img_05336.jpg,0.990000009537,0.00999999977648
img_04405.jpg,0.990000009537,0.00999999977648
img_03043.jpg,0.990000009537,0.00999999977648
img_07318.jpg,0.990000009537,0.00999999977648
img_03199.jpg,0.990000009537,0.00999999977648
img_02703.jpg,0.990000009537,0.00999999977648
img_06685.jpg,0.016509944573,0.983490109444
img_02920.jpg,0.990000009537,0.00999999977648
img_02916.jpg,0.990000009537,0.00999999977648
img_02993.jpg,0.990000009537,0.00999999977648
img_06521.jpg,0.990000009537,0.00999999977648
img_05896.jpg,0.990000009537,0.00999999977648
img_01043.jpg,0.00999999977648,0.990000009537
img_00582.jpg,0.971205830574,0.0287941936404
img_01616.jpg,0.990000009537,0.00999999977648
img_07501.jpg,0.947867929935,0.0521320849657
img_02486.jpg,0.990000009537,0.00999999977648
img_06345.jpg,0.990000009537,0.00999999977648
img_03270.jpg,0.990000009537,0.00999999977648
img_00717.jpg,0.990000009537,0.00999999977648
img_01211.jpg,0.984165787697,0.0158342197537
img_07905.jpg,0.990000009537,0.00999999977648
img_03231.jpg,0.990000009537,0.00999999977648
img_06921.jpg,0.988468766212,0.0115312654525
img_05410.jpg,0.990000009537,0.00999999977648
img_06899.jpg,0.5774564147,0.422543644905
img_04586.jpg,0.990000009537,0.00999999977648
img_02702.jpg,0.990000009537,0.00999999977648
img_05119.jpg,0.990000009537,0.00999999977648
img_03935.jpg,0.138372093439,0.861627936363
img_04272.jpg,0.990000009537,0.00999999977648
img_02291.jpg,0.990000009537,0.00999999977648
img_01633.jpg,0.990000009537,0.00999999977648
img_06748.jpg,0.990000009537,0.00999999977648
img_05378.jpg,0.919230103493,0.0807699412107
img_02734.jpg,0.989759087563,0.0102409413084
img_07833.jpg,0.990000009537,0.00999999977648
img_06021.jpg,0.990000009537,0.00999999977648
img_04324.jpg,0.669996201992,0.330003768206
img_07191.jpg,0.990000009537,0.00999999977648
img_07417.jpg,0.990000009537,0.00999999977648
img_05074.jpg,0.990000009537,0.00999999977648
img_03563.jpg,0.990000009537,0.00999999977648
img_05735.jpg,0.990000009537,0.00999999977648
img_00543.jpg,0.990000009537,0.00999999977648
img_00894.jpg,0.990000009537,0.00999999977648
img_02124.jpg,0.990000009537,0.00999999977648
img_03967.jpg,0.990000009537,0.00999999977648
img_01681.jpg,0.990000009537,0.00999999977648
img_06630.jpg,0.990000009537,0.00999999977648
img_00442.jpg,0.990000009537,0.00999999977648
img_06966.jpg,0.990000009537,0.00999999977648
img_02172.jpg,0.990000009537,0.00999999977648
img_03361.jpg,0.990000009537,0.00999999977648
img_04415.jpg,0.990000009537,0.00999999977648
img_03239.jpg,0.990000009537,0.00999999977648
img_04410.jpg,0.990000009537,0.00999999977648
img_04959.jpg,0.990000009537,0.00999999977648
img_01530.jpg,0.990000009537,0.00999999977648
img_06914.jpg,0.0155092291534,0.98449075222
img_06909.jpg,0.990000009537,0.00999999977648
img_05438.jpg,0.990000009537,0.00999999977648
img_06268.jpg,0.990000009537,0.00999999977648
img_01802.jpg,0.873793721199,0.126206278801
img_06946.jpg,0.990000009537,0.00999999977648
img_03652.jpg,0.990000009537,0.00999999977648
img_01831.jpg,0.990000009537,0.00999999977648
img_00730.jpg,0.990000009537,0.00999999977648
img_07578.jpg,0.990000009537,0.00999999977648
img_03871.jpg,0.900581717491,0.0994182676077
img_07371.jpg,0.990000009537,0.00999999977648
img_06985.jpg,0.990000009537,0.00999999977648
img_00152.jpg,0.990000009537,0.00999999977648
img_06658.jpg,0.990000009537,0.00999999977648
img_00654.jpg,0.976858794689,0.0231412015855
img_01392.jpg,0.990000009537,0.00999999977648
img_04145.jpg,0.990000009537,0.00999999977648
img_00280.jpg,0.990000009537,0.00999999977648
img_06734.jpg,0.990000009537,0.00999999977648
img_04024.jpg,0.990000009537,0.00999999977648
img_02764.jpg,0.990000009537,0.00999999977648
img_03064.jpg,0.990000009537,0.00999999977648
img_02546.jpg,0.990000009537,0.00999999977648
img_02001.jpg,0.990000009537,0.00999999977648
img_04073.jpg,0.990000009537,0.00999999977648
img_00027.jpg,0.990000009537,0.00999999977648
img_01116.jpg,0.990000009537,0.00999999977648
img_03181.jpg,0.986643850803,0.0133561678231
img_00046.jpg,0.539472162724,0.460527837276
img_06525.jpg,0.990000009537,0.00999999977648
img_06311.jpg,0.990000009537,0.00999999977648
img_02231.jpg,0.9836409688,0.0163590554148
img_00133.jpg,0.422625035048,0.577374994755
img_01773.jpg,0.990000009537,0.00999999977648
img_04585.jpg,0.0212786719203,0.978721320629
img_00486.jpg,0.990000009537,0.00999999977648
img_00172.jpg,0.00999999977648,0.990000009537
img_00009.jpg,0.990000009537,0.00999999977648
img_03587.jpg,0.990000009537,0.00999999977648
img_02759.jpg,0.990000009537,0.00999999977648
img_01771.jpg,0.990000009537,0.00999999977648
img_01562.jpg,0.990000009537,0.00999999977648
img_02347.jpg,0.990000009537,0.00999999977648
img_02876.jpg,0.990000009537,0.00999999977648
img_04870.jpg,0.989452004433,0.0105479834601
img_06892.jpg,0.990000009537,0.00999999977648
img_03399.jpg,0.986900210381,0.0130998184904
img_04520.jpg,0.977350950241,0.0226490627974
img_03310.jpg,0.990000009537,0.00999999977648
img_05963.jpg,0.990000009537,0.00999999977648
img_01444.jpg,0.990000009537,0.00999999977648
img_04991.jpg,0.990000009537,0.00999999977648
img_04003.jpg,0.990000009537,0.00999999977648
img_01537.jpg,0.990000009537,0.00999999977648
img_03333.jpg,0.990000009537,0.00999999977648
img_07044.jpg,0.978558659554,0.0214413627982
img_05147.jpg,0.990000009537,0.00999999977648
img_02974.jpg,0.988890230656,0.0111097451299
img_01853.jpg,0.990000009537,0.00999999977648
img_05433.jpg,0.990000009537,0.00999999977648
img_03210.jpg,0.990000009537,0.00999999977648
img_01289.jpg,0.990000009537,0.00999999977648
img_07086.jpg,0.990000009537,0.00999999977648
img_05284.jpg,0.990000009537,0.00999999977648
img_03252.jpg,0.990000009537,0.00999999977648
img_03942.jpg,0.990000009537,0.00999999977648
img_04370.jpg,0.990000009537,0.00999999977648
img_00129.jpg,0.990000009537,0.00999999977648
img_00612.jpg,0.990000009537,0.00999999977648
img_05076.jpg,0.990000009537,0.00999999977648
img_04427.jpg,0.990000009537,0.00999999977648
img_03140.jpg,0.990000009537,0.00999999977648
img_05196.jpg,0.00999999977648,0.990000009537
img_04138.jpg,0.00999999977648,0.990000009537
img_03220.jpg,0.990000009537,0.00999999977648
img_04885.jpg,0.990000009537,0.00999999977648
img_01593.jpg,0.990000009537,0.00999999977648
img_03928.jpg,0.990000009537,0.00999999977648
img_03055.jpg,0.990000009537,0.00999999977648
img_07043.jpg,0.00999999977648,0.990000009537
img_06642.jpg,0.990000009537,0.00999999977648
img_05078.jpg,0.990000009537,0.00999999977648
img_07553.jpg,0.0898390933871,0.910160899162
img_06698.jpg,0.990000009537,0.00999999977648
img_01142.jpg,0.990000009537,0.00999999977648
img_00798.jpg,0.990000009537,0.00999999977648
img_04285.jpg,0.990000009537,0.00999999977648
img_07188.jpg,0.956117749214,0.0438823103905
img_02006.jpg,0.990000009537,0.00999999977648
img_01519.jpg,0.990000009537,0.00999999977648
img_06947.jpg,0.00999999977648,0.990000009537
img_02318.jpg,0.990000009537,0.00999999977648
img_03837.jpg,0.990000009537,0.00999999977648
img_00757.jpg,0.990000009537,0.00999999977648
img_06065.jpg,0.990000009537,0.00999999977648
img_00857.jpg,0.987480759621,0.0125192664564
img_05908.jpg,0.00999999977648,0.990000009537
img_01983.jpg,0.916922211647,0.0830778032541
img_03440.jpg,0.990000009537,0.00999999977648
img_03457.jpg,0.990000009537,0.00999999977648
img_06510.jpg,0.990000009537,0.00999999977648
img_00289.jpg,0.990000009537,0.00999999977648
img_02188.jpg,0.990000009537,0.00999999977648
img_07156.jpg,0.990000009537,0.00999999977648
img_05640.jpg,0.990000009537,0.00999999977648
img_01237.jpg,0.414235025644,0.585765004158
img_05824.jpg,0.0145189557225,0.985481023788
img_02949.jpg,0.990000009537,0.00999999977648
img_07045.jpg,0.957274973392,0.0427250117064
img_06440.jpg,0.990000009537,0.00999999977648
img_01685.jpg,0.984428048134,0.0155719714239
img_06207.jpg,0.990000009537,0.00999999977648
img_00285.jpg,0.990000009537,0.00999999977648
img_07700.jpg,0.990000009537,0.00999999977648
img_00765.jpg,0.990000009537,0.00999999977648
img_01379.jpg,0.990000009537,0.00999999977648
img_03929.jpg,0.990000009537,0.00999999977648
