ALB,BET,DOL,LAG,NoF,OTHER,SHARK,YFT,image
0.71081161499,0.0678570643067,0.0149087607861,0.0176019538194,0.0019139215583,0.0526278205216,0.0216807033867,0.112598143518,img_00007.jpg
0.866292893887,0.0348843224347,0.00535283284262,0.00607345858589,0.000851846591104,0.0392153710127,0.0144423926249,0.0328869260848,img_00009.jpg
0.592626988888,0.0756054371595,0.0255762841552,0.0237410906702,0.00337441009469,0.0862179026008,0.0356168299913,0.157241091132,img_00018.jpg
0.409598499537,0.0890485420823,0.0376972295344,0.019766939804,0.00210080388933,0.109348349273,0.0895576700568,0.242881938815,img_00027.jpg
0.928166627884,0.0222282260656,0.00235787802376,0.0017745817313,0.000121483397379,0.0144622847438,0.00396408094093,0.0269248131663,img_00053.jpg
0.764386832714,0.0549487173557,0.0116890566424,0.013537700288,0.00128825369757,0.0537279993296,0.0205507650971,0.0798707082868,img_00071.jpg
0.293124765158,0.048235218972,0.0110585121438,0.0028633477632,0.00044602539856,0.0221731271595,0.00785532500595,0.614243686199,img_00075.jpg
0.454561084509,0.0892985388637,0.0541942976415,0.0199904497713,0.00242502591573,0.0785991847515,0.0241096038371,0.27682185173,img_00102.jpg
0.765563070774,0.0623884946108,0.00992308277637,0.0113726584241,0.00142027798574,0.0543760098517,0.0211176592857,0.0738387331367,img_00103.jpg
0.310894966125,0.0608329959214,0.0145844472572,0.00594302592799,0.00122970936354,0.0163493324071,0.0142390979454,0.575926423073,img_00109.jpg
0.280906498432,0.0789428278804,0.0639275535941,0.0119254514575,0.00139155460056,0.0738915279508,0.00905865710229,0.479955941439,img_00120.jpg
0.52743434906,0.0886443778872,0.145240560174,0.00899532530457,0.000939494464546,0.0411600098014,0.0127588845789,0.174827024341,img_00125.jpg
0.222242534161,0.0351573973894,0.0392887704074,0.000495913263876,2.13109469769e-05,0.00182145414874,0.00146823935211,0.699504375458,img_00128.jpg
0.438724040985,0.0808014199138,0.0315361954272,0.0180866923183,0.00205015391111,0.0454817824066,0.0242219660431,0.359097748995,img_00129.jpg
0.758077144623,0.0500024557114,0.0116030396894,0.0092560518533,0.000704494945239,0.0507251620293,0.0204755496234,0.0991561412811,img_00138.jpg
0.0708590969443,0.0375645644963,0.0479257144034,0.000745201483369,3.84093327739e-05,0.00155167945195,0.00236794608645,0.838947355747,img_00141.jpg
0.410316377878,0.107287108898,0.0456535331905,0.0293578710407,0.00408901553601,0.132950603962,0.0270626172423,0.243282794952,img_00152.jpg
0.426366895437,0.140833690763,0.0308700893074,0.0192537289113,0.00188775814604,0.0256414916366,0.00805780570954,0.347088575363,img_00161.jpg
0.51996254921,0.112811721861,0.0352585762739,0.0217281598598,0.00317112286575,0.0535686314106,0.0188841950148,0.234615087509,img_00170.jpg
0.456491678953,0.0766662359238,0.0264618787915,0.00769237009808,0.000598346989136,0.0274555757642,0.00808263476938,0.396551251411,img_00175.jpg
0.444266796112,0.0676582679152,0.0157668013126,0.00479832990095,0.000183822106919,0.00765128061175,0.00810466054827,0.451570004225,img_00180.jpg
0.342884778976,0.118523798883,0.0412523262203,0.0261123832315,0.00315778399818,0.0786220505834,0.0318270809948,0.357619851828,img_00212.jpg
0.512845516205,0.121162615716,0.0237364768982,0.0636383667588,0.00401599658653,0.0608667246997,0.026552811265,0.187181457877,img_00223.jpg
0.84239500761,0.0403639934957,0.00887254718691,0.00536329299212,0.000490392616484,0.0329898446798,0.00627887481824,0.0632460936904,img_00230.jpg
0.311660766602,0.0996851995587,0.0180272758007,0.0263322237879,0.0025425942149,0.027629211545,0.358841538429,0.155281171203,img_00232.jpg
0.401848644018,0.144795536995,0.0341070108116,0.0452291555703,0.00395875237882,0.0755520090461,0.0297735929489,0.26473531127,img_00244.jpg
0.694875240326,0.0704611167312,0.0150166759267,0.0209365468472,0.00271285139024,0.0665007308125,0.0314278267324,0.0980690345168,img_00280.jpg
0.574004352093,0.0815955996513,0.0232461839914,0.0151739465073,0.00160866009537,0.0562358796597,0.0209523830563,0.227182999253,img_00282.jpg
0.435383409262,0.0616193711758,0.0596259981394,0.00464397249743,0.000399282900617,0.0419569052756,0.00367359421216,0.392697483301,img_00285.jpg
0.888266146183,0.0233210977167,0.00495325913653,0.00164398446213,9.80991389952e-05,0.0154281146824,0.00530106713995,0.0609882287681,img_00292.jpg
0.93930631876,0.0127525227144,0.00403383979574,0.000545327027794,4.29070823884e-05,0.00801063049585,0.00111800304148,0.0341904647648,img_00311.jpg
0.722759485245,0.0653241500258,0.0156343858689,0.0193562954664,0.00251792906784,0.0566741116345,0.0258526559919,0.0918809771538,img_00320.jpg
0.391129881144,0.0569778122008,0.0112660331652,0.0357740707695,0.00208008266054,0.127951338887,0.296334207058,0.078486546874,img_00331.jpg
0.301205664873,0.0518113486469,0.0267787445337,0.00158789474517,7.56712615839e-05,0.0118663785979,0.0032044807449,0.603469848633,img_00358.jpg
0.550083518028,0.0881867110729,0.040734000504,0.0140904225409,0.00225192052312,0.0551637001336,0.0117016760632,0.237788081169,img_00374.jpg
0.544947445393,0.0712070092559,0.0164693389088,0.0179496984929,0.00225473986939,0.163506522775,0.0302539821714,0.153411239386,img_00380.jpg
0.881882190704,0.0293614957482,0.0042182081379,0.00345425656997,0.000122002587887,0.0159506779164,0.00318500306457,0.061826210469,img_00383.jpg
0.875910580158,0.0353219844401,0.00450398912653,0.00809441227466,0.000457440270111,0.0234658326954,0.00847838167101,0.0437673218548,img_00398.jpg
0.807202339172,0.0437710620463,0.00916271749884,0.0157053675503,0.00189988210332,0.0404705516994,0.0215445812792,0.0602435059845,img_00407.jpg
0.257020831108,0.0646404102445,0.0418150536716,0.0118106892332,0.00100050028414,0.0270763691515,0.0126442909241,0.58399194479,img_00417.jpg
0.102497033775,0.0788561031222,0.261817514896,0.00346944085322,0.000291517208098,0.0127697661519,0.001371360966,0.538927257061,img_00442.jpg
0.530526578426,0.107652187347,0.020827434957,0.0662950798869,0.00362734193914,0.0887958481908,0.038258433342,0.144017085433,img_00446.jpg
0.74726587534,0.0549470186234,0.0146130109206,0.0195659901947,0.00301807024516,0.0443966984749,0.0205024667084,0.0956908687949,img_00469.jpg
0.148617446423,0.0917652845383,0.115041978657,0.00454203831032,0.000196432054508,0.0168093536049,0.00166574586183,0.621361792088,img_00473.jpg
0.583226442337,0.076879940927,0.027599805966,0.0197739526629,0.0018433224177,0.0470898002386,0.0207513775676,0.222835347056,img_00483.jpg
0.533241152763,0.112715981901,0.0176412928849,0.0223311260343,0.00261030276306,0.0585031099617,0.0268320459872,0.226125001907,img_00484.jpg
0.233595743775,0.0456599183381,0.0374289117754,0.00315150641836,9.23261395656e-05,0.00541301304474,0.00123118539341,0.673427402973,img_00518.jpg
0.501999557018,0.0650765895844,0.0461919270456,0.0160330440849,0.00183603772894,0.0656782314181,0.0168407019228,0.286343961954,img_00533.jpg
0.730949580669,0.0632780715823,0.0120472060516,0.0174048934132,0.00175769685302,0.0556496493518,0.0280781779438,0.0908347964287,img_00538.jpg
0.92575353384,0.0201926697046,0.00426453212276,0.00193082075566,0.000202727329452,0.0144213549793,0.00294939777814,0.0302849635482,img_00543.jpg
0.315305948257,0.250014841557,0.0141940163448,0.0108521496877,0.0010923090158,0.201014026999,0.0385941751301,0.168932497501,img_00550.jpg
0.688203155994,0.0436771214008,0.0109260482714,0.00351192313246,0.000241738263867,0.0273595750332,0.00514700403437,0.220933437347,img_00551.jpg
0.228084817529,0.0919872447848,0.198062181473,0.0105595020577,0.00160717207473,0.11915910244,0.0129069052637,0.337633132935,img_00575.jpg
0.860256135464,0.021852619946,0.00481234677136,0.000866271846462,7.00792879798e-05,0.0132822403684,0.00549677340314,0.0933636054397,img_00582.jpg
0.89395827055,0.0258533786982,0.00359678012319,0.00100746506359,2.92937711492e-05,0.00753453420475,0.00103704817593,0.0669832602143,img_00584.jpg
0.154680579901,0.070120640099,0.147842183709,0.00406433315948,0.000771237479057,0.0577810518444,0.00403666356578,0.560703277588,img_00587.jpg
0.323206543922,0.0856367275119,0.0261358618736,0.00554756866768,0.000793414947111,0.0194629728794,0.00576875917614,0.533448159695,img_00590.jpg
0.359843879938,0.084495075047,0.0411125198007,0.0190786868334,0.00130407034885,0.138974145055,0.0894750058651,0.265716582537,img_00591.jpg
0.869560539722,0.0338205210865,0.00685342168435,0.00621153181419,0.000991182518192,0.0314820371568,0.0102473795414,0.0408333651721,img_00598.jpg
0.276581197977,0.0751758441329,0.0974866077304,0.00686965370551,0.000868463597726,0.0274692252278,0.00539788557217,0.510151147842,img_00599.jpg
0.766621768475,0.0563617311418,0.0107011375949,0.0158767849207,0.00168350816239,0.0588967949152,0.0254575610161,0.0644007250667,img_00612.jpg
0.484276175499,0.0931774750352,0.0316589511931,0.0145552530885,0.00204776437022,0.0565803162754,0.0221191737801,0.295584857464,img_00620.jpg
0.547275304794,0.0853345915675,0.018732348457,0.0147293535993,0.00180953124072,0.059857327491,0.0225437711924,0.249717786908,img_00642.jpg
0.298815846443,0.113180555403,0.0230439472944,0.0548870675266,0.0013662991114,0.0505108684301,0.0162765290588,0.441918849945,img_00646.jpg
0.866703748703,0.0356844104826,0.00677231187001,0.0033765907865,0.000283858826151,0.0203491412103,0.00528000434861,0.0615498833358,img_00648.jpg
0.967524349689,0.00708132237196,0.00227214652114,0.000314762495691,2.20846268348e-05,0.00861346442252,0.00182465149555,0.0123472362757,img_00664.jpg
0.0717286989093,0.0592081435025,0.131864413619,0.0030901033897,0.000184523931239,0.00659168278798,0.00397576438263,0.723356664181,img_00697.jpg
0.520447194576,0.167446121573,0.0118740610778,0.0140631468967,0.00202088989317,0.105281628668,0.106222845614,0.0726440623403,img_00708.jpg
0.115313835442,0.0651526972651,0.0545622259378,0.00859905872494,0.000983612495475,0.493445068598,0.00687574222684,0.255067706108,img_00716.jpg
0.65149050951,0.0834154710174,0.0155092068017,0.0270426329225,0.00357530661859,0.0812268853188,0.0432594902813,0.0944805368781,img_00717.jpg
0.615174591541,0.0715903267264,0.0206597447395,0.0118898218498,0.00152666727081,0.0479318797588,0.0152082741261,0.216018721461,img_00718.jpg
0.740671932697,0.0502443797886,0.0148875648156,0.0160475242883,0.00188537454233,0.0463628768921,0.0231145098805,0.106785774231,img_00724.jpg
0.763386666775,0.0603684298694,0.00996063370258,0.0127162551507,0.0013507460244,0.0531442463398,0.019207296893,0.0798657611012,img_00726.jpg
0.5646905303,0.0904423519969,0.0350668281317,0.0259468108416,0.00312828086317,0.0749172866344,0.0329101905227,0.172897771001,img_00730.jpg
0.958289384842,0.00944811850786,0.00167413556483,0.000927676854189,0.000110810920887,0.0138540230691,0.00471611414105,0.0109797185287,img_00757.jpg
0.908631026745,0.0289905574173,0.00384639413096,0.00237669725902,0.000184357268154,0.0164210293442,0.003073312575,0.0364765822887,img_00760.jpg
0.00884476583451,0.00232724123634,0.00138420250732,2.52411859947e-06,3.33746963399e-09,1.06562511064e-05,9.20057209441e-06,0.987421452999,img_00764.jpg
0.492936760187,0.104098677635,0.0348428227007,0.0245376136154,0.00346450950019,0.090218693018,0.0298574957997,0.22004340589,img_00765.jpg
0.436603218317,0.112486042082,0.0261996593326,0.0807249248028,0.00527961924672,0.0867044702172,0.0743504539132,0.177651524544,img_00772.jpg
0.95518797636,0.0111713223159,0.00240799761377,0.000982511439361,9.62635167525e-05,0.0164290238172,0.00369807309471,0.0100268498063,img_00777.jpg
0.258054882288,0.253994196653,0.0346915088594,0.0102433785796,0.00112248910591,0.0249387081712,0.00988428201526,0.40707051754,img_00780.jpg
0.781042516232,0.0508029572666,0.012109644711,0.0084437681362,0.000750420906115,0.0294077470899,0.00977811217308,0.107664823532,img_00798.jpg
0.720459640026,0.0621914416552,0.0140403313562,0.0130666717887,0.00187671603635,0.0757785737514,0.0183128658682,0.0942737385631,img_00808.jpg
0.836484611034,0.0422944314778,0.00809221342206,0.00459566386417,0.000558845989872,0.0324618779123,0.00726065970957,0.0682516396046,img_00816.jpg
0.502311348915,0.166408315301,0.0180763471872,0.0252612233162,0.00352387060411,0.102496176958,0.0726116299629,0.10931109637,img_00833.jpg
0.588781416416,0.0906845331192,0.0234605912119,0.026855699718,0.00369892572053,0.0799298286438,0.0396367348731,0.146952271461,img_00837.jpg
0.94628238678,0.012533348985,0.00287950062193,0.000641446677037,4.80915878143e-05,0.0125044332817,0.00311820092611,0.0219926089048,img_00855.jpg
0.860894918442,0.0379555560648,0.00854790583253,0.00632223719731,0.000486771576107,0.0292864944786,0.00721544027328,0.0492906868458,img_00857.jpg
0.295709580183,0.117439173162,0.0312103703618,0.030845573172,0.00175419636071,0.0645163729787,0.0205338764936,0.437990903854,img_00858.jpg
0.447475522757,0.129137888551,0.0295348390937,0.0413577444851,0.00367002957501,0.046699706465,0.0281974151731,0.273926854134,img_00865.jpg
0.322547733784,0.104820661247,0.0160165950656,0.0310081243515,0.00224310206249,0.035225789994,0.324867993593,0.163269996643,img_00902.jpg
0.0286622028798,0.0205667708069,0.00730043044314,0.000225894080359,6.03359649176e-06,0.000434158806456,5.35387407581e-05,0.942750930786,img_00914.jpg
0.825800359249,0.0418642945588,0.00899125169963,0.00591795193031,0.000881174753886,0.038784109056,0.0133473007008,0.0644135549664,img_00921.jpg
0.534836113453,0.0806904956698,0.0216073114425,0.0193937011063,0.00251436652616,0.0528303422034,0.0271329265088,0.260994672775,img_00927.jpg
0.635892570019,0.0667575746775,0.0201603900641,0.0236593652517,0.00172977114562,0.0306490305811,0.0231347624213,0.19801658392,img_00943.jpg
0.885016441345,0.0300798360258,0.00517972046509,0.00533956056461,0.000714696012437,0.0310866329819,0.0124187944457,0.0301642436534,img_00959.jpg
0.423360109329,0.11351647228,0.0352162607014,0.0220766048878,0.00278589781374,0.0641252398491,0.0311721619219,0.307747244835,img_00962.jpg
0.183570608497,0.0808956772089,0.0348269231617,0.00466499384493,0.000556016515475,0.0215323213488,0.00709566799924,0.666857779026,img_00964.jpg
0.622798442841,0.0644936859608,0.0161870419979,0.00963104702532,0.000509445031639,0.0187721829861,0.00784253701568,0.259765654802,img_00979.jpg
0.444089174271,0.0957179367542,0.0203981306404,0.0160475689918,0.00129281205591,0.13211761415,0.0268486756831,0.26348811388,img_00985.jpg
0.672907829285,0.0656810775399,0.0197315122932,0.0204831063747,0.00252052117139,0.070804990828,0.0286851227283,0.119185827672,img_00999.jpg
0.484182596207,0.0789160951972,0.0193770062178,0.0136363059282,0.00125642179046,0.0957172438502,0.0253294315189,0.281584888697,img_01022.jpg
0.658079683781,0.0999098643661,0.0432994067669,0.0196606069803,0.00205596233718,0.0454632043839,0.014977469109,0.116553761065,img_01031.jpg
0.916535913944,0.0206071119756,0.0036456163507,0.00286092679016,0.000316848425427,0.0283009689301,0.00813880283386,0.0195938218385,img_01035.jpg
0.462684899569,0.0464858412743,0.0132418023422,0.00546679459512,0.000851545482874,0.0339068137109,0.013815282844,0.423547029495,img_01059.jpg
0.593307554722,0.084757655859,0.0187663603574,0.0197619590908,0.00247924705036,0.0650331154466,0.02553316392,0.19036090374,img_01103.jpg
0.874575078487,0.0225798431784,0.00559231871739,0.00108345469926,8.39445565362e-05,0.0151037080213,0.00371837452985,0.0772632658482,img_01116.jpg
0.496467858553,0.0680062398314,0.028858596459,0.0056368089281,0.00040224174154,0.0217154677957,0.0054799481295,0.373432785273,img_01134.jpg
0.782775878906,0.044417232275,0.0112426253036,0.00593847408891,0.0008203771431,0.0370198711753,0.0147371860221,0.10304838419,img_01179.jpg
0.450090259314,0.0999428555369,0.0461215935647,0.0204439219087,0.00346146407537,0.0941430553794,0.0227474812418,0.263049393892,img_01188.jpg
0.89089101553,0.0230048615485,0.00594045035541,0.00189670047257,0.000163341304869,0.00968113821,0.00307268765755,0.0653498098254,img_01211.jpg
0.807699203491,0.0345721244812,0.0082231303677,0.0129335587844,0.00148017553147,0.0541631318629,0.0190308149904,0.0618978589773,img_01213.jpg
0.820187032223,0.0454536825418,0.00802612863481,0.0085048796609,0.00128241046332,0.0434784628451,0.0156107582152,0.0574566461146,img_01222.jpg
0.61933273077,0.0725963041186,0.0145062236115,0.0148767577484,0.00153479154687,0.0506834238768,0.0199457686394,0.206524014473,img_01224.jpg
0.43516048789,0.116312384605,0.0235812440515,0.0170384384692,0.001234142459,0.0191651005298,0.00673099467531,0.380777150393,img_01253.jpg
0.79624080658,0.0185237396508,0.0063843713142,0.000818610482384,6.64079780108e-05,0.0115614840761,0.00348554062657,0.162919104099,img_01286.jpg
0.571020781994,0.062926761806,0.0266542434692,0.00641010934487,0.000998074770905,0.0462592206895,0.0132641866803,0.272466659546,img_01289.jpg
0.776103675365,0.054653853178,0.0114415949211,0.0196557641029,0.00281768944114,0.0324820764363,0.0163615923375,0.0864838287234,img_01328.jpg
0.380164772272,0.0950548872352,0.0266708824784,0.0106080025434,0.000871146970894,0.0298862736672,0.0113874422386,0.44535651803,img_01366.jpg
0.769642353058,0.0562819428742,0.0102245807648,0.0103994263336,0.00105309637729,0.0541283078492,0.0176829919219,0.0805873200297,img_01371.jpg
0.7195520401,0.0583684034646,0.0149685069919,0.0178106501698,0.00212317355908,0.0677571222186,0.0262469649315,0.0931731462479,img_01379.jpg
0.482926756144,0.083818398416,0.0484352111816,0.0132509851828,0.00217508128844,0.105479955673,0.0151117173955,0.248801901937,img_01388.jpg
0.0750809833407,0.181283041835,0.0171891730279,0.00358923454769,2.41438556259e-05,0.00227943994105,0.000890095077921,0.719663858414,img_01392.jpg
0.0176079068333,0.0325015150011,0.250557780266,0.000210393787711,7.14327688911e-06,0.00067240576027,0.000766824407037,0.697676002979,img_01399.jpg
0.599969685078,0.0986077189445,0.0177329909056,0.0386032573879,0.00405817478895,0.0735919773579,0.0355861932039,0.131850004196,img_01404.jpg
0.763761103153,0.0601509809494,0.00996426958591,0.0119105912745,0.00124362006318,0.0564524121583,0.0192455518991,0.0772714540362,img_01405.jpg
0.871450424194,0.0255392510444,0.00793175771832,0.00324474275112,0.000558788422495,0.0298388507217,0.00788895785809,0.0535472333431,img_01413.jpg
0.711113274097,0.0751913189888,0.0116612864658,0.0180895235389,0.00209703110158,0.0689264163375,0.0287117715925,0.08420933038,img_01426.jpg
0.481853157282,0.117695085704,0.016893049702,0.0147657496855,0.000830007717013,0.0108558842912,0.00403745798394,0.353069633245,img_01441.jpg
0.397877126932,0.0572180561721,0.0998794808984,0.00350014329888,0.00023856550979,0.0433455370367,0.00116853252985,0.396772533655,img_01444.jpg
0.708945512772,0.0743828713894,0.0131652876735,0.021567074582,0.00343580613844,0.0670618414879,0.0371924079955,0.0742491856217,img_01490.jpg
0.404441028833,0.113301061094,0.0328175239265,0.0283110830933,0.00405377522111,0.0922320261598,0.0308900419623,0.293953448534,img_01495.jpg
0.93147701025,0.015808487311,0.00322466250509,0.000838161446154,4.62251882709e-05,0.0182254090905,0.00262696202844,0.0277530997992,img_01511.jpg
0.570195674896,0.0689830109477,0.0181929208338,0.00870679970831,0.0010291414801,0.0560037791729,0.0147215165198,0.262167185545,img_01519.jpg
0.600157678127,0.0993433371186,0.0215344484895,0.0238630603999,0.00268576201051,0.0637227892876,0.0276092384011,0.161083683372,img_01530.jpg
0.981080591679,0.00628557428718,0.000649688125122,0.000368963257642,4.99314046465e-06,0.00483858818188,0.000408668624004,0.00636294251308,img_01537.jpg
0.541495382786,0.0831550136209,0.0636461228132,0.0130271343514,0.00170759262983,0.0647564306855,0.0187050607055,0.213507294655,img_01538.jpg
0.879289448261,0.0355953685939,0.00393145950511,0.00585030065849,0.000244930095505,0.0230981651694,0.00878797471523,0.043202355504,img_01543.jpg
0.678373277187,0.0793008878827,0.0146713918075,0.0265313405544,0.0034217548091,0.0735907629132,0.036166459322,0.0879441127181,img_01552.jpg
0.283768683672,0.0738324820995,0.0616974979639,0.0147301452234,0.00200498779304,0.0505418479443,0.0126003650948,0.500824034214,img_01562.jpg
0.60931712389,0.0856535807252,0.0207663122565,0.0290177147835,0.00369155406952,0.0609954185784,0.0434683077037,0.147089958191,img_01571.jpg
0.658703863621,0.068267993629,0.0209811124951,0.0222230497748,0.00281141581945,0.0756141394377,0.030943652615,0.120454765856,img_01593.jpg
0.488241821527,0.142686784267,0.0231217052788,0.0307722017169,0.00358517584391,0.066523976624,0.0239384323359,0.221129849553,img_01616.jpg
0.749141156673,0.0570704303682,0.0125361727551,0.0173622276634,0.00215674634092,0.0520900972188,0.0255532655865,0.0840899422765,img_01618.jpg
0.399709224701,0.0796965658665,0.0797680988908,0.0210257712752,0.00291512231342,0.100529499352,0.0308667514473,0.285488963127,img_01627.jpg
0.743330657482,0.0660422071815,0.00944902002811,0.0169506650418,0.0018584622303,0.0676912888885,0.0291904192418,0.0654872208834,img_01633.jpg
0.92380541563,0.0184639599174,0.0047150994651,0.00114386517089,0.00010143477266,0.0102297114208,0.00168340664823,0.0398571230471,img_01640.jpg
0.675180375576,0.0763390734792,0.0149905188009,0.0241477638483,0.00325409811921,0.0771081671119,0.0381181538105,0.0908619165421,img_01646.jpg
0.954160392284,0.011918656528,0.00226840027608,0.00043564371299,2.69886950264e-05,0.0109516978264,0.00178045080975,0.0184578336775,img_01669.jpg
0.658533751965,0.0469555854797,0.0119700208306,0.00774638913572,0.000804506707937,0.0350810401142,0.0157649368048,0.223143815994,img_01681.jpg
0.769145965576,0.0567544214427,0.011479396373,0.0123107591644,0.00127472635359,0.049587816,0.0194081161171,0.0800388082862,img_01684.jpg
0.445887118578,0.124063760042,0.0315668843687,0.0242017675191,0.00257913395762,0.0566831640899,0.0277911070734,0.287227094173,img_01687.jpg
0.441470950842,0.0803888961673,0.0226454213262,0.016575217247,0.00137630989775,0.0715760886669,0.0196951311082,0.346271961927,img_01688.jpg
0.650961816311,0.0500774867833,0.0211872812361,0.0135540077463,0.00159274367616,0.0631263032556,0.0129635604098,0.186536803842,img_01689.jpg
0.909734547138,0.0257173702121,0.0031120700296,0.00444022938609,0.000243205067818,0.0226201955229,0.00559329800308,0.0285390764475,img_01724.jpg
0.68533039093,0.0728366151452,0.0145294265822,0.0213714912534,0.00272583938204,0.0763463452458,0.0356192700565,0.0912405848503,img_01771.jpg
0.472390532494,0.0708820000291,0.0419951863587,0.0104392254725,0.00112449319568,0.0495495013893,0.0160259027034,0.337593197823,img_01773.jpg
0.777347564697,0.0533037781715,0.00947884004563,0.0140944970772,0.00147220399231,0.0600822865963,0.022854603827,0.0613662451506,img_01824.jpg
0.484702795744,0.115391343832,0.0305158142,0.0208748634905,0.00217522284947,0.0529890954494,0.0185901392251,0.274760723114,img_01831.jpg
0.27354735136,0.177660509944,0.0395233668387,0.0585235357285,0.00372086744756,0.0413827784359,0.0314952842891,0.374146312475,img_01834.jpg
0.405987620354,0.0716101452708,0.0624517351389,0.00667390972376,0.000411592889577,0.0361827015877,0.00504554435611,0.411636739969,img_01847.jpg
0.560349285603,0.068876825273,0.0178513992578,0.0109694711864,0.00122756825294,0.0329415947199,0.0123626766726,0.295421212912,img_01853.jpg
0.517276346684,0.0718699619174,0.0567521713674,0.0186200346798,0.00218165223487,0.0659915879369,0.02348713018,0.243821099401,img_01856.jpg
0.866703271866,0.0338889099658,0.00555272959173,0.00705581717193,0.000534451857675,0.0305010024458,0.00858885701746,0.0471749156713,img_01862.jpg
0.700561583042,0.0360105372965,0.00488611683249,0.00650884723291,0.000281200103927,0.0441414006054,0.110895656049,0.0967146530747,img_01874.jpg
0.519633471966,0.0799154415727,0.0303868353367,0.0137553373352,0.00219048303552,0.0775738358498,0.0162151418626,0.260329514742,img_01888.jpg
0.724494695663,0.0577585063875,0.0146521730348,0.019019888714,0.00263699074276,0.0639967992902,0.032340541482,0.0851004496217,img_01918.jpg
0.546863019466,0.0806347802281,0.0188923999667,0.0242214072496,0.0027907055337,0.127022027969,0.0296946745366,0.169880971313,img_01930.jpg
0.788021147251,0.0456266701221,0.0121024856344,0.01891589351,0.00310263573192,0.0362001024187,0.0205134116113,0.0755176097155,img_01932.jpg
0.304962068796,0.122628234327,0.0258038844913,0.00699467211962,0.000333031726768,0.0100622931495,0.00327864591964,0.525937139988,img_01955.jpg
0.317338496447,0.108093030751,0.0627829805017,0.0202041044831,0.00259551894851,0.0501094274223,0.0300709549338,0.40880548954,img_01963.jpg
0.495507568121,0.0641478300095,0.0198776908219,0.0221958365291,0.00364706036635,0.0565882883966,0.0293259173632,0.308709770441,img_01966.jpg
0.448803901672,0.0559760294855,0.0146486759186,0.0182671230286,0.0024790065363,0.0576835013926,0.0309424996376,0.371199250221,img_01983.jpg
0.522511541843,0.0585849583149,0.0307498630136,0.0167542751878,0.00200059753843,0.0583018921316,0.0247609633952,0.286335915327,img_01984.jpg
0.51421225071,0.110927082598,0.028269007802,0.0265133883804,0.00309945456684,0.0640930831432,0.0327701456845,0.220115557313,img_01995.jpg
0.756553351879,0.0524245351553,0.0105094015598,0.0174579620361,0.0018574061105,0.058772880584,0.0327954925597,0.0696290358901,img_01996.jpg
0.345615416765,0.0781915187836,0.0812368318439,0.00721763959154,0.000821876572445,0.0664866045117,0.00935870688409,0.411071330309,img_02001.jpg
0.976318836212,0.00628708163276,0.00105599721428,0.000293781369692,1.72627860593e-05,0.00714199431241,0.00186622061301,0.00701878406107,img_02006.jpg
0.904407203197,0.0244917422533,0.00405855616555,0.0039107054472,0.000227009586524,0.0253641661257,0.00504562305287,0.0324950031936,img_02066.jpg
0.588288784027,0.0941439047456,0.0200383383781,0.0208162534982,0.00222959485836,0.0625972226262,0.0313879400492,0.180497989058,img_02074.jpg
0.406305670738,0.115980438888,0.0364824347198,0.0236753839999,0.00209558219649,0.0580285042524,0.030487023294,0.326944947243,img_02076.jpg
0.54325646162,0.0865926668048,0.0212300475687,0.0131635880098,0.00085916108219,0.0326247476041,0.0177330356091,0.284540325403,img_02077.jpg
0.96355175972,0.010164747946,0.00113184261136,0.000546035997104,3.43731408066e-05,0.0125170499086,0.00183648744132,0.0102177336812,img_02096.jpg
0.540474295616,0.138442203403,0.0211560353637,0.0390376113355,0.00352993886918,0.0522940047085,0.0234819334,0.181584015489,img_02119.jpg
0.446301370859,0.0416366048157,0.00665803486481,0.0149670019746,0.000802666414529,0.0835513845086,0.359309881926,0.046773057431,img_02124.jpg
0.994972646236,0.00134807359427,0.000377093208954,1.14159556688e-05,1.47897580405e-07,0.00153853523079,9.57587399171e-05,0.00165633962024,img_02172.jpg
0.649566173553,0.0621496327221,0.01380997058,0.0115799196064,0.00155317864846,0.0812815651298,0.0259716305882,0.154087916017,img_02180.jpg
0.0660065934062,0.041114795953,0.153026938438,0.00315927085467,8.31224897411e-05,0.0391991809011,0.00107470422518,0.696335375309,img_02188.jpg
0.635618627071,0.0766338706017,0.0107774855569,0.0253263246268,0.00230939779431,0.0960047543049,0.0861403420568,0.0671892091632,img_02209.jpg
0.451609641314,0.0829387679696,0.0124615691602,0.0169471185654,0.00180806731805,0.0704466626048,0.270694762468,0.0930933877826,img_02235.jpg
0.679620563984,0.0736369416118,0.0163355153054,0.0145784765482,0.000903298438061,0.0378761179745,0.0169409345835,0.160108104348,img_02252.jpg
0.540769517422,0.103209793568,0.0266291443259,0.0212104748935,0.00261983205564,0.0781507864594,0.0303539838642,0.197056517005,img_02268.jpg
0.68711656332,0.0705141499639,0.0196960568428,0.020627040416,0.00345256156288,0.0670022144914,0.0284565985203,0.103134848177,img_02270.jpg
0.720374822617,0.0666174441576,0.0122958384454,0.0168507713825,0.0022218124941,0.0732220038772,0.0288896132261,0.0795277431607,img_02281.jpg
0.115619085729,0.0594246573746,0.0774454697967,0.00169359717984,0.000133920490043,0.00686288671568,0.00341534358449,0.735405147076,img_02282.jpg
0.723982572556,0.0635052770376,0.0146996350959,0.0177871007472,0.00225565698929,0.0577322132885,0.02583043091,0.0942071452737,img_02291.jpg
0.743811130524,0.070937179029,0.0111137619242,0.0164733249694,0.00209028157406,0.0474192947149,0.0178691502661,0.0902857854962,img_02299.jpg
0.750901937485,0.0591299124062,0.0122226784006,0.00837631430477,0.000772158848122,0.0343415141106,0.0117916604504,0.122463822365,img_02305.jpg
0.537053525448,0.0739661082625,0.016202384606,0.0108065707609,0.00111533969175,0.0538553707302,0.0167263690382,0.290274351835,img_02307.jpg
0.943199336529,0.0116909267381,0.0036672486458,0.000608008820564,5.41808112757e-05,0.0124522596598,0.00181262486149,0.0265154391527,img_02309.jpg
0.683456659317,0.0269219186157,0.0561396740377,0.00136381725315,0.000101805366285,0.0697424039245,0.00150023412425,0.160773470998,img_02318.jpg
0.439747005701,0.0669487789273,0.0140899121761,0.00596866523847,0.000193496452994,0.00769383506849,0.0090526426211,0.456305652857,img_02356.jpg
0.837425470352,0.0410496629775,0.00733072683215,0.00491058500484,0.000631150032859,0.0248313564807,0.00916175078601,0.0746592432261,img_02367.jpg
0.2632573843,0.159772187471,0.143023595214,0.0207205172628,0.00220642681234,0.109017826617,0.0101401833817,0.291861891747,img_02379.jpg
0.276420623064,0.0770626664162,0.0875229761004,0.0142811341211,0.00137323851231,0.0964010730386,0.0128162326291,0.434122085571,img_02384.jpg
0.385200887918,0.080876916647,0.0201146826148,0.0189569368958,0.00216502533294,0.0464439541101,0.0179588589817,0.428282737732,img_02398.jpg
0.761011779308,0.0522139780223,0.0111675830558,0.0163450837135,0.00212118565105,0.0599835813046,0.028125025332,0.0690318346024,img_02400.jpg
0.686351001263,0.0623110234737,0.0152229415253,0.0118984207511,0.00105672667269,0.0406073331833,0.0144155947492,0.168136954308,img_02406.jpg
0.799521744251,0.0471018962562,0.00949090346694,0.0159755758941,0.00195914483629,0.0395399741828,0.0229325518012,0.0634781494737,img_02412.jpg
0.538650035858,0.112208254635,0.0246465951204,0.0313358008862,0.00453845364973,0.0705603137612,0.0421465449035,0.175914004445,img_02422.jpg
0.377755314112,0.158588290215,0.0232821088284,0.0193146783859,0.00318740750663,0.0802874267101,0.0560368187726,0.281547933817,img_02486.jpg
0.354953736067,0.10033967346,0.0400637388229,0.0330902971327,0.00286049512215,0.0533813051879,0.0322115272284,0.383099228144,img_02487.jpg
0.704090833664,0.0507643967867,0.0151865072548,0.00779940607026,0.000859570049215,0.0478549040854,0.0152737125754,0.158170700073,img_02522.jpg
0.444586485624,0.0526743344963,0.0197671409696,0.00169705238659,0.000102056328615,0.0152733819559,0.00298261758871,0.462916940451,img_02556.jpg
0.595255672932,0.0935067236423,0.0201270356774,0.0323053225875,0.00436519132927,0.0818832814693,0.0505643002689,0.121992386878,img_02565.jpg
0.798839151859,0.0527151338756,0.0093284510076,0.00778323598206,0.000678155163769,0.0362877063453,0.0125485509634,0.0818195715547,img_02574.jpg
0.661235630512,0.0744668543339,0.0176424775273,0.0242883022875,0.00365113210864,0.0780010297894,0.0375010408461,0.103213526309,img_02602.jpg
0.135966703296,0.0602976717055,0.0221345946193,0.0119776008651,0.000562645320315,0.00567361339927,0.0105645181611,0.752822577953,img_02622.jpg
0.468764305115,0.051147762686,0.00772295286879,0.0168026741594,0.00080485799117,0.127726629376,0.280073910952,0.046956922859,img_02625.jpg
0.607096135616,0.0855169519782,0.0210332367569,0.026448354125,0.00328157097101,0.0692304447293,0.03645760566,0.15093575418,img_02636.jpg
0.495526760817,0.100105844438,0.0312149301171,0.0249198526144,0.00261501059867,0.0536067783833,0.0232267808169,0.268784016371,img_02638.jpg
0.116250567138,0.0507253445685,0.363309830427,0.0030168404337,0.000151492262376,0.042973279953,0.00158655887935,0.42198613286,img_02646.jpg
0.574757635593,0.0696634575725,0.0253423005342,0.0191288050264,0.00256523489952,0.0628684684634,0.0327113755047,0.212962731719,img_02656.jpg
0.621551215649,0.112962506711,0.0154457390308,0.0278196167201,0.00331617705524,0.0426896177232,0.0196091681719,0.156605958939,img_02679.jpg
0.801761329174,0.0211298149079,0.00802543293685,0.00114680617116,5.88924485783e-05,0.00567491538823,0.00118887179997,0.161013871431,img_02687.jpg
0.787120401859,0.0278609786183,0.00621840544045,0.00328899268061,0.000661403115373,0.0319762155414,0.0113448053598,0.131528735161,img_02699.jpg
0.95936948061,0.0104849757627,0.00150839251,0.000718382594641,4.14031528635e-05,0.0128222359344,0.00267250207253,0.0123826228082,img_02709.jpg
0.445783227682,0.0757724419236,0.0257991235703,0.0104771740735,0.00107068882789,0.0405707173049,0.0155480653048,0.384978562593,img_02726.jpg
0.647964060307,0.0757905766368,0.0180807970464,0.0199178848416,0.00254708179273,0.0601725168526,0.0296405088156,0.145886585116,img_02734.jpg
0.928982794285,0.0182813648134,0.00436709774658,0.00154954509344,0.000177346402779,0.0151156960055,0.00297622731887,0.0285499002784,img_02739.jpg
0.526587128639,0.115609399974,0.0341128148139,0.0209584068507,0.00320617598481,0.0588126890361,0.0189485978335,0.221764847636,img_02749.jpg
0.332076579332,0.0801260173321,0.0278909858316,0.00939786992967,0.000537215906661,0.0166438091546,0.00835026986897,0.524977266788,img_02759.jpg
0.732916295528,0.0638537183404,0.012260380201,0.0210013445467,0.00273159239441,0.0651429668069,0.0324203297496,0.0696733593941,img_02766.jpg
0.340274691582,0.0825781524181,0.0245465040207,0.0167507659644,0.0018307067221,0.0285713225603,0.0164932515472,0.488954633474,img_02769.jpg
0.536785662174,0.0875747129321,0.0261203050613,0.0230743866414,0.00292240991257,0.0659267827868,0.0316335521638,0.225962221622,img_02771.jpg
0.946528255939,0.0153440646827,0.0019078651676,0.00107096007559,1.04517121144e-05,0.00826716795564,0.00105785240885,0.0258133783937,img_02799.jpg
0.812514960766,0.0418845117092,0.00889949128032,0.0155400633812,0.00188991765026,0.037393771112,0.020995086059,0.0608822070062,img_02808.jpg
0.508175432682,0.0681876167655,0.0254861041903,0.00675471825525,0.000776817498263,0.0363924205303,0.0106829637662,0.343543916941,img_02811.jpg
0.114881895483,0.0294683855027,0.0837236121297,0.00310064572841,0.000275675702142,0.0569490157068,0.00319950375706,0.70840126276,img_02834.jpg
0.660542964935,0.0534439198673,0.0168742984533,0.0130100334063,0.00162487756461,0.0617035292089,0.0162767302245,0.17652361095,img_02837.jpg
0.857604980469,0.0245664995164,0.00734687410295,0.00473456457257,0.000224304429139,0.050365909934,0.00693010399118,0.0482267774642,img_02838.jpg
0.539863586426,0.0533289909363,0.00867955479771,0.0178194567561,0.00144074717537,0.0973740518093,0.223530992866,0.0579625926912,img_02842.jpg
0.592820048332,0.100047789514,0.0192786827683,0.0222408100963,0.00337182474323,0.0509994029999,0.033355332911,0.177886128426,img_02876.jpg
0.818366289139,0.0387825332582,0.0108001194894,0.00692093605176,0.000541380024515,0.0397542491555,0.012714589946,0.0721198990941,img_02889.jpg
0.479210734367,0.0652721598744,0.0237623099238,0.00464133964851,0.000255767052295,0.0210906397551,0.00515010440722,0.400616973639,img_02890.jpg
0.584596276283,0.089368917048,0.0240546558052,0.022721240297,0.00331483711489,0.0575349219143,0.0253564808518,0.193052649498,img_02899.jpg
0.867568433285,0.0388138964772,0.00482787378132,0.00572147080675,0.000481017021229,0.0258674379438,0.0104949111119,0.0462249852717,img_02904.jpg
0.716428816319,0.0685228779912,0.012029401958,0.0172645766288,0.00227765343152,0.0746833011508,0.0296799689531,0.0791134163737,img_02911.jpg
0.824184417725,0.050048917532,0.00779851339757,0.00886465329677,0.000908860180061,0.0341601967812,0.0100188590586,0.0640155673027,img_02916.jpg
0.689191639423,0.0729422345757,0.0116327926517,0.0180133040994,0.00240030162968,0.0921402648091,0.0352724716067,0.0784070119262,img_02920.jpg
0.545890450478,0.0859507247806,0.0236507952213,0.0238275695592,0.0035755885765,0.0591453909874,0.0255206096917,0.232438862324,img_02943.jpg
0.759792745113,0.0523522607982,0.0114103825763,0.0179624129087,0.00238592876121,0.0544899553061,0.0301886741072,0.0714176893234,img_02956.jpg
0.0627160966396,0.0504490546882,0.0459081567824,0.000362708698958,1.06347642941e-05,0.00182145519648,0.000704749079887,0.838027179241,img_02964.jpg
0.449374675751,0.0741192251444,0.0211384240538,0.0144378198311,0.000710091087967,0.0183431506157,0.0134242894128,0.408452302217,img_02974.jpg
0.449810504913,0.136040970683,0.0234149768949,0.0798482447863,0.00349539588206,0.0829052701592,0.038665831089,0.185818791389,img_02977.jpg
0.341467469931,0.120400823653,0.0253483653069,0.0236845556647,0.00283786351793,0.058665741235,0.0282186549157,0.399376541376,img_02993.jpg
0.518449246883,0.0761284902692,0.0408951900899,0.0177606735379,0.00242643128149,0.050583627075,0.0227544438094,0.271001905203,img_03043.jpg
0.521252274513,0.0910437405109,0.018104955554,0.0355228297412,0.0041639613919,0.102929212153,0.0891618654132,0.137821137905,img_03055.jpg
0.232568487525,0.0815454944968,0.0508840568364,0.00931716989726,0.000282278226223,0.0150142125785,0.00362693122588,0.606761395931,img_03069.jpg
0.588160216808,0.10894652456,0.0176817085594,0.0293305907398,0.0039671161212,0.0824639126658,0.0478455275297,0.121604450047,img_03074.jpg
0.680311203003,0.0763458237052,0.0147800398991,0.0251335706562,0.00340100121684,0.0730974376202,0.0373597107828,0.0895712450147,img_03078.jpg
0.548670232296,0.0831588208675,0.0440430231392,0.0222248416394,0.00330662005581,0.095372647047,0.0207426790148,0.182481124997,img_03080.jpg
0.480558872223,0.0968660339713,0.0417774356902,0.017791012302,0.0018283049576,0.0496344529092,0.0148361707106,0.296707749367,img_03082.jpg
0.278415352106,0.064197525382,0.038942784071,0.00703517766669,0.00055369985057,0.0313865691423,0.00536215817556,0.574106752872,img_03128.jpg
0.491641968489,0.0428208969533,0.0140790566802,0.000955939933192,5.88865841564e-05,0.0111792562529,0.0024268955458,0.436837106943,img_03135.jpg
0.596547484398,0.0868031308055,0.0261427462101,0.025867247954,0.00281312945299,0.065394192934,0.0264309328049,0.170001104474,img_03140.jpg
0.595026373863,0.0552338175476,0.020570077002,0.00720319664106,0.000753255386371,0.134476721287,0.00847684964538,0.178259685636,img_03181.jpg
0.700881421566,0.0643773302436,0.0160957500339,0.0194513946772,0.00266164331697,0.0587514527142,0.0292373392731,0.108543694019,img_03195.jpg
0.154601112008,0.0645630657673,0.11670627445,0.00272038183175,0.000152066713781,0.0235084369779,0.00192494969815,0.635823726654,img_03199.jpg
0.348697453737,0.105021454394,0.0362400971353,0.015754820779,0.00181215198245,0.041874229908,0.0126656517386,0.43793413043,img_03210.jpg
0.829717338085,0.0418100655079,0.00652400543913,0.00781512912363,0.000740422110539,0.0512321442366,0.0166987832636,0.0454620905221,img_03220.jpg
0.968810260296,0.00781656801701,0.00124244310427,0.000494046602398,3.8201771531e-05,0.00914152245969,0.00298024411313,0.00947681162506,img_03222.jpg
0.690502643585,0.0585729293525,0.0148761970922,0.0172940641642,0.00204292382114,0.0498156659305,0.0247744377702,0.142121195793,img_03223.jpg
0.789144098759,0.0584837086499,0.00755291571841,0.0125505113974,0.00133349013049,0.0536797791719,0.0170956812799,0.060159791261,img_03228.jpg
0.390050143003,0.109202943742,0.0621999390423,0.0207306593657,0.00283859483898,0.103192768991,0.0143417352811,0.297443240881,img_03229.jpg
0.631629049778,0.0801537707448,0.0195065625012,0.0247372668236,0.00346143171191,0.0704123005271,0.037159986794,0.132939606905,img_03238.jpg
0.316492438316,0.0948555767536,0.0177077446133,0.0186031162739,0.00172114663292,0.0259677413851,0.349458098412,0.175194099545,img_03239.jpg
0.990734398365,0.00319862482138,0.000296852347674,3.49348993041e-05,1.15101499887e-07,0.000942842161749,6.4228726842e-05,0.00472796102986,img_03252.jpg
0.557876586914,0.0528867654502,0.00697257742286,0.0165460966527,0.000957870564889,0.0954560935497,0.220626056194,0.0486779101193,img_03254.jpg
0.752499759197,0.0613517947495,0.0115278409794,0.0123040815815,0.0014590168139,0.0564648397267,0.0172988269478,0.0870938226581,img_03260.jpg
0.53798520565,0.0631444528699,0.0122317364439,0.020421218127,0.00242853234522,0.0705152228475,0.194962456822,0.0983111336827,img_03261.jpg
0.474812269211,0.0892653092742,0.0234622713178,0.014021188952,0.00101497385185,0.0248455554247,0.0218688938767,0.350709527731,img_03270.jpg
0.969064056873,0.0114184012637,0.00102939817589,0.00159554602578,3.53109753632e-05,0.00445002084598,0.00104003341403,0.0113672362641,img_03283.jpg
0.482494145632,0.0827665999532,0.0350235141814,0.0203665271401,0.00194312958047,0.116314463317,0.0277534723282,0.233338192105,img_03290.jpg
0.49315071106,0.0494989939034,0.0173927675933,0.00785212684423,0.000834249949548,0.0817302837968,0.0106155229732,0.338925272226,img_03297.jpg
0.752147853374,0.0554850883782,0.0121169043705,0.0171437263489,0.00208999798633,0.0526986010373,0.0278463046998,0.0804715156555,img_03310.jpg
0.901249229908,0.0269218366593,0.00475669885054,0.00312792486511,0.000247438438237,0.0226631183177,0.00426680222154,0.0367669723928,img_03312.jpg
0.742162048817,0.0437071472406,0.0166612975299,0.00431534089148,0.000429812935181,0.0242464113981,0.0092835156247,0.159194514155,img_03324.jpg
0.808681666851,0.0473994910717,0.00761887989938,0.0109212473035,0.00112082215492,0.0549158751965,0.0177022423595,0.051639828831,img_03333.jpg
0.226769447327,0.102056592703,0.0793823450804,0.01745098643,0.00212912145071,0.0824033990502,0.0140283061191,0.475779801607,img_03342.jpg
0.828866004944,0.0367975495756,0.00779200112447,0.0144325867295,0.00174404948484,0.0404713414609,0.0181656070054,0.0517308600247,img_03346.jpg
0.232534900308,0.129639327526,0.0719065889716,0.0113994702697,0.000945385545492,0.0450643263757,0.00707621267065,0.50143378973,img_03355.jpg
0.73881572485,0.0591871403158,0.0131058469415,0.0170353259891,0.00210095220245,0.054657291621,0.0249137356877,0.0901839956641,img_03370.jpg
0.963640868664,0.0104342550039,0.00162045226898,0.000746903417166,2.59317621385e-05,0.0120702125132,0.00179336487781,0.0096680438146,img_03399.jpg
0.243641540408,0.0566898696125,0.109263658524,0.00868842657655,0.000853189500049,0.0621643476188,0.0110901305452,0.507608830929,img_03410.jpg
0.798715651035,0.0464853644371,0.00961021985859,0.0159510411322,0.00191568024457,0.04104488343,0.0217325370759,0.0645446479321,img_03422.jpg
0.0652757287025,0.0433105491102,0.0670415014029,0.00305612920783,0.000220794856432,0.0038717861753,0.00560174696147,0.811621725559,img_03426.jpg
0.425371289253,0.102801501751,0.0362766124308,0.0115931751207,0.00131005432922,0.0405879057944,0.0116631612182,0.370396345854,img_03439.jpg
0.0980914011598,0.114937901497,0.0258867423981,0.0135718397796,0.000545694201719,0.0121739050373,0.00513785798103,0.729654610157,img_03440.jpg
0.405569046736,0.0853786766529,0.0247545633465,0.0249071791768,0.00198655412532,0.0290887150913,0.0177286509424,0.410586625338,img_03444.jpg
0.16293746233,0.0785422846675,0.0183184966445,0.0039984784089,0.000204345371458,0.011270054616,0.00440794229507,0.720320940018,img_03446.jpg
0.389381140471,0.177095130086,0.0309306830168,0.0200538095087,0.00168509909417,0.0747124031186,0.0276588201523,0.278482884169,img_03452.jpg
0.702830612659,0.0678454041481,0.0135882422328,0.0205210372806,0.00267105619423,0.0740924477577,0.0370914228261,0.0813596844673,img_03457.jpg
0.714954555035,0.0666259378195,0.0143765760586,0.0191661641002,0.00212833634578,0.0603436417878,0.0266789868474,0.095725774765,img_03471.jpg
0.106733344495,0.099154792726,0.185725674033,0.00711781112477,0.000351980241248,0.0302982199937,0.00291577982716,0.567702412605,img_03488.jpg
0.148202702403,0.0234098229557,0.00266707898118,0.0124298930168,0.00022394140251,0.0731904879212,0.712642252445,0.0272337943316,img_03502.jpg
0.364120990038,0.0915860757232,0.0811799839139,0.0111749870703,0.00182062527165,0.123434990644,0.0127083258703,0.313973993063,img_03504.jpg
0.856147587299,0.0358315892518,0.00562768429518,0.00709938257933,0.000558820785955,0.0381997264922,0.0110832052305,0.0454519949853,img_03520.jpg
0.916241824627,0.0239015314728,0.003282956779,0.00233377260156,9.97023234959e-05,0.0182906519622,0.00420826906338,0.0316412299871,img_03547.jpg
0.271162450314,0.079023450613,0.0341192297637,0.00848437752575,0.00109542161226,0.044242542237,0.010300450027,0.551572024822,img_03548.jpg
0.936072051525,0.0163248050958,0.0031234419439,0.000744896009564,1.48517647176e-05,0.0103143407032,0.00116910215002,0.0322365984321,img_03554.jpg
0.442326158285,0.111859925091,0.0272190570831,0.0144590148702,0.00150400621351,0.049270581454,0.0150142721832,0.338346987963,img_03581.jpg
0.00336621119641,0.00183801667299,0.00102202000562,1.79601769901e-07,1.63317290247e-10,1.02832643734e-06,7.84744827342e-07,0.993771731853,img_03584.jpg
0.701129972935,0.0601961612701,0.0163313243538,0.0179091617465,0.00203761458397,0.05771927163,0.0264207366854,0.118255712092,img_03587.jpg
0.496127009392,0.0904080271721,0.0144349038601,0.0255876425654,0.00214020023122,0.220542803407,0.0774490907788,0.0733102336526,img_03588.jpg
0.485433787107,0.0402642898262,0.00637181429192,0.014475479722,0.000805143266916,0.0742434188724,0.332085102797,0.0463209450245,img_03602.jpg
0.781095325947,0.0598512589931,0.00902118906379,0.0154249956831,0.00158315559383,0.0503031760454,0.0202839113772,0.0624370016158,img_03627.jpg
0.485724896193,0.105975829065,0.0821463316679,0.0112002165988,0.000971653498709,0.0390220396221,0.00785045791417,0.267108649015,img_03628.jpg
0.90865945816,0.0256732776761,0.00378582603298,0.00207697390579,8.08962722658e-05,0.0182110425085,0.00314807915129,0.0383644066751,img_03677.jpg
0.757556378841,0.0575021207333,0.00895092822611,0.0134154213592,0.00213255896233,0.0733346790075,0.0312292221934,0.0558787100017,img_03711.jpg
0.769152343273,0.0652132332325,0.0105535285547,0.0154303275049,0.00185055937618,0.0430557876825,0.013376542367,0.0813676789403,img_03715.jpg
0.585323631763,0.0444720573723,0.0141274733469,0.0037670659367,0.000472549116239,0.0286338850856,0.00659704068676,0.316606253386,img_03718.jpg
0.73300331831,0.0655467286706,0.0134606612846,0.0102700004354,0.00097431539325,0.0393525287509,0.0139695489779,0.123422943056,img_03726.jpg
0.229344382882,0.0413063913584,0.0655403211713,0.00246727163903,0.000259313761489,0.0213031172752,0.00499104522169,0.63478821516,img_03739.jpg
0.318735390902,0.0273467693478,0.00893445219845,0.00449164491147,0.000841755711008,0.0261541679502,0.0121400728822,0.601355731487,img_03749.jpg
0.257717519999,0.0789565965533,0.0657382979989,0.00886777415872,0.00146949943155,0.284404277802,0.00860914681107,0.294236898422,img_03750.jpg
0.466635018587,0.0736902654171,0.0295074731112,0.0114343091846,0.000996030750684,0.0243216436356,0.0100094201043,0.383405804634,img_03760.jpg
0.656980454922,0.0799869075418,0.02042748034,0.014123220928,0.00104663230013,0.0384439788759,0.0161780398339,0.172813281417,img_03764.jpg
0.206315681338,0.0893323943019,0.0789683610201,0.00619193771854,0.000625802378636,0.0188268199563,0.0104104140773,0.589328587055,img_03801.jpg
0.903334438801,0.0091513870284,0.0047294581309,0.000228354590945,1.27679895741e-05,0.00351196085103,0.000603577238508,0.0784280598164,img_03805.jpg
0.954452693462,0.0125539628789,0.00263750762679,0.000644638086669,5.34341816092e-05,0.0120074963197,0.00190391775686,0.0157463513315,img_03825.jpg
0.0844736099243,0.310738265514,0.0538695156574,0.00706390524283,0.000404929625802,0.0309087410569,0.00601107021794,0.506529986858,img_03831.jpg
0.728847205639,0.0613069795072,0.0130258696154,0.0164938662201,0.00198083580472,0.045291364193,0.0228998158127,0.11015406996,img_03837.jpg
0.900373458862,0.0258068293333,0.00377291627228,0.00256484933197,0.000270072254352,0.0240042116493,0.00809667538851,0.0351109467447,img_03853.jpg
0.532012522221,0.0892646312714,0.0273730810732,0.0290730074048,0.00394942192361,0.108580626547,0.0357095710933,0.174037083983,img_03866.jpg
0.592015087605,0.128225624561,0.0167739018798,0.0325578004122,0.00274891708978,0.0562473833561,0.0332446061075,0.138186708093,img_03869.jpg
0.868548631668,0.0350166708231,0.00606084428728,0.00978961773217,0.000746119301766,0.0228673163801,0.0109025528654,0.0460682921112,img_03886.jpg
0.861694633961,0.0438378751278,0.00609395699576,0.00584099488333,0.000406450795708,0.0166443735361,0.00369963981211,0.0617821216583,img_03891.jpg
0.0744963660836,0.0616809129715,0.223796248436,0.00485984748229,0.000296981277643,0.0558498166502,0.00120415491983,0.577815711498,img_03892.jpg
0.587877810001,0.083574719727,0.0127612287179,0.0150776579976,0.00102274760138,0.0358137786388,0.0823296085,0.181542411447,img_03896.jpg
0.399453639984,0.0931252017617,0.0251671671867,0.026310602203,0.00240430887789,0.0758537426591,0.209053143859,0.1686321944,img_03929.jpg
0.886846065521,0.034746427089,0.00538749992847,0.00740178814158,0.00110909936484,0.0215118136257,0.00893364474177,0.0340636409819,img_03942.jpg
0.523670971394,0.125867843628,0.0128594189882,0.0357432961464,0.00229868851602,0.10168210417,0.084840208292,0.113037444651,img_03945.jpg
0.525970041752,0.0996371135116,0.0243029501289,0.0212075505406,0.00259309937246,0.0602147579193,0.0289842132479,0.237090289593,img_03946.jpg
0.755003273487,0.0600056052208,0.0101107517257,0.013464871794,0.00161982420832,0.0666638538241,0.0227881446481,0.0703436657786,img_03952.jpg
0.486329317093,0.115622125566,0.0295673366636,0.0383791066706,0.00428149336949,0.088799238205,0.0460833720863,0.190938010812,img_03967.jpg
0.573670387268,0.0712389871478,0.019180258736,0.0210851635784,0.00301796500571,0.0570554248989,0.0360580645502,0.21869379282,img_03992.jpg
0.0539563708007,0.12345251441,0.192375943065,0.00287935230881,0.000120524222439,0.00626241415739,0.00164497795049,0.619307935238,img_03995.jpg
0.66724395752,0.0466160513461,0.0123197315261,0.0100636417046,0.000899452716112,0.120076090097,0.015902871266,0.126878172159,img_03996.jpg
0.621332943439,0.0873335376382,0.0178629960865,0.0295583307743,0.0043281740509,0.0886460542679,0.0453509278595,0.105587042868,img_04001.jpg
0.590624392033,0.0663936957717,0.0238660816103,0.008899143897,0.000909490103368,0.0332339294255,0.0110575966537,0.265015631914,img_04003.jpg
0.887234926224,0.0306874010712,0.00377208553255,0.00388971832581,0.000403964426368,0.0307925846428,0.0148130953312,0.0284062325954,img_04004.jpg
0.593527495861,0.0734359249473,0.0114718936384,0.0217821169645,0.00170839577913,0.0591322369874,0.133051887155,0.105890072882,img_04013.jpg
0.882234752178,0.0257826726884,0.00622344948351,0.00266329455189,0.000385748135159,0.0288023259491,0.00813558697701,0.0457721799612,img_04015.jpg
0.482103437185,0.0707269981503,0.0486654937267,0.0170309450477,0.00198074709624,0.05267187953,0.0226616635919,0.304158866405,img_04024.jpg
0.575565636158,0.0707094892859,0.038254648447,0.0177593324333,0.00223659863696,0.0564872324467,0.0246031153947,0.21438395977,img_04036.jpg
0.556174457073,0.101301260293,0.025998564437,0.0258467197418,0.00351432338357,0.0813246145844,0.0344376303256,0.171402513981,img_04061.jpg
0.612833678722,0.0594367645681,0.0208927001804,0.0144691988826,0.00163810653612,0.0341390669346,0.0211096499115,0.235480800271,img_04069.jpg
0.522705495358,0.0614673495293,0.0268159210682,0.00653187325224,0.000983480131254,0.04490467906,0.0117877870798,0.324803411961,img_04073.jpg
0.803156673908,0.0661589875817,0.0059001725167,0.00881541986018,0.00177052000072,0.0403069555759,0.0293952971697,0.044495895505,img_04076.jpg
0.984366476536,0.00570362061262,0.000472129439004,0.000198607216589,2.56744351645e-06,0.00454301061109,0.00059087848058,0.00412271311507,img_04101.jpg
0.397523909807,0.0795159265399,0.0731202736497,0.0233453270048,0.00309195253067,0.068149857223,0.0284909307957,0.326761811972,img_04115.jpg
0.531444430351,0.052281409502,0.0149949351326,0.0115610631183,0.00152294302825,0.200133040547,0.0178254190832,0.170236766338,img_04118.jpg
0.39459836483,0.0983560606837,0.0662107244134,0.0206014234573,0.00246355100535,0.074061922729,0.0231493636966,0.320558607578,img_04127.jpg
0.5164539814,0.0713679715991,0.0208968762308,0.00732858432457,0.000872552685905,0.033685375005,0.00998713541776,0.339407533407,img_04128.jpg
0.925877094269,0.0206884723157,0.00365085690282,0.00318548898213,0.00042766801198,0.0188659802079,0.00617682561278,0.0211276430637,img_04129.jpg
0.263170987368,0.0704896375537,0.0501578561962,0.00822975859046,0.000562206201721,0.144370302558,0.00663995044306,0.456379264593,img_04145.jpg
0.644011437893,0.08457249403,0.0197439100593,0.0258041247725,0.00418282812461,0.0794584527612,0.0360578335822,0.106168888509,img_04156.jpg
0.791535615921,0.0522714555264,0.00932886451483,0.0117064556107,0.00179858645424,0.0532156340778,0.0178684405982,0.0622749663889,img_04181.jpg
0.539249479771,0.0692021101713,0.0407008677721,0.00547460233793,0.000435890891822,0.0295952502638,0.0057333894074,0.309608340263,img_04204.jpg
0.769579648972,0.0573437362909,0.00999303814024,0.0114705665037,0.00138531567063,0.0584013946354,0.0181984901428,0.0736277773976,img_04221.jpg
0.731770336628,0.0235905330628,0.00614059856161,0.00176100467797,5.40648616152e-05,0.0127966180444,0.00246639945544,0.221420481801,img_04237.jpg
0.599493980408,0.0940963029861,0.0388283617795,0.0158689133823,0.0029432575684,0.0623071677983,0.0141566088423,0.172305449843,img_04247.jpg
0.973805963993,0.00916730985045,0.000680575089063,0.000272858102107,7.28719396648e-06,0.00595880812034,0.00170798075851,0.00839918293059,img_04263.jpg
0.43175688386,0.0301370546222,0.0048332195729,0.0122041637078,0.000436510745203,0.063770532608,0.418851941824,0.0380096621811,img_04266.jpg
0.0873400345445,0.0204593408853,0.014221877791,0.000157545393449,6.26890323474e-06,0.00155471835751,0.000299904029816,0.875960290432,img_04268.jpg
0.444035291672,0.073794297874,0.028519032523,0.0111197726801,0.00135009957012,0.0426596105099,0.00766449281946,0.390857428312,img_04272.jpg
0.15560606122,0.091401040554,0.202027723193,0.00635691918433,0.000835543323774,0.1260124892,0.0044770934619,0.413283228874,img_04282.jpg
0.632730424404,0.071818523109,0.0202873907983,0.0191751550883,0.00247746682726,0.0562917292118,0.0267268437892,0.170492455363,img_04285.jpg
0.73847413063,0.0672345235944,0.0115353325382,0.0203911922872,0.00252316170372,0.0387772582471,0.0165895354003,0.104474909604,img_04306.jpg
0.706602096558,0.0755080282688,0.0111118601635,0.0348340272903,0.00243553775363,0.0586699284613,0.031245527789,0.0795929580927,img_04310.jpg
0.292533427477,0.0867618098855,0.146948367357,0.0109931929037,0.00240663508885,0.0258493870497,0.00766227394342,0.426844954491,img_04321.jpg
0.426547169685,0.114541620016,0.0449694655836,0.0185921061784,0.00250418903306,0.080993540585,0.0220492910594,0.289802581072,img_04324.jpg
0.633395910263,0.0902186855674,0.0205341689289,0.020550377667,0.00228106509894,0.0491306744516,0.01572628133,0.168162822723,img_04341.jpg
0.299075394869,0.137367799878,0.0790102705359,0.0185575298965,0.0026486068964,0.0737044140697,0.0171227119863,0.372513264418,img_04369.jpg
0.606859266758,0.0793085247278,0.0260770767927,0.0160210877657,0.00182846840471,0.0655211135745,0.0200357493013,0.184348657727,img_04370.jpg
0.254787176847,0.0257574990392,0.258806914091,0.000391881098039,2.04977477551e-05,0.00322114233859,0.00134697975591,0.455667942762,img_04382.jpg
0.0497081913054,0.0618183761835,0.00775622949004,0.00358277745545,0.000144131205161,0.00224669999443,0.000292099924991,0.874451458454,img_04390.jpg
0.344659000635,0.0810158476233,0.0513407438993,0.00739926705137,0.00080042128684,0.0444616265595,0.00901126023382,0.461311817169,img_04405.jpg
0.464169412851,0.123813420534,0.0220701340586,0.0413105040789,0.00368360592984,0.0670325234532,0.0354324169457,0.242487952113,img_04410.jpg
0.663408279419,0.0738089084625,0.0156657919288,0.0167594123632,0.00158845866099,0.052144844085,0.0236934870481,0.152930811048,img_04415.jpg
0.58903414011,0.0803632736206,0.0156247066334,0.00988551788032,0.000704009318724,0.0337792374194,0.0110994884744,0.259509593248,img_04422.jpg
0.660785138607,0.0807235985994,0.0158078800887,0.0239955093712,0.00291311810724,0.0741957426071,0.0356049053371,0.105974137783,img_04425.jpg
0.129701569676,0.0403844751418,0.0999114736915,0.0021625761874,9.78011012194e-05,0.0306577924639,0.00177913624793,0.695305109024,img_04427.jpg
0.91561537981,0.0209003295749,0.00335232936777,0.00103616702836,1.65007331816e-05,0.0106752039865,0.00143564399332,0.0469685085118,img_04432.jpg
0.871535539627,0.0271500367671,0.00678420672193,0.00412435410544,0.000750408042222,0.0354012176394,0.0123586943373,0.0418954603374,img_04461.jpg
0.824522674084,0.0409712977707,0.00828865263611,0.00874586496502,0.00146961875726,0.0482329688966,0.0186755377799,0.0490933954716,img_04478.jpg
0.344275563955,0.0706362277269,0.0833150148392,0.00870939716697,0.00164571416099,0.104612357914,0.0115949101746,0.375210851431,img_04479.jpg
0.389394491911,0.0862531661987,0.0770945176482,0.0223593767732,0.00272169150412,0.091740347445,0.026853883639,0.303582549095,img_04482.jpg
0.145254507661,0.221911117435,0.119294859469,0.0131493629888,0.00179826235399,0.0348109602928,0.00638799974695,0.457392930984,img_04496.jpg
0.00462977821007,0.0984177514911,0.0131414299831,0.00135129957926,3.81143800041e-05,0.00155785575043,0.000182854724699,0.880680978298,img_04507.jpg
0.528384149075,0.0923460498452,0.0337631516159,0.0168873984367,0.00268509984016,0.0870935693383,0.0198880452663,0.218952551484,img_04532.jpg
0.691934764385,0.0712503418326,0.0150266848505,0.0181385204196,0.00221300241537,0.0532537586987,0.0257380232215,0.122444905341,img_04546.jpg
0.672214746475,0.0703303739429,0.0177444089204,0.0235104281455,0.00321688572876,0.0644864067435,0.0381818711758,0.110314868391,img_04554.jpg
0.0897661074996,0.13869009912,0.216138795018,0.00570808164775,0.000319483777275,0.0131256878376,0.00351592781954,0.532735824585,img_04562.jpg
0.872093975544,0.0329964272678,0.005082805641,0.00447012949735,0.00035186111927,0.0386800728738,0.00971607118845,0.0366086512804,img_04563.jpg
0.823712289333,0.0451082289219,0.00793494936079,0.00604478502646,0.00067694298923,0.0386296883225,0.0120761571452,0.0658169537783,img_04586.jpg
0.512782633305,0.0926834717393,0.0356724448502,0.0192776676267,0.0027867120225,0.0795551016927,0.022377287969,0.234864711761,img_04624.jpg
0.861931502819,0.0293741449714,0.00730066141114,0.00497258501127,0.000841805303935,0.03794195503,0.0135402502492,0.0440971292555,img_04629.jpg
0.379035979509,0.0619828104973,0.0558795072138,0.00507363816723,0.000585049681831,0.0584901571274,0.00749848643318,0.431454330683,img_04640.jpg
0.883660137653,0.0300640594214,0.0041985004209,0.0033342007082,9.81969715212e-05,0.0171063262969,0.00340785575099,0.0581307709217,img_04647.jpg
0.825877487659,0.0406025014818,0.00728266360238,0.00544686755165,0.000400410499424,0.0447105653584,0.008420846425,0.0672586336732,img_04661.jpg
0.380717426538,0.0635519772768,0.0474737882614,0.0139108411968,0.00166875123978,0.0396996326745,0.0147293135524,0.438248276711,img_04671.jpg
0.258171319962,0.261511385441,0.0200743079185,0.0207054875791,0.00130106892902,0.0279911439866,0.0128272846341,0.397418022156,img_04675.jpg
0.95250672102,0.0119726620615,0.00211362889968,0.000410090229707,9.37006643653e-06,0.00824184063822,0.00103577505797,0.0237099621445,img_04696.jpg
0.113657794893,0.0131585700437,0.00657669082284,0.000353127164999,1.69288668985e-05,0.0019685223233,0.000671732937917,0.86359667778,img_04705.jpg
0.532867610455,0.0900025293231,0.0163782853633,0.0121068852022,0.000991979963146,0.0355183333158,0.0146614341065,0.297472923994,img_04712.jpg
0.441180229187,0.061341855675,0.0180562194437,0.0204071495682,0.00304613751359,0.0577272884548,0.0313220731914,0.366919070482,img_04752.jpg
0.504230380058,0.0679720714688,0.0298161581159,0.00663898931816,0.000533902784809,0.0474199615419,0.00752003118396,0.335868477821,img_04757.jpg
0.185977101326,0.0555783398449,0.0767315328121,0.00358550157398,0.000222524671699,0.0176734104753,0.003645965131,0.65658557415,img_04766.jpg
0.309779703617,0.0681191459298,0.0217761993408,0.0136783542112,0.00146226258948,0.0559843182564,0.0139394374564,0.515260577202,img_04814.jpg
0.225117430091,0.0410648360848,0.0407286249101,0.00115407863632,3.14964891004e-05,0.00639020837843,0.00169019820169,0.683823108673,img_04830.jpg
0.386110216379,0.0897108688951,0.106177903712,0.0104716522619,0.00179081980605,0.0775395184755,0.0107374517247,0.317461580038,img_04835.jpg
0.900590598583,0.0190588701516,0.00580828590319,0.00252207904123,0.000435163645307,0.021963218227,0.00909619871527,0.0405256636441,img_04856.jpg
0.873946487904,0.0331280864775,0.00493737356737,0.00572225591168,0.000501537171658,0.0311688724905,0.011435774155,0.0391596145928,img_04860.jpg
0.575510442257,0.0918281972408,0.0184936895967,0.0237479899079,0.00174884183798,0.0982588604093,0.0250890087336,0.165322974324,img_04872.jpg
0.511300206184,0.0419721491635,0.015177837573,0.0106617594138,0.00104346335866,0.233274400234,0.0578971840441,0.128672972322,img_04879.jpg
0.652188360691,0.0701618790627,0.0170073192567,0.0188585910946,0.00223473762162,0.0856861844659,0.033947147429,0.119915686548,img_04885.jpg
0.70503371954,0.062164414674,0.0141680510715,0.0187981501222,0.00252765393816,0.0588517598808,0.0303467940539,0.10810945183,img_04888.jpg
0.455781787634,0.0704701766372,0.0347086079419,0.0137926386669,0.00169580895454,0.169356390834,0.0173297077417,0.236864924431,img_04921.jpg
0.60500317812,0.0871312841773,0.0198567602783,0.0198725312948,0.00227508903481,0.061796978116,0.0286234375089,0.175440728664,img_04949.jpg
0.784774780273,0.0494153015316,0.00843993294984,0.00902429781854,0.000816898886114,0.0578566640615,0.0206162091345,0.0690559819341,img_04959.jpg
0.0956870839,0.0476090870798,0.145856514573,0.000969563785475,6.26711262157e-05,0.00738459965214,0.00158732011914,0.700843155384,img_04962.jpg
0.346618294716,0.0749233663082,0.0477375946939,0.0118668051437,0.00134581548627,0.0736759305,0.0117047578096,0.432127475739,img_04990.jpg
0.370590806007,0.040943492204,0.0175108518451,0.00494354125112,0.000915127631743,0.030904866755,0.0114161493257,0.522775173187,img_05015.jpg
0.608705461025,0.0842025279999,0.0219100806862,0.0209535136819,0.00318547314964,0.0887507721782,0.0320652127266,0.140226975083,img_05016.jpg
0.65599912405,0.0648397728801,0.0243153665215,0.0190489385277,0.00222335313447,0.0571172833443,0.0248361397535,0.151620045304,img_05026.jpg
0.18019272387,0.0577595345676,0.146516218781,0.00562072126195,0.000694480957463,0.0765934959054,0.00542962132022,0.527193129063,img_05030.jpg
0.389773726463,0.0494017787278,0.0523970983922,0.00433568516746,0.00057074171491,0.0332351736724,0.00759648671374,0.462689250708,img_05038.jpg
0.551977396011,0.0973929166794,0.0225620176643,0.0248552020639,0.00365843810141,0.0846320018172,0.0583591349423,0.156562909484,img_05046.jpg
0.434943348169,0.0470775365829,0.0153630450368,0.0166517030448,0.00220976374112,0.0635109096766,0.0250930786133,0.395150631666,img_05055.jpg
0.50862967968,0.0875826850533,0.0331623069942,0.015860395506,0.0027100245934,0.0728943124413,0.0833034068346,0.195857182145,img_05064.jpg
0.345795303583,0.0337493084371,0.00994216930121,0.000349147507222,9.7356396509e-06,0.00138983142097,0.00109966052696,0.607664883137,img_05076.jpg
0.220304206014,0.0493810884655,0.0630363598466,0.00405800389126,0.000317878177157,0.030266046524,0.00414424249902,0.628492176533,img_05084.jpg
0.929717719555,0.0207333788276,0.00402093678713,0.00189291674178,0.000200541806407,0.0165508184582,0.00337964762002,0.023504152894,img_05087.jpg
0.697288274765,0.0712530612946,0.0155721046031,0.020510526374,0.00264059449546,0.0574002452195,0.0287462379783,0.106588922441,img_05095.jpg
0.442470550537,0.147330090404,0.0317271016538,0.0190031938255,0.00207399553619,0.0459311157465,0.0155506348237,0.295913249254,img_05119.jpg
0.501426279545,0.0716891810298,0.0541440360248,0.0174436811358,0.00149198353756,0.072174526751,0.0137056009844,0.267924696207,img_05137.jpg
0.364045888186,0.0441491864622,0.0171314235777,0.00448116241023,0.000698369636666,0.0300964415073,0.00945269875228,0.529944837093,img_05147.jpg
0.238021433353,0.0806542262435,0.090912848711,0.0158318262547,0.00193332508206,0.0662112236023,0.0108552956954,0.495579838753,img_05185.jpg
0.134841829538,0.0340153984725,0.0460603199899,0.000798373075668,3.15566976496e-05,0.00726690655574,0.000370663794456,0.776614964008,img_05192.jpg
0.630448818207,0.018386637792,0.0185604970902,0.000147881713929,3.57225258085e-06,0.00249978364445,0.000537764863111,0.329415053129,img_05210.jpg
0.537338197231,0.0642867609859,0.0287015065551,0.00530917756259,0.000725111691281,0.0376249626279,0.00704082706943,0.318973481655,img_05211.jpg
0.145551398396,0.0223115757108,0.00356650818139,0.0134118525311,0.000403060781537,0.0388564057648,0.748777449131,0.0271217841655,img_05236.jpg
0.609435617924,0.0679172277451,0.0218211617321,0.013437692076,0.00105277646799,0.033184658736,0.015710728243,0.237440124154,img_05241.jpg
0.835198819637,0.0363996960223,0.00828433968127,0.00594148039818,0.000979452510364,0.0429909676313,0.014657355845,0.0555479042232,img_05244.jpg
0.267960906029,0.0857456550002,0.0828995034099,0.0140246860683,0.00143949873745,0.139999225736,0.00959352683276,0.398336976767,img_05251.jpg
0.203325212002,0.0381056107581,0.150163039565,0.00197675009258,0.000126412880491,0.0112559683621,0.00287482398562,0.592172086239,img_05253.jpg
0.492845147848,0.0774394869804,0.0138245122507,0.01275256183,0.00190727366135,0.0562838613987,0.0240171328187,0.320930033922,img_05260.jpg
0.0669681429863,0.0886401236057,0.0377327688038,0.00152534898371,9.34137860895e-05,0.00413347920403,0.00253235525452,0.798374414444,img_05264.jpg
0.309379130602,0.0627816617489,0.0837061107159,0.0077669522725,0.000886947149411,0.0542863123119,0.00760492496192,0.4735879004,img_05268.jpg
0.77387046814,0.0583113096654,0.00953654851764,0.0152631523088,0.00164404127281,0.0527459979057,0.0218746289611,0.0667538121343,img_05273.jpg
0.652471721172,0.0657678470016,0.0236549843103,0.00905159302056,0.000480067770695,0.0357904396951,0.00879117660224,0.203992202878,img_05284.jpg
0.225173011422,0.0970644876361,0.117156125605,0.00783920008689,0.000998955685645,0.0894261524081,0.00585456378758,0.456487506628,img_05292.jpg
0.457265168428,0.0777058973908,0.0266220774502,0.00957803335041,0.00135830661748,0.0487984828651,0.0139905782416,0.364681392908,img_05293.jpg
0.992188036442,0.00154251290951,0.000852537283208,1.27009743665e-05,2.46177052077e-07,0.00164264673367,0.000138247574796,0.00362310814671,img_05322.jpg
0.660516798496,0.0842816755176,0.0201358813792,0.0221199933439,0.00278529594652,0.0474213548005,0.0186626091599,0.144076362252,img_05328.jpg
0.488989084959,0.120787590742,0.0182025805116,0.0460879169405,0.00386054324917,0.0956803932786,0.0523575879633,0.174034282565,img_05336.jpg
0.824865102768,0.0760756954551,0.00806314963847,0.00456043891609,0.000207449542359,0.0221281331033,0.00820559170097,0.0558944456279,img_05349.jpg
0.231536284089,0.135016068816,0.0843920409679,0.0191454794258,0.00161555188242,0.0800637081265,0.00979813933372,0.438432782888,img_05359.jpg
0.609885036945,0.0966365709901,0.0181122850627,0.021548083052,0.0025263717398,0.049188721925,0.0233261603862,0.178776785731,img_05393.jpg
0.168138980865,0.0370405204594,0.123110860586,0.00142839562614,0.000105606770376,0.012705902569,0.00320592406206,0.654263794422,img_05410.jpg
0.365384310484,0.0598840601742,0.0275431796908,0.00467713316903,0.000742997333873,0.0270792543888,0.010441493243,0.504247605801,img_05426.jpg
0.322590023279,0.0635265484452,0.0555369146168,0.0116793848574,0.00103854027111,0.135693848133,0.0164737273008,0.393461078405,img_05433.jpg
0.964524209499,0.00844994653016,0.002220738912,0.000481159193441,4.13745037804e-05,0.0136543819681,0.00245461077429,0.00817363429815,img_05438.jpg
0.836318969727,0.043654024601,0.00746607268229,0.00878781545907,0.000707865401637,0.0374278537929,0.0131966024637,0.0524409003556,img_05439.jpg
0.589259326458,0.0766680240631,0.0164097845554,0.0212970282882,0.00272180070169,0.132022470236,0.0368607603014,0.124760806561,img_05440.jpg
0.727025210857,0.0624333024025,0.0132311694324,0.017348529771,0.0021698048804,0.0651489123702,0.0275401528925,0.0851028934121,img_05445.jpg
0.946170806885,0.0105140991509,0.00227236328647,0.00046072844998,4.95918175147e-06,0.00438719801605,0.000365878891898,0.0358240008354,img_05459.jpg
0.382834583521,0.0552883930504,0.0859430357814,0.00417936360464,0.000126206796267,0.0533063746989,0.00148864055518,0.416833400726,img_05463.jpg
0.519416987896,0.0776705369353,0.0523843131959,0.0189406126738,0.00231390353292,0.0745811536908,0.0199246499687,0.234767869115,img_05471.jpg
0.664980232716,0.0811887532473,0.0150057114661,0.0221115741879,0.00274163181894,0.0740178003907,0.0330836810172,0.106870673597,img_05479.jpg
0.686757564545,0.0705467090011,0.0148749835789,0.0221784710884,0.00307928584516,0.0746507868171,0.0366068780422,0.0913054123521,img_05488.jpg
0.586529254913,0.0957752093673,0.0190821234137,0.0315375439823,0.00503710890189,0.0945323184133,0.0460805185139,0.121425919235,img_05489.jpg
0.715521275997,0.0686792209744,0.0129648363218,0.0208237972111,0.00222106580622,0.0524589456618,0.0243689063936,0.102961994708,img_05492.jpg
0.421825796366,0.117984503508,0.0432613529265,0.0274780094624,0.00326822325587,0.0837972462177,0.0291169751436,0.273267894983,img_05516.jpg
0.495796442032,0.0687706843019,0.0104527240619,0.0186266079545,0.00209118868224,0.104727990925,0.238235995173,0.0612984150648,img_05520.jpg
0.854918897152,0.0427194051445,0.00784854032099,0.00407764641568,0.000270007381914,0.023041209206,0.00509975897148,0.0620245747268,img_05525.jpg
0.597226083279,0.0491205863655,0.0219950303435,0.00780724920332,0.00069206597982,0.0247233267874,0.0113451778889,0.28709051013,img_05539.jpg
0.931419670582,0.0215800274163,0.00292182457633,0.00377204758115,0.000141683543916,0.0124408937991,0.00365294213407,0.0240709278733,img_05548.jpg
0.625945985317,0.0710795223713,0.0305932164192,0.0216837134212,0.00288413465023,0.0722749605775,0.0294944737107,0.146043986082,img_05558.jpg
0.844375193119,0.0379140339792,0.00846585165709,0.00462661264464,0.000520961300936,0.0287112761289,0.0112491743639,0.0641368702054,img_05563.jpg
0.569432854652,0.0756297037005,0.0208754092455,0.0143616599962,0.00110604532529,0.0335909426212,0.0216118097305,0.263391584158,img_05568.jpg
0.368441104889,0.0758621990681,0.0478495359421,0.0164153780788,0.00254496443085,0.0604822747409,0.0190564021468,0.409348160028,img_05580.jpg
0.746881008148,0.0735892876983,0.0117400921881,0.0167776122689,0.00205605500378,0.0565973706543,0.0266599077731,0.065698646009,img_05584.jpg
0.298042446375,0.0480679832399,0.0535328239202,0.00275925826281,0.000294889468933,0.0206806417555,0.00569133646786,0.570930659771,img_05595.jpg
0.804932177067,0.0445562601089,0.00962254870683,0.0158098042011,0.00203993334435,0.0391301512718,0.0206701625139,0.0632389187813,img_05612.jpg
0.670429468155,0.0650333762169,0.0196866691113,0.0173992700875,0.00212263292633,0.051312033087,0.0227687824517,0.151247754693,img_05613.jpg
0.931962788105,0.0201099999249,0.00291067641228,0.00124701613095,3.89117412851e-05,0.0128994202241,0.00241019646637,0.0284210089594,img_05615.jpg
0.350642323494,0.144994497299,0.0448041558266,0.0494311153889,0.00254539446905,0.0499634593725,0.0198645070195,0.337754487991,img_05623.jpg
0.5975664258,0.0968261137605,0.0226343050599,0.019877705723,0.00292565044947,0.0617009587586,0.0276879295707,0.170780897141,img_05640.jpg
0.536553323269,0.0919383168221,0.0183674264699,0.0327910408378,0.00412953039631,0.0879630744457,0.086374156177,0.14188310504,img_05654.jpg
0.823206424713,0.0516304112971,0.00979193020612,0.00915611628443,0.00192428648006,0.0370629541576,0.0129895126447,0.0542383342981,img_05657.jpg
0.378512620926,0.0904654487967,0.0551695786417,0.01230051741,0.00210207258351,0.078855201602,0.0137817375362,0.368812829256,img_05672.jpg
0.357370108366,0.128296002746,0.0475216694176,0.028918152675,0.00265356525779,0.0950202271342,0.0337898992002,0.306430310011,img_05682.jpg
0.656364142895,0.087266407907,0.0180698279291,0.0176708940417,0.00180702470243,0.0537381917238,0.0199053809047,0.145178064704,img_05718.jpg
0.018577421084,0.0594524890184,0.0426759272814,0.000551163975615,7.86696818977e-06,0.00350567535497,0.000189156926353,0.875040352345,img_05719.jpg
0.745992720127,0.0524821840227,0.0110427513719,0.00837376806885,0.000861025589984,0.035845477134,0.0140088750049,0.131393238902,img_05722.jpg
0.740191757679,0.0537309460342,0.0124237574637,0.0173919368535,0.00231450726278,0.0672857239842,0.0309476759285,0.075713686645,img_05724.jpg
0.629635572433,0.0756030976772,0.0196208935231,0.0239192247391,0.00313620758243,0.067336268723,0.0361992903054,0.14454947412,img_05735.jpg
0.368611335754,0.0606708265841,0.316710144281,0.00929791666567,0.00139086553827,0.0890648588538,0.0129311308265,0.141322925687,img_05740.jpg
0.613270640373,0.0622961819172,0.0210351925343,0.0167935248464,0.00196722825058,0.0400882028043,0.0248420406133,0.219706997275,img_05743.jpg
0.45932507515,0.0688717886806,0.0459915399551,0.0115362303331,0.00171981740277,0.125186026096,0.0120473317802,0.275322169065,img_05754.jpg
0.776966273785,0.0517417825758,0.012012696825,0.019547060132,0.00302398391068,0.0359359905124,0.0181854162365,0.0825867503881,img_05755.jpg
0.565911233425,0.120679296553,0.0121648246422,0.0230236444622,0.00227615004405,0.0603164546192,0.0396656878293,0.175962731242,img_05766.jpg
0.33332785964,0.0612171180546,0.0646348968148,0.00803157035261,0.000802113034297,0.055920869112,0.00709150219336,0.468974113464,img_05768.jpg
0.403604477644,0.112951077521,0.0378082841635,0.0060553047806,0.000200094873435,0.0169260408729,0.00240594451316,0.420048743486,img_05775.jpg
0.847620069981,0.0353693030775,0.00624337280169,0.00536032719538,0.000501367729157,0.0450926534832,0.0122902533039,0.0475226156414,img_05790.jpg
0.155496910214,0.0404898971319,0.0183331817389,0.00119860784616,6.37241464574e-05,0.0040982416831,0.00141199852806,0.778907299042,img_05792.jpg
0.793884932995,0.0525294728577,0.0100116282701,0.0129296407104,0.00120029656682,0.0461188443005,0.0168929863721,0.0664321556687,img_05794.jpg
0.619912385941,0.0489540994167,0.0208858270198,0.0053310948424,0.000404995080316,0.0256520081311,0.00500777224079,0.273851841688,img_05805.jpg
0.874233186245,0.0399903468788,0.00525605864823,0.00458223978058,0.000202899056603,0.0249896477908,0.00806063879281,0.0426850020885,img_05813.jpg
0.545406579971,0.0754417777061,0.046933144331,0.0195219144225,0.0021222892683,0.0681074559689,0.0236067976803,0.218860015273,img_05817.jpg
0.963120043278,0.00897227507085,0.0014172415249,0.000343235355103,1.65267483681e-05,0.0069415718317,0.00249419733882,0.0166949350387,img_05828.jpg
0.826062977314,0.0419341288507,0.00841950066388,0.0108061907813,0.000985328457318,0.0397801809013,0.0149702681229,0.0570414550602,img_05835.jpg
0.744156837463,0.0659054890275,0.0109758498147,0.0185487214476,0.00200518849306,0.0619457550347,0.0247138049453,0.0717484205961,img_05838.jpg
0.867786467075,0.0351051837206,0.00542831188068,0.00644596247002,0.000368604058167,0.0258056297898,0.00638404441997,0.052675742656,img_05857.jpg
0.346597164869,0.0791058018804,0.0218497309834,0.00488222856075,0.000658658973407,0.0293652564287,0.0133009953424,0.504240095615,img_05864.jpg
0.805747747421,0.0418540239334,0.00971679296345,0.00241460814141,0.000149859275552,0.0159007627517,0.00391864543781,0.120297573507,img_05879.jpg
0.550037324429,0.10097642988,0.0221914630383,0.0172688867897,0.00160649418831,0.0366308279335,0.018435517326,0.252853125334,img_05882.jpg
0.629487335682,0.0739871188998,0.0174714364111,0.0485106594861,0.00293593225069,0.0603038556874,0.0573238730431,0.109979815781,img_05896.jpg
0.0640139058232,0.225697860122,0.0669343322515,0.00295032537542,8.9411441877e-05,0.0119585702196,0.00157387123909,0.626781702042,img_05915.jpg
0.633744895458,0.0896880850196,0.0261731892824,0.0161994230002,0.00241883122362,0.0578196756542,0.0192831978202,0.154672712088,img_05916.jpg
0.841876208782,0.0333359837532,0.00639090454206,0.0121847530827,0.00117673026398,0.0390773974359,0.013096020557,0.0528620630503,img_05922.jpg
0.881877422333,0.0337752141058,0.00464028911665,0.00467301951721,0.000267093710136,0.0295290499926,0.00810663308948,0.0371312648058,img_05927.jpg
0.706868469715,0.0700133368373,0.0156115172431,0.0180740188807,0.00239482079633,0.0655227303505,0.0258991569281,0.0956159457564,img_05948.jpg
0.877241194248,0.0326354205608,0.00553048634902,0.00292961299419,0.000226262607612,0.0263842940331,0.00478930352256,0.0502634458244,img_05950.jpg
0.562570989132,0.0247791185975,0.00390390492976,0.00275312829763,0.000147991944687,0.0312973819673,0.0277427453548,0.346804708242,img_05953.jpg
0.243186160922,0.122677467763,0.0468161143363,0.0132122086361,0.00143692630809,0.0585422255099,0.0215596500784,0.492569297552,img_05958.jpg
0.0443864613771,0.0512993596494,0.214029788971,0.00261002895422,2.5045046641e-05,0.00846857298166,0.000272699719062,0.67890805006,img_05960.jpg
0.205376327038,0.0568896643817,0.0403086803854,0.00387043482624,0.000393379974412,0.033910471946,0.00384844932705,0.655402600765,img_05963.jpg
0.783048212528,0.0563852079213,0.00985060073435,0.0110088987276,0.000914288684726,0.0394476540387,0.0157179217786,0.0836272463202,img_05967.jpg
0.492072969675,0.102748371661,0.0430843681097,0.0273484047502,0.00352826644666,0.0868581756949,0.0328854471445,0.211474016309,img_05976.jpg
0.894643068314,0.0231409650296,0.00522316852584,0.00369501975365,0.000629359681625,0.026588620618,0.0105502260849,0.0355295725167,img_05989.jpg
0.778041541576,0.048730392009,0.0142948003486,0.00864709261805,0.000767481105868,0.0238812360913,0.00827563274652,0.117361806333,img_06001.jpg
0.671583175659,0.067400842905,0.018268501386,0.0173454489559,0.00187244324479,0.0803071260452,0.0227116215974,0.120510876179,img_06003.jpg
0.653587341309,0.0702773183584,0.0205399431288,0.0233407560736,0.00328950956464,0.075130186975,0.0343152470887,0.119519673288,img_06010.jpg
0.091447353363,0.264056563377,0.0203406494111,0.00394521048293,5.41243680345e-05,0.00362603645772,0.00169288099278,0.614837110043,img_06021.jpg
0.693748950958,0.0806498453021,0.0160108078271,0.0217750370502,0.00284059927799,0.0421771295369,0.0184110794216,0.124386571348,img_06037.jpg
0.3251555264,0.081688515842,0.0207649823278,0.019906712696,0.00268441066146,0.043902862817,0.0392282754183,0.466668695211,img_06038.jpg
0.581103801727,0.0682424381375,0.0171406194568,0.00858690589666,0.00102335133124,0.0539844073355,0.0152470292524,0.254671424627,img_06042.jpg
0.311400979757,0.0764933079481,0.0549348779023,0.00453087827191,0.000322107778629,0.0326373279095,0.00550847453997,0.514172077179,img_06065.jpg
0.363464206457,0.0758812502027,0.0782036632299,0.00757959624752,0.000503431831021,0.047445256263,0.0053785466589,0.421544075012,img_06097.jpg
0.734877109528,0.052594397217,0.0120721794665,0.0157201196998,0.00189685774967,0.0381876081228,0.0218600612134,0.122791685164,img_06099.jpg
0.0547270178795,0.0410372056067,0.157316982746,0.0010457651224,3.28685382556e-05,0.00574222067371,0.00103306013625,0.739064872265,img_06137.jpg
0.0195865835994,0.014133987017,0.621443986893,0.0037583289668,6.07956717431e-05,0.0426089465618,0.000482066971017,0.297925323248,img_06144.jpg
0.743632495403,0.0610117316246,0.0121354954317,0.0184055846184,0.00221237237565,0.0581567771733,0.0284765716642,0.0759690776467,img_06147.jpg
0.601185977459,0.0862351059914,0.0188667383045,0.0219621863216,0.00264588254504,0.0581683218479,0.0323979854584,0.178537845612,img_06165.jpg
0.716877698898,0.0876515135169,0.0110524771735,0.0324787423015,0.00314253126271,0.0480525381863,0.020353840664,0.0803905948997,img_06174.jpg
0.90918046236,0.0235097054392,0.00384418549947,0.00346409226768,7.75644293753e-05,0.0166704077274,0.00357437436469,0.0396793074906,img_06186.jpg
0.327555269003,0.144626662135,0.0451104678214,0.0507950522006,0.00203394610435,0.0357356332242,0.0183925498277,0.375750392675,img_06189.jpg
0.37118819356,0.1127352193,0.0284324586391,0.0129118440673,0.000977770541795,0.0307789817452,0.0141264209524,0.428849101067,img_06207.jpg
0.142850860953,0.0803302302957,0.1290653795,0.00455011753365,0.000600133498665,0.0829451903701,0.00316817150451,0.556489944458,img_06210.jpg
0.715143024921,0.0803330019116,0.0107116214931,0.020182967186,0.00213512033224,0.0584837347269,0.0238380506635,0.0891724154353,img_06211.jpg
0.498933792114,0.0461171269417,0.0655636042356,0.00169851386454,0.000137446477311,0.020394647494,0.00121223682072,0.365942627192,img_06259.jpg
0.128379374743,0.0349313728511,0.0175113659352,0.000696483359206,3.22916675941e-05,0.00318290735595,0.000776025932282,0.814490139484,img_06261.jpg
0.666767656803,0.0690697655082,0.023877248168,0.012771579437,0.00187738612294,0.0429246462882,0.0157358068973,0.166975975037,img_06268.jpg
0.736545085907,0.0656471028924,0.0109984613955,0.0177747439593,0.00176350679249,0.0659157931805,0.0300946235657,0.0712606832385,img_06273.jpg
0.0165882576257,0.01802219823,0.0111931674182,0.000835683895275,1.68086135091e-05,0.000780967529863,0.0001870059059,0.952375948429,img_06285.jpg
0.788195073605,0.0287200529128,0.00826358515769,0.00229700608179,0.000376332987798,0.0220797080547,0.0670103803277,0.0830578431487,img_06294.jpg
0.747044622898,0.0506259910762,0.0147366011515,0.00779107073322,0.000603795517236,0.0350259579718,0.011118340306,0.133053645492,img_06302.jpg
0.373122304678,0.0843449234962,0.077120013535,0.0115653723478,0.00154577416833,0.133173063397,0.011013686657,0.308114856482,img_06311.jpg
0.478319317102,0.111892066896,0.0228366162628,0.029182896018,0.00418388284743,0.136232510209,0.0890851616859,0.128267511725,img_06318.jpg
0.423357278109,0.054559212178,0.0340594165027,0.00534074148163,0.000604254950304,0.0481093786657,0.00752362236381,0.426446080208,img_06321.jpg
0.267748087645,0.0736905559897,0.0692157745361,0.0100963413715,0.00170460331719,0.0400671698153,0.00683385739103,0.530643582344,img_06324.jpg
0.922427177429,0.0173935610801,0.00332511868328,0.00210163602605,0.000399449461838,0.0204417351633,0.00674072327092,0.0271706376225,img_06332.jpg
0.290215879679,0.0880090519786,0.0414168871939,0.0123043134809,0.00125358847436,0.0314585976303,0.0153243383393,0.520017325878,img_06345.jpg
0.579531729221,0.090462423861,0.0114692039788,0.0211952980608,0.00228546420112,0.0936914160848,0.131940767169,0.0694236829877,img_06346.jpg
0.674037754536,0.065915428102,0.0157293397933,0.019939346239,0.00277834199369,0.0861463546753,0.0367339253426,0.0987194553018,img_06371.jpg
0.609637618065,0.0709386840463,0.0248926077038,0.011240570806,0.00223113782704,0.0940133109689,0.0158449616283,0.171201065183,img_06412.jpg
0.475557237864,0.0292641278356,0.0044454978779,0.00920286402106,0.000311041338136,0.0758491680026,0.378713935614,0.0266561340541,img_06440.jpg
0.541152536869,0.108700819314,0.0210850145668,0.0571616292,0.00301829562522,0.0840972289443,0.0326816700399,0.152102813125,img_06455.jpg
0.858402013779,0.0349836833775,0.00535440072417,0.00523626292124,0.000587860064115,0.0384573899209,0.0158736910671,0.0411047078669,img_06469.jpg
0.361940294504,0.0677988305688,0.0722731053829,0.0142179904506,0.00162099685986,0.0881388708949,0.0151714161038,0.378838509321,img_06475.jpg
0.276361018419,0.0993186235428,0.0425673425198,0.0128493607044,0.0013668971369,0.0387929826975,0.0163017846644,0.512441933155,img_06477.jpg
0.660626828671,0.0812672302127,0.0153140919283,0.0170110315084,0.00149850419257,0.0494296513498,0.0206929445267,0.154159784317,img_06496.jpg
0.468151479959,0.0723615661263,0.0542552284896,0.0179021432996,0.00224650348537,0.0622460693121,0.0197573434561,0.303079634905,img_06521.jpg
0.755997717381,0.0369384214282,0.0105613386258,0.0102830482647,0.000945141073316,0.0806979462504,0.0148480096832,0.0897283777595,img_06549.jpg
0.528197824955,0.0806341841817,0.015437615104,0.0150041766465,0.00216433405876,0.0800215303898,0.0914140716195,0.187126278877,img_06555.jpg
0.824675858021,0.0387370996177,0.00762763619423,0.016779165715,0.000771254708525,0.0303300693631,0.025171354413,0.0559075810015,img_06564.jpg
0.483386516571,0.128678038716,0.0215654131025,0.040473792702,0.00330674718134,0.0625857487321,0.0276375319809,0.232366219163,img_06571.jpg
0.173291027546,0.133241936564,0.0391681455076,0.00516299623996,0.000385440740502,0.0163812022656,0.00517425499856,0.627195000648,img_06611.jpg
0.663299381733,0.0672234818339,0.0171173270792,0.0204775128514,0.00278119114228,0.0622251033783,0.0329399891198,0.133936002851,img_06614.jpg
0.700683355331,0.0779112353921,0.0123385963961,0.0189063120633,0.00249160127714,0.070301271975,0.0315930880606,0.0857745185494,img_06616.jpg
0.0702005922794,0.0542855374515,0.130729466677,0.00264594214968,8.22750516818e-05,0.0169859807938,0.000536902400199,0.724533319473,img_06630.jpg
0.714917838573,0.0610557608306,0.0155946379527,0.0164881553501,0.00195031322073,0.0484551973641,0.0222011823207,0.119337014854,img_06642.jpg
0.887310802937,0.0329461693764,0.00467361370102,0.00336349545978,0.000204399737413,0.0249202940613,0.00516222417355,0.0414189845324,img_06646.jpg
0.369513988495,0.0822780504823,0.0971508398652,0.0187916550785,0.00221156608313,0.0725428462029,0.0221813786775,0.335329681635,img_06658.jpg
0.277569204569,0.0772913321853,0.0687142014503,0.0116594331339,0.00168022792786,0.0436972677708,0.0200722236186,0.499316066504,img_06663.jpg
0.214805483818,0.0530609078705,0.0194094795734,0.00206348649226,0.000118333700811,0.00824202317744,0.00185099628288,0.700449287891,img_06673.jpg
0.601032733917,0.0911127328873,0.0199394505471,0.0313643626869,0.00517427129671,0.0864315256476,0.0434026531875,0.12154224515,img_06681.jpg
0.835272371769,0.0418071262538,0.0078386766836,0.00855292472988,0.000685727281962,0.0370494872332,0.0117463478819,0.0570473261178,img_06684.jpg
0.451910585165,0.0898811593652,0.0248504448682,0.0163204129785,0.00199153833091,0.0732542052865,0.0203896313906,0.321402043104,img_06698.jpg
0.688782453537,0.0773719474673,0.0138546898961,0.0224194377661,0.00292400480248,0.0471541248262,0.0222243014723,0.125269040465,img_06732.jpg
0.419062405825,0.141931936145,0.0278236661106,0.0335345380008,0.00436826748773,0.0740684270859,0.0273956675082,0.271815121174,img_06734.jpg
0.233055517077,0.0649482682347,0.0377784967422,0.00489983614534,0.000324549997458,0.0164890680462,0.00566190714017,0.636842370033,img_06748.jpg
0.885238647461,0.0304836630821,0.00480898516253,0.00389744271524,0.000431391177699,0.0307815466076,0.0103029627353,0.0340553373098,img_06756.jpg
0.62786179781,0.056253105402,0.0408082678914,0.00709996372461,0.00110973464325,0.0530222468078,0.0112379565835,0.202606931329,img_06780.jpg
0.454630404711,0.0838622674346,0.0226247366518,0.0070996102877,0.000976794864982,0.031122751534,0.00831694621593,0.391366451979,img_06783.jpg
0.925001144409,0.0195992421359,0.00271061528474,0.00197114259936,0.00018266744155,0.0175222493708,0.00615252181888,0.0268604457378,img_06798.jpg
0.0742811635137,0.12373355031,0.202601000667,0.0480033010244,0.00132794305682,0.0174456369132,0.00806075055152,0.52454662323,img_06806.jpg
0.740571081638,0.0556312389672,0.0126379542053,0.0161029379815,0.00192699208856,0.0422021001577,0.023178210482,0.107749499381,img_06808.jpg
0.476546287537,0.127265334129,0.0237074494362,0.0427154637873,0.00332189095207,0.0776520073414,0.0326028577983,0.216188684106,img_06832.jpg
0.537724673748,0.0931864380836,0.0152977099642,0.0129988007247,0.00157123210374,0.0463504754007,0.0187564138323,0.274114251137,img_06845.jpg
0.692834913731,0.0680565088987,0.0151575691998,0.021165670827,0.00291562732309,0.074083968997,0.0355003774166,0.0902853682637,img_06892.jpg
0.878793239594,0.0324089489877,0.00489136809483,0.00332034542225,0.000237733402173,0.0277937054634,0.00833385065198,0.0442208312452,img_06909.jpg
0.403767108917,0.115886040032,0.0265447404236,0.0322209745646,0.00305253174156,0.146299660206,0.0343860089779,0.237842962146,img_06916.jpg
0.389363765717,0.106899298728,0.0333282537758,0.0278118159622,0.00271415896714,0.0683737397194,0.0382180921733,0.33329090476,img_06922.jpg
0.80372095108,0.0429197140038,0.0100370487198,0.00588935101405,0.00030728863203,0.0240829940885,0.00593278603628,0.107109896839,img_06936.jpg
0.599385797977,0.0701204836369,0.0334677882493,0.020629959181,0.0023594358936,0.0714201256633,0.0253167096525,0.177299693227,img_06939.jpg
0.628054857254,0.0694805160165,0.0256907325238,0.0206575710326,0.00228314381093,0.0568125657737,0.0254996046424,0.171521008015,img_06946.jpg
0.580949127674,0.1129129529,0.0176015775651,0.0290885511786,0.00420004781336,0.0924929976463,0.0568728782237,0.105881847441,img_06955.jpg
0.463341683149,0.0999675020576,0.0244336668402,0.0141506725922,0.00187174964231,0.054946988821,0.0214155409485,0.319872170687,img_06959.jpg
0.133037790656,0.032515887171,0.0508368611336,0.00257090572268,0.000196681590751,0.0487637557089,0.00252668582834,0.729551494122,img_06966.jpg
0.585973501205,0.064726896584,0.0322119183838,0.0196131225675,0.00265786610544,0.087745398283,0.0410638339818,0.166007474065,img_06986.jpg
0.673851966858,0.074878923595,0.0226759817451,0.0165998861194,0.00170693348628,0.0578498728573,0.0193212106824,0.13311521709,img_07005.jpg
0.677334070206,0.0729350745678,0.0162811130285,0.0217881705612,0.00279285362922,0.0552929788828,0.0374009460211,0.116174839437,img_07023.jpg
0.36444953084,0.0951115190983,0.0301895737648,0.018786251545,0.00213841139339,0.0457688234746,0.0273335874081,0.416222244501,img_07050.jpg
0.610963523388,0.0922529697418,0.0174358393997,0.0188302919269,0.00197316193953,0.0422919951379,0.0195436161011,0.19670855999,img_07051.jpg
0.434551954269,0.0948263034225,0.0572186596692,0.016145369038,0.00197548489086,0.0815813019872,0.0153023926541,0.298398524523,img_07054.jpg
0.134806200862,0.0429035723209,0.0951373204589,0.00320530030876,0.000239466506173,0.052586439997,0.00274797528982,0.668373763561,img_07060.jpg
0.488326787949,0.149023160338,0.0276636648923,0.0295026898384,0.00348681467585,0.0769046768546,0.0458432771266,0.179248854518,img_07065.jpg
0.0532329790294,0.0631133839488,0.1477342695,0.00607923092321,0.000385537045076,0.338557988405,0.00271252170205,0.388184100389,img_07068.jpg
0.0992677211761,0.04326191172,0.0166116487235,0.00078985496657,1.28352330648e-05,0.00168179615866,0.000524474715348,0.837849676609,img_07084.jpg
0.655747890472,0.0695531144738,0.0209203362465,0.0235699024051,0.00327141582966,0.0712899044156,0.0343945585191,0.12125287205,img_07086.jpg
0.56453537941,0.08133751899,0.0282131284475,0.0211809203029,0.00261778011918,0.054614353925,0.0282879918814,0.219212934375,img_07094.jpg
0.930028378963,0.0152612319216,0.00309209432453,0.000509491947014,9.433500054e-06,0.00791438948363,0.000899953010958,0.0422850437462,img_07103.jpg
0.987450301647,0.00389611418359,0.000598396931309,9.86838931567e-05,8.05322031283e-07,0.00301164202392,0.000319204496918,0.00462483428419,img_07110.jpg
0.431711345911,0.0821694210172,0.0210379511118,0.01009717118,0.00061031075893,0.0158279072493,0.0157681964338,0.422777742147,img_07120.jpg
0.457802891731,0.118660144508,0.0266621783376,0.0737957805395,0.00481970096007,0.097224958241,0.0423185266554,0.178715869784,img_07122.jpg
0.909377634525,0.0240838248283,0.00390515546314,0.00384707027115,0.00019204216369,0.0180088076741,0.00340761686675,0.0371778011322,img_07149.jpg
0.301764398813,0.101360686123,0.0250548962504,0.0270346328616,0.00204824726097,0.0325361527503,0.019739439711,0.490461587906,img_07156.jpg
0.640007436275,0.0592477731407,0.0163576137275,0.0105766905472,0.00132085254882,0.0596937723458,0.0452556945384,0.167540147901,img_07157.jpg
0.33731046319,0.17530554533,0.0339147411287,0.0212264154106,0.00205748155713,0.0707953497767,0.0437265783548,0.315663397312,img_07173.jpg
0.498035669327,0.115302883089,0.0274297017604,0.027824729681,0.00300030061044,0.0664880871773,0.0330455228686,0.228873133659,img_07183.jpg
0.66195589304,0.072862803936,0.0172321032733,0.0277475565672,0.00316240824759,0.0525993593037,0.0409804917872,0.123459361494,img_07187.jpg
0.415848642588,0.12585747242,0.0307179596275,0.0576150678098,0.00388679746538,0.111481241882,0.0323826856911,0.222210109234,img_07188.jpg
0.471185445786,0.0892226919532,0.0429314374924,0.0134880840778,0.000561003515031,0.0386054515839,0.00878886971623,0.335216999054,img_07231.jpg
0.966875851154,0.00847143586725,0.00125084351748,0.000347392604453,1.77002748387e-05,0.00744292512536,0.0016861287877,0.0139076476917,img_07237.jpg
0.407845288515,0.049456641078,0.0152114396915,0.00431413808838,0.000478935748106,0.0147045701742,0.00831253174692,0.499676465988,img_07251.jpg
0.94013184309,0.013242892921,0.00371927767992,0.000579557905439,4.3821248255e-05,0.0113311475143,0.00169510312844,0.02925642021,img_07278.jpg
0.670692980289,0.0681921467185,0.0205866638571,0.0168164838105,0.00207515084185,0.0696873962879,0.0243798401207,0.127569302917,img_07304.jpg
0.283877372742,0.0536847002804,0.101929724216,0.00143247982487,9.99437252176e-05,0.0161770712584,0.00196282030083,0.540835857391,img_07314.jpg
0.065737478435,0.0258670803159,0.027919575572,0.000310311676003,4.38161123384e-06,0.000834956939798,0.000323026528349,0.879003226757,img_07318.jpg
0.452712893486,0.0773511454463,0.0612302608788,0.0178955886513,0.00244271266274,0.0580661408603,0.0176158770919,0.312685400248,img_07319.jpg
0.411905050278,0.0554265268147,0.0362021736801,0.00602802634239,0.000961298646871,0.0378657281399,0.00958577822894,0.44202542305,img_07330.jpg
0.648654699326,0.0639652833343,0.0151611790061,0.0160689428449,0.00191307824571,0.0382614322007,0.0225016120821,0.193473830819,img_07354.jpg
0.140059098601,0.114113874733,0.0345288254321,0.0151090314612,0.000602156622335,0.0245052874088,0.00479081366211,0.666290938854,img_07371.jpg
0.275594323874,0.0752799957991,0.0503510646522,0.011920071207,0.000802024791483,0.214369237423,0.00807880330831,0.363604456186,img_07375.jpg
0.323177963495,0.0629890486598,0.103787340224,0.00258624483831,0.000237780957832,0.0268310699612,0.00320888101123,0.477181583643,img_07417.jpg
0.270811885595,0.0373005904257,0.0769550576806,0.00123197888024,0.000141504322528,0.0191715061665,0.00271485280246,0.591672599316,img_07419.jpg
0.94652056694,0.0177976358682,0.00152121856809,0.00131141080055,2.78099196294e-05,0.00848332885653,0.000867211492732,0.0234707985073,img_07420.jpg
0.974578380585,0.00725704664364,0.000874359684531,0.000324100168655,1.71904648596e-05,0.00670501217246,0.00230019004084,0.00794372800738,img_07426.jpg
0.708300769329,0.0450890772045,0.0159907862544,0.0090995868668,0.000835510203615,0.0961563363671,0.00859718862921,0.115930773318,img_07428.jpg
0.983774662018,0.00463283015415,0.00059135624906,0.000169004502823,6.91089690008e-06,0.00582322105765,0.000966531981248,0.00403550919145,img_07448.jpg
0.542230546474,0.0618860907853,0.0138500183821,0.0204838439822,0.0020253136754,0.249109879136,0.0308749899268,0.0795393511653,img_07460.jpg
0.803993046284,0.0347944237292,0.00757204322144,0.00263148848899,6.79090517224e-05,0.0143827227876,0.00292272376828,0.133635640144,img_07467.jpg
0.875488936901,0.0301931276917,0.00703992741182,0.00278028380126,0.00028903738712,0.0209460239857,0.00587028963491,0.0573924332857,img_07501.jpg
0.993062794209,0.00297721032985,0.000184657634236,1.66137360793e-05,1.24381486444e-07,0.000951380294282,0.0001574686612,0.00264968816191,img_07505.jpg
0.834627151489,0.0372840277851,0.00630509154871,0.00589165417477,0.000608006899711,0.030370702967,0.0105682304129,0.0743452161551,img_07508.jpg
0.311309486628,0.109840840101,0.0750416740775,0.026337698102,0.00281827081926,0.0784280374646,0.0217974800617,0.37442651391,img_07561.jpg
0.391855835915,0.0929613038898,0.0398741029203,0.0227115526795,0.00315455812961,0.213727757335,0.0247680842876,0.210946783423,img_07563.jpg
0.250950932503,0.0589870922267,0.0328606702387,0.00160102720838,8.1280588347e-05,0.00909021403641,0.00294224754907,0.643486499786,img_07578.jpg
0.454499572515,0.0894750356674,0.0166783165187,0.0206073056906,0.00218214769848,0.0756664201617,0.222175374627,0.118715852499,img_07580.jpg
0.458020240068,0.109182320535,0.0474162846804,0.0208443235606,0.00375131820329,0.0625007748604,0.0204794872552,0.277805298567,img_07594.jpg
0.436712771654,0.0606886483729,0.0186538416892,0.0135760223493,0.00124830810819,0.0463802553713,0.0180909838527,0.404649168253,img_07621.jpg
0.630737364292,0.0714041665196,0.0153418034315,0.0121748326346,0.00185521377716,0.0680277571082,0.0257543306798,0.174704536796,img_07623.jpg
0.794255316257,0.0337097495794,0.00839516241103,0.00127171771601,3.13037162414e-05,0.00695711560547,0.00197495985776,0.153404682875,img_07663.jpg
0.564397633076,0.108228005469,0.0217981729656,0.0361834168434,0.00381740438752,0.0663214996457,0.0537662915885,0.145487561822,img_07678.jpg
0.452888697386,0.0587660782039,0.0135557567701,0.00653916597366,0.000718229683116,0.0300222188234,0.0119813522324,0.425528436899,img_07689.jpg
0.728700220585,0.0580205023289,0.0133485207334,0.0186639130116,0.00254220957868,0.0638284608722,0.0317924357951,0.083103723824,img_07717.jpg
0.470614999533,0.0781048610806,0.0714629739523,0.0184396933764,0.0031755391974,0.0896277949214,0.0219568628818,0.2466173172,img_07746.jpg
0.864529788494,0.0383475013077,0.0062577384524,0.00533967884257,0.000758768816013,0.0316378511488,0.0101039251313,0.0430248230696,img_07757.jpg
0.278071522713,0.0713001191616,0.106844030321,0.018775286153,0.00213886285201,0.0782175138593,0.022738315165,0.421914339066,img_07792.jpg
0.722345352173,0.0565176010132,0.0159338992089,0.0189158823341,0.0028728262987,0.0619086734951,0.0281136687845,0.0933920964599,img_07799.jpg
0.941490650177,0.0169924870133,0.00216561625712,0.00108551641461,1.34865376822e-05,0.00952633377165,0.00123414862901,0.0274917408824,img_07818.jpg
0.541246950626,0.0625333115458,0.0163390953094,0.00613477127627,0.000885279907379,0.0389954037964,0.0109279891476,0.322937130928,img_07833.jpg
0.485862642527,0.103645645082,0.0428802222013,0.027195924893,0.00329546816647,0.0901580750942,0.0297402050346,0.217221796513,img_07893.jpg
0.863131344318,0.0353215821087,0.00627934047952,0.00975135620683,0.000767653575167,0.0253386124969,0.0107301101089,0.0486799180508,img_07895.jpg
0.656641423702,0.00395334186032,0.000143504847074,7.03860423528e-05,1.30778892071e-06,0.00319871678948,0.327571630478,0.00841970089823,img_07905.jpg
0.11067789793,0.101078368723,0.0341269597411,0.00521091697738,0.000204902884434,0.0122228423133,0.00266197673045,0.733816146851,img_07906.jpg
0.80553907156,0.0434520840645,0.0101060913876,0.0155872208998,0.00189859780949,0.0404271557927,0.0212677437812,0.061722099781,img_07908.jpg
0.75495749712,0.0441769249737,0.00992620736361,0.00550252059475,0.000375969102606,0.0380864739418,0.0162801388651,0.130694255233,img_07910.jpg
0.424377560616,0.0978864654899,0.0512293726206,0.0205624774098,0.00350612588227,0.0996645763516,0.0234280433506,0.279345393181,img_07921.jpg
