NoF,ALB,BET,DOL,LAG,OTHER,SHARK,YFT,image_file
1.74711822787e-09,0.000587691552937,8.68375309437e-07,9.39892629503e-07,6.8587601163e-06,8.38713916096e-08,1.53197976527e-09,0.999403476715,img_00007.jpg
1.53385482093e-08,0.945013165474,0.00545453326777,1.03638594737e-05,1.17145049217e-07,0.0495187826455,1.64501244626e-07,2.867884632e-06,img_00009.jpg
2.13128625859e-09,0.994799971581,0.00517918961123,2.77745198218e-06,4.66116802045e-07,1.46758584378e-05,1.38444731235e-08,2.96765279018e-06,img_00009.jpg
2.21240895826e-07,0.0551183521748,0.0351807847619,2.43544254772e-05,1.22883948279e-05,0.909660696983,2.79407856851e-07,3.08801941173e-06,img_00009.jpg
1.07054343168e-09,0.999062478542,0.000100983015727,3.71530930465e-08,9.05467459233e-07,0.000807220640127,9.91318174215e-08,2.82565160887e-05,img_00018.jpg
6.26732944511e-05,0.155885070562,0.0882218703628,0.0309659987688,0.00411729235202,0.70779812336,7.89903278928e-05,0.0128700239584,img_00018.jpg
1.78788718586e-06,0.16851362586,0.0426967665553,0.000228509219596,6.92130997777e-05,0.0166017450392,0.000645009393338,0.771243393421,img_00027.jpg
5.21625167949e-07,0.685796916485,0.00419592764229,0.0109620233998,5.95423273353e-07,0.298020631075,0.00013823043264,0.000885171000846,img_00053.jpg
1.91951077255e-08,1.44482257269e-07,3.64535068798e-08,2.16778794915e-09,0.999999642372,2.73852229782e-09,1.292085796e-11,1.57366031317e-07,img_00071.jpg
1.38079229828e-07,0.962968707085,0.00195121590514,1.66087120306e-05,0.000119148215163,0.0251001939178,4.29145472935e-07,0.00984360836446,img_00075.jpg
3.40039321145e-07,0.0439181551337,0.000603311811574,0.000166168785654,1.55299676408e-05,1.57538415806e-05,0.000278680585325,0.955001950264,img_00102.jpg
5.95573619648e-05,0.712763607502,0.019186090678,0.248249337077,0.00292115844786,6.07650472375e-05,0.000218308516196,0.016541229561,img_00103.jpg
4.85563544927e-09,0.441952258348,0.000410001171986,2.54855945059e-06,1.53472072384e-07,0.557616472244,6.1303359189e-07,1.7857129933e-05,img_00103.jpg
2.38097072724e-06,0.923610985279,0.0603928416967,1.99646583496e-05,4.63506285087e-06,0.00529103912413,0.00213044020347,0.00854781549424,img_00109.jpg
6.1609569002e-07,0.954395294189,0.00181656482164,4.02369660151e-05,3.01026630041e-05,0.0172503329813,4.90765660288e-06,0.0264618955553,img_00125.jpg
7.33466379188e-07,0.000202368682949,0.000734633067623,0.987800717354,7.44168232814e-07,4.28932689829e-05,2.34224694395e-06,0.0112155908719,img_00128.jpg
7.80418972854e-15,6.40205458091e-11,8.38088765054e-11,4.27301943828e-10,6.17033225729e-13,6.35881524844e-15,5.37880178765e-13,1.0,img_00141.jpg
1.66276186064e-06,0.324512839317,0.114145860076,9.08244255697e-05,7.68313441313e-07,0.0871901288629,0.00146560755093,0.472592353821,img_00152.jpg
4.70809372391e-13,7.00836633172e-09,8.98410323913e-09,1.06314523157e-11,2.77623563028e-10,3.14769911525e-14,2.76991754186e-12,1.0,img_00161.jpg
4.32731530964e-06,0.00254748715088,0.00245515140705,3.15650436278e-06,0.994433581829,4.94339155921e-06,3.64066664815e-07,0.000550919328816,img_00170.jpg
4.94135886841e-16,2.99742675125e-10,1.10913734794e-11,4.16549034713e-15,1.18143689276e-10,5.42531582053e-19,6.34100828655e-16,1.0,img_00180.jpg
2.16346688831e-06,0.290399968624,0.0026598260738,7.55069777369e-05,0.0092481598258,5.24058521023e-07,8.5488145487e-06,0.697605311871,img_00212.jpg
1.01511921002e-06,0.0558617115021,0.140447705984,0.00016271356435,5.51187213205e-06,0.803461432457,4.15570184487e-06,5.58082210773e-05,img_00230.jpg
1.47204504142e-09,0.998646199703,0.000538533204235,4.19764745629e-07,3.39270442851e-08,0.000493624596857,4.76004977656e-08,0.000321260507917,img_00230.jpg
1.16122336635e-07,0.898179829121,0.093892544508,2.34950166487e-05,3.58595798389e-06,0.0064621870406,1.80220104085e-06,0.00143641687464,img_00230.jpg
4.23956834084e-07,0.00674121826887,0.0173496771604,4.47398804226e-07,1.04426794678e-06,0.000260812288616,0.179369628429,0.796276688576,img_00232.jpg
8.13703536551e-07,0.439034759998,0.0255209617317,4.08674677601e-05,0.000187226905837,0.534161865711,1.77015790541e-05,0.00103584432509,img_00244.jpg
4.41607372892e-09,0.998901367188,0.000695383059792,4.3171358044e-08,3.42331077263e-06,2.46456647801e-06,1.34003670382e-08,0.000397246622015,img_00311.jpg
7.2851655375e-08,0.984669804573,0.00173755234573,4.86660701426e-06,5.29522822035e-07,0.00340393395163,3.33774050887e-06,0.0101799182594,img_00331.jpg
5.88266857449e-06,0.0937252491713,0.392988711596,0.0031435796991,0.000105477076431,0.210581377149,0.000384413549909,0.299065351486,img_00358.jpg
3.36499494935e-10,0.401843219995,0.00265066209249,2.40179276467e-09,1.67918017269e-08,9.88093347587e-07,1.48217480955e-07,0.595504939556,img_00374.jpg
1.78795216925e-05,0.441384166479,0.0889035388827,0.000162338867085,0.003974059131,0.0188430510461,0.000260855915258,0.446454077959,img_00374.jpg
9.7359160664e-12,0.998315811157,0.00141756783705,9.031831949e-10,1.61165075951e-06,2.13409578897e-09,9.04851367445e-12,0.000265014299657,img_00383.jpg
1.16761675883e-08,0.599391520023,0.019563447684,6.62516754346e-07,5.025910923e-07,0.000280286069028,3.43806220826e-07,0.380763232708,img_00398.jpg
2.41482837282e-07,0.962547600269,0.0282244831324,1.81177711056e-05,7.81938288128e-05,0.00117356306873,2.12447071135e-06,0.00795557163656,img_00398.jpg
7.65927197222e-08,0.0990894511342,8.31691359053e-05,3.08307562591e-06,0.011899263598,1.2323384091e-08,1.76131500496e-08,0.888924896717,img_00417.jpg
5.78849086719e-11,7.06171590537e-07,4.26794395025e-06,3.44039907674e-10,2.84139396456e-08,6.38260333474e-10,1.79583921067e-08,0.99999499321,img_00442.jpg
5.5520050779e-09,0.668066859245,0.000953488808591,3.4090621881e-08,5.90255149291e-06,2.89474883175e-06,4.6061072112e-07,0.330970436335,img_00446.jpg
3.28344822265e-06,0.549530565739,0.0407959707081,4.6552436288e-06,0.000540644628927,0.000257010135101,0.000614894379396,0.408252954483,img_00469.jpg
2.44960091322e-07,0.996860027313,0.00175486830994,1.19087405892e-06,3.21566549246e-05,0.000361253623851,4.57172864117e-05,0.000944456201978,img_00473.jpg
1.05352437885e-09,0.869832158089,0.119545809925,5.52679786381e-08,3.84225806727e-08,8.11177415017e-06,9.88662122836e-07,0.0106129599735,img_00483.jpg
4.63466278688e-08,0.00159539084416,0.00762348296121,5.85743329395e-08,3.48783578374e-05,9.37623781283e-07,1.74477863766e-05,0.990727901459,img_00484.jpg
2.47293633038e-06,0.817876756191,0.000890067487489,0.000492682796903,0.000321084400639,0.000210066631553,5.39572429261e-05,0.180152833462,img_00518.jpg
1.77454992922e-07,0.0332742705941,0.00398932211101,6.37804942016e-06,2.12964696402e-05,8.55855705595e-06,2.73524583463e-05,0.962672650814,img_00533.jpg
6.40107657546e-07,0.606772303581,0.101894758642,1.81212035386e-05,0.000581607047934,1.0136110177e-05,4.25742146035e-05,0.290679901838,img_00538.jpg
8.8920003305e-11,0.999176204205,0.000441994838184,1.93885597355e-07,8.78102923707e-08,6.25593088444e-08,1.13718756634e-09,0.000381343823392,img_00543.jpg
3.69249141841e-06,0.511618554592,0.367123842239,0.000235524799791,8.48396848596e-06,0.00399963231757,0.000818407395855,0.11619181186,img_00575.jpg
1.82491405099e-07,0.978194892406,0.00300360890105,4.51451815024e-05,5.5028074712e-05,0.00705886166543,2.71246651806e-08,0.0116423033178,img_00582.jpg
4.26513352414e-10,0.00329164857976,0.000679637480062,1.14822444885e-08,2.38145005937e-07,2.19244270738e-07,8.10897926584e-09,0.9960283041,img_00587.jpg
2.37436552197e-07,0.0170046854764,0.00805889349431,7.94496008893e-05,8.61333501234e-06,0.00549894059077,8.54602058098e-06,0.969340503216,img_00591.jpg
9.70461314864e-07,0.94683599472,0.00342385657132,1.33609382829e-05,8.68136066856e-06,0.030121224001,4.62456300738e-05,0.0195497106761,img_00598.jpg
2.52505599763e-10,0.999796569347,2.84585912596e-05,6.25944185373e-09,4.14585024089e-08,0.000174869855982,1.71597616117e-08,1.71353576661e-07,img_00598.jpg
1.57079703058e-05,0.851330816746,0.105633631349,0.000270807620836,0.00320024369285,0.0364419706166,0.000101699501101,0.0030051167123,img_00598.jpg
5.91038240572e-09,0.702415168285,0.00987781677395,1.66835570781e-06,1.15500165521e-06,5.45823286302e-06,1.04774676402e-06,0.287697702646,img_00599.jpg
8.55032400437e-09,0.997853219509,1.56223759404e-05,2.15765771827e-06,5.61853354952e-08,0.00200885534286,3.85379871659e-06,0.000116156945296,img_00612.jpg
6.86234955083e-07,0.929997563362,0.0483756028116,0.011768178083,6.2754713781e-07,0.00930551066995,5.53971119643e-07,0.000551302509848,img_00620.jpg
2.30618994124e-07,1.08184906367e-06,6.3040997702e-06,2.23127774035e-08,0.999975681305,4.12425407603e-07,5.84838677486e-10,1.62979249581e-05,img_00642.jpg
1.29225355749e-07,0.000555997889023,0.00259471312165,4.39192308477e-06,2.66338406618e-06,1.29767002477e-07,0.00012700802472,0.996714949608,img_00646.jpg
5.5087051587e-10,0.437329798937,0.0989984124899,1.22398873259e-07,7.30469063015e-09,5.5405951116e-07,2.5848718721e-08,0.463671118021,img_00664.jpg
7.59529700418e-14,1.28626415075e-10,9.03934149754e-10,6.81075404407e-11,4.51498803622e-11,5.21096151459e-15,2.24334317941e-13,1.0,img_00697.jpg
2.99648854707e-06,0.287031799555,0.0504941903055,0.000540775828995,0.000141129887197,0.627002418041,8.58194835018e-05,0.0347009040415,img_00708.jpg
4.37256943542e-07,0.236119896173,0.740681171417,0.000574788660742,1.36824633046e-06,0.0217541959137,1.4382808331e-05,0.000853789155371,img_00717.jpg
1.80595279176e-07,0.967698991299,0.00149039039388,1.58841303346e-05,3.15696206599e-06,0.027832236141,7.34861760066e-06,0.0029518159572,img_00718.jpg
1.10189398583e-06,0.00236934307031,0.00017764524091,0.000139673182275,4.72316941114e-07,2.10214566323e-05,0.576477885246,0.42081284523,img_00724.jpg
8.24479484685e-10,0.999859333038,6.77338766764e-06,1.16924576687e-08,3.29258487142e-09,0.000100828568975,8.05900708656e-06,2.50242192124e-05,img_00726.jpg
6.98233071361e-09,0.00206652213819,0.000165494246176,1.2793715598e-07,1.72075701244e-07,4.05058955266e-07,2.77866843135e-06,0.997764587402,img_00730.jpg
3.41961770012e-09,0.993927598,0.00154264725279,0.000102106714621,7.84035947277e-09,0.0043832436204,1.09404300019e-06,4.32307060692e-05,img_00757.jpg
2.93793633865e-09,7.0655505624e-07,7.0371925176e-07,5.68561642211e-10,0.999979972839,2.97754998435e-09,1.84562313349e-11,1.86098768609e-05,img_00760.jpg
1.92242950448e-07,0.00013301159197,0.00147106836084,0.000437520473497,2.06006075132e-06,5.10417237365e-08,3.47960650515e-07,0.997955799103,img_00764.jpg
5.97761200538e-08,0.344024628401,0.110156141222,0.00188344425987,1.20855165875e-08,0.543903410435,8.42378176458e-06,2.38983448071e-05,img_00777.jpg
8.99840927104e-07,0.0248397290707,0.00321866781451,5.84867993894e-05,2.42560486186e-06,0.0445592477918,0.00614552479237,0.921174943447,img_00780.jpg
9.61504065344e-06,0.953320980072,0.0366640277207,0.000345763692167,0.0045206672512,0.000246994051849,4.07548541261e-05,0.00485123088583,img_00798.jpg
9.06795989408e-08,0.979399681091,0.0120627144352,3.77963738174e-06,9.38072571444e-06,0.00631380686536,5.39888105777e-06,0.00220515439287,img_00808.jpg
2.34557817613e-09,0.123560883105,0.876258552074,2.66286747319e-06,2.63781976173e-06,0.000139878218761,1.86010193914e-08,3.54096118826e-05,img_00808.jpg
8.2212132213e-08,0.48516574502,0.319061100483,0.00014053992345,7.5724983617e-07,0.00549133354798,5.85626294196e-05,0.190081894398,img_00816.jpg
1.9364477339e-05,0.602178931236,0.0912880897522,0.000243711227085,0.000843195070047,0.0800237730145,0.00542822992429,0.219974696636,img_00833.jpg
9.41244060471e-09,0.759888350964,0.0464686527848,1.72939269305e-06,6.54022080937e-09,0.193452075124,4.69943461212e-06,0.000184545191587,img_00837.jpg
4.41332055345e-08,0.449201345444,0.475772202015,1.58230164971e-07,2.00820832106e-05,0.0730452910066,4.42444786586e-07,0.00196036812849,img_00855.jpg
1.04088124838e-13,0.999836921692,2.38150660152e-05,1.81862840759e-11,2.7218656677e-14,0.000130789267132,5.38721081633e-11,8.42208373797e-06,img_00857.jpg
2.61392631984e-08,0.881126224995,0.105752490461,1.33910134537e-06,8.27506880796e-07,0.0130318906158,1.27619375689e-06,8.59450010466e-05,img_00865.jpg
4.33578725278e-06,0.0798573791981,0.692389667034,0.000214529412915,1.30269463625e-05,0.226484417915,0.0009900694713,4.6647463023e-05,img_00865.jpg
8.64863579864e-07,0.289580762386,0.701093018055,5.44534623259e-06,4.5625383791e-05,0.00365341734141,4.55220761069e-05,0.00557533791289,img_00865.jpg
6.66754658596e-07,0.000206734534004,0.000181569514098,2.17789892787e-08,8.53993412875e-07,2.77143499261e-05,0.99940943718,0.000173028456629,img_00902.jpg
1.31057045709e-14,6.59180154905e-10,3.83164877604e-09,5.67033746346e-11,1.14026201675e-11,7.49643606197e-14,1.05002345794e-12,1.0,img_00914.jpg
4.54400916894e-09,0.894912600517,0.103718206286,2.49678987529e-06,9.38784054938e-08,1.8264823666e-05,3.98175052396e-06,0.00134434993379,img_00943.jpg
7.78975728366e-09,0.982466578484,0.00238549057394,1.52790690322e-07,6.3963967456e-09,0.00511229410768,3.95400966227e-05,0.00999601185322,img_00959.jpg
8.88815865352e-09,0.000974041642621,0.000920558697544,0.000648657325655,3.47886119911e-09,7.23106277292e-05,3.88728267353e-06,0.997380554676,img_00962.jpg
3.8257028101e-10,2.07839843114e-08,1.23526122664e-08,1.0,1.5364638381e-11,1.1683936485e-08,3.26149218743e-10,1.88856681405e-08,img_00964.jpg
2.40153361607e-12,1.44204889807e-07,1.67906989645e-07,2.48917525481e-10,1.77686565461e-09,3.25982955907e-11,2.0149500124e-10,0.999999761581,img_00979.jpg
3.53260615205e-10,0.959385752678,2.80840413325e-06,1.88296276349e-08,3.17327355503e-08,0.0406101830304,3.35344836344e-08,1.25490032588e-06,img_01022.jpg
5.39161142399e-08,0.0209315624088,0.0167234335095,2.23469687626e-05,4.7808317305e-08,0.962277293205,1.07127070805e-05,3.45035659848e-05,img_01035.jpg
7.14374035187e-14,5.11760340771e-08,1.01978166356e-07,3.4406113375e-11,1.23889928264e-12,7.56939164126e-11,1.97276812941e-11,0.999999880791,img_01059.jpg
1.60411886441e-07,0.0208886452019,0.00219585094601,3.90860668631e-06,6.62455786369e-05,9.75351099441e-07,0.000391847686842,0.976452291012,img_01103.jpg
6.96177608006e-07,0.343132615089,0.478896826506,0.00301151280291,6.48507011647e-06,0.166946053505,6.61486046738e-05,0.00793963484466,img_01116.jpg
2.0042962845e-08,0.928358674049,0.00151855847798,0.000372185284505,2.49883356673e-07,0.0658932626247,1.86845118151e-05,0.00383836962283,img_01134.jpg
1.29810295846e-09,0.998790085316,0.000247359683271,7.68355857872e-06,3.34597523022e-08,0.000928078021389,1.42402747372e-08,2.67106424872e-05,img_01179.jpg
2.6054092217e-10,0.968040585518,3.68696637452e-05,4.00684037061e-08,7.73681918531e-08,4.36204572907e-06,1.98291205677e-09,0.0319180674851,img_01213.jpg
8.04711362434e-07,0.675844728947,0.176827177405,2.50995271927e-05,1.60050331033e-06,0.02006142959,0.00277852197178,0.124460585415,img_01213.jpg
2.3029593649e-05,0.849743783474,0.00398941058666,0.000199592774152,0.02141690813,0.000134257730679,7.18000374036e-05,0.124421238899,img_01222.jpg
1.81196710969e-08,6.66627192913e-06,1.67354792211e-05,0.000797615502961,2.86025510832e-07,1.56587027789e-08,8.42633426146e-07,0.999177873135,img_01224.jpg
2.19168135246e-13,9.02778074519e-10,1.95797902336e-08,9.80548021251e-12,1.13528708656e-09,5.25441684588e-15,7.36194091799e-13,1.0,img_01253.jpg
1.4209803334e-09,1.46015299833e-05,3.11744479404e-05,1.0151788743e-08,3.91521462006e-05,2.95175928144e-09,2.39720132633e-09,0.999915003777,img_01286.jpg
6.75228265228e-13,9.75221041699e-08,4.51781083655e-08,4.16897245892e-11,2.35889745237e-11,4.013048574e-11,2.14824824596e-10,0.999999880791,img_01289.jpg
1.78023446679e-11,0.999998927116,1.66350758946e-07,5.25711085775e-10,1.43242573358e-09,3.4676295968e-07,2.78072120885e-10,5.40307894425e-07,img_01328.jpg
3.26430771302e-09,0.908338844776,0.0878530144691,3.27046359416e-06,4.90318790014e-08,0.000104186241515,4.84446729843e-07,0.00370020535775,img_01328.jpg
1.14507556646e-05,0.718829095364,0.0036931198556,0.00244669802487,1.46542470247e-05,0.265026271343,0.000119630887639,0.0098590226844,img_01366.jpg
5.00044598084e-06,0.702382981777,0.0338141471148,0.154255032539,0.000145173937199,0.000125725666294,7.16015847502e-06,0.109264679253,img_01379.jpg
3.80332165761e-09,0.920371294022,0.077386341989,5.20760067957e-07,1.34329152246e-08,0.00151995196939,1.53843913608e-07,0.000721702119336,img_01388.jpg
9.15905129517e-09,3.97633921239e-05,0.669263005257,0.00606569228694,6.31153582731e-08,3.32180134137e-05,4.24511483743e-08,0.324598193169,img_01399.jpg
6.14917405883e-09,0.993725597858,0.00458310404792,6.74810735291e-07,3.8197995309e-05,0.00103255594149,2.0451848215e-08,0.000619917991571,img_01404.jpg
1.9308748378e-08,0.0555377155542,0.00167899718508,8.49045245559e-05,1.46057326234e-08,0.942697107792,7.21968206108e-07,5.83423855005e-07,img_01405.jpg
1.48605183714e-10,0.999880075455,6.95337803336e-07,2.4379687602e-07,3.08456158393e-08,0.000118970143376,8.62999394169e-10,3.27887974549e-08,img_01413.jpg
1.6286327309e-06,0.0815280303359,0.0445061996579,1.55349198394e-06,1.76102059868e-06,0.00179230270442,0.127121672034,0.745046854019,img_01426.jpg
1.38099309765e-07,0.000128667685203,0.000386445230106,3.0619410154e-06,7.70018061758e-07,2.84432161379e-07,0.000547033210751,0.998933494091,img_01441.jpg
3.26966500097e-07,0.00356549606659,0.000237706422922,2.62220964942e-06,2.52496920439e-06,1.02390959e-05,0.0016035126755,0.994577527046,img_01444.jpg
1.43320297852e-08,0.000325286993757,6.39861391392e-05,7.91322781879e-06,2.29082832703e-08,3.88965372622e-06,4.15009344579e-06,0.999594867229,img_01490.jpg
1.75915392902e-05,0.621814846992,0.0779755786061,0.00073866097955,0.0067348247394,0.0236926767975,4.06666695199e-05,0.26898509264,img_01495.jpg
4.37429025624e-06,0.502263784409,0.0308863148093,0.450159996748,2.48542783083e-05,0.00184634223115,7.95745052073e-07,0.0148135377094,img_01511.jpg
3.98854682615e-09,0.807025432587,0.183422908187,2.85744704343e-06,3.08336166199e-06,1.58772863301e-07,5.43842730849e-08,0.00954548083246,img_01530.jpg
5.1558999985e-06,0.241663828492,0.0272138826549,0.0151382004842,5.11839971296e-07,0.710280060768,0.00466222548857,0.00103607040364,img_01537.jpg
4.16495197442e-07,0.328292310238,0.522656798363,0.000763816817198,5.06217656948e-06,0.14403359592,8.77000275068e-06,0.00423923647031,img_01538.jpg
2.98582882863e-08,0.987051606178,0.00184472603723,1.57495069288e-05,3.15191996947e-08,8.51891400089e-06,1.46277889144e-05,0.0110646784306,img_01543.jpg
2.19216922392e-10,0.99742436409,9.90543185253e-07,5.78404979024e-07,2.20676580308e-12,0.00165213388391,1.04658829514e-06,0.000920923543163,img_01552.jpg
1.79654835453e-09,0.998769700527,3.07370719383e-05,4.22106403164e-08,9.83913423624e-07,0.000206632350455,3.4813631089e-08,0.000991899170913,img_01562.jpg
4.83574881527e-11,0.910089671612,0.0896892622113,1.35870048545e-09,3.0536553286e-09,1.99882101981e-08,2.46517970481e-08,0.000220988265937,img_01571.jpg
8.55166248925e-08,0.287639260292,0.594036996365,6.10703682469e-06,0.000175358436536,0.000431835884228,4.07374045608e-07,0.117709890008,img_01593.jpg
1.24028360915e-08,0.467816710472,0.501994371414,2.87908108021e-07,8.24318931336e-07,1.48030221681e-05,7.04167575805e-07,0.0301723144948,img_01616.jpg
1.86555183745e-07,0.542255401611,3.58671532013e-05,2.06239732847e-07,7.68494792283e-05,0.457269340754,3.19801329169e-05,0.000330180162564,img_01618.jpg
2.65811053723e-11,0.994679391384,0.000136993068736,2.78336309556e-09,1.45697447163e-11,0.00517075462267,2.45653893671e-07,1.27141302073e-05,img_01627.jpg
7.70818342488e-09,0.982479214668,0.017291046679,4.30604586654e-06,5.31033151674e-07,0.000169193895999,3.99732101641e-07,5.53368045075e-05,img_01627.jpg
7.76722401952e-07,0.776919662952,0.160980403423,1.91198014363e-05,0.000164640528965,0.0600835494697,2.02306582651e-05,0.0018115908606,img_01627.jpg
1.64612279363e-09,0.899541258812,0.000117475217849,2.26076667786e-06,1.83942638898e-08,0.100025355816,1.25030123854e-06,0.000312505901093,img_01633.jpg
3.2753777468e-09,0.994266092777,0.00362182268873,1.88399985745e-06,4.93399966217e-07,6.29799558283e-07,4.45933991955e-08,0.00210907170549,img_01640.jpg
1.93473297827e-07,0.778501331806,0.0613316185772,3.45930402545e-06,1.05486669781e-05,0.0334736779332,8.73934550327e-05,0.126591771841,img_01646.jpg
5.50594292381e-10,0.999843358994,5.11654689035e-05,3.31471568416e-07,1.47800790273e-06,6.9684247137e-05,5.70341163186e-10,3.39072466886e-05,img_01646.jpg
1.30841204538e-08,6.87859994741e-07,1.79084253205e-07,1.32979693923e-09,0.999998569489,1.09584398444e-07,1.44699686261e-11,3.35279310093e-07,img_01669.jpg
5.66076341357e-09,0.000606790359598,0.000656637304928,4.76542282968e-07,4.44039505965e-06,1.2101762259e-08,1.42767021316e-07,0.998731434345,img_01681.jpg
1.89132407513e-07,0.988535583019,0.00790703203529,1.34144775075e-05,1.17853915071e-05,0.000933594536036,3.6685676605e-05,0.00256184278987,img_01684.jpg
4.45826175977e-09,0.725679278374,3.631085292e-06,2.05475004122e-07,1.3436952031e-06,0.274296760559,2.06742498676e-08,1.87474506674e-05,img_01684.jpg
9.87179019085e-11,0.999731719494,8.82703079697e-06,2.5619032229e-08,2.41548625546e-09,0.000258486979874,1.88953723779e-08,8.8232309281e-07,img_01684.jpg
5.12395947894e-09,0.983773708344,2.24826326303e-05,5.55726046514e-07,7.00369309925e-06,1.1336923933e-07,1.54464362367e-06,0.0161945838481,img_01687.jpg
1.15561421543e-10,3.0236310522e-06,7.17199736755e-06,7.52827133965e-09,1.06970110547e-09,7.85143541293e-08,1.92998072635e-07,0.999989509583,img_01688.jpg
6.54387655175e-09,3.26562148985e-05,2.84998295683e-05,1.32370473693e-06,6.30116003819e-09,1.01712245737e-07,6.0768820731e-06,0.999931335449,img_01689.jpg
5.09767560288e-05,0.866723060608,0.0181129518896,0.017079455778,1.70253333636e-05,0.0607222318649,0.00668060779572,0.0306137036532,img_01724.jpg
4.34635522018e-10,0.998194992542,0.00149456749205,1.46656205402e-07,1.56136914509e-09,7.05225975253e-05,5.1599240436e-08,0.000239708577283,img_01771.jpg
5.12525522023e-10,0.727424383163,0.00109521381091,7.54518580948e-08,1.38837963348e-09,0.271286427975,2.43959107138e-07,0.000193668165593,img_01824.jpg
6.23606297268e-07,0.000603783642873,0.000129395892145,2.64070905587e-07,0.997393965721,1.39028102808e-07,7.03645275379e-09,0.00187188619748,img_01831.jpg
6.34026608992e-09,2.49778452144e-07,1.4895131244e-06,0.00883413478732,1.69395192984e-07,2.865940818e-10,7.97930699292e-09,0.99116396904,img_01834.jpg
1.4029797768e-08,0.00154331850354,1.90710272818e-06,5.61401975574e-07,2.41964630732e-06,1.09582032337e-08,6.53003644402e-06,0.998445212841,img_01847.jpg
7.39919814308e-09,0.999490022659,8.69446666911e-05,3.0223125691e-07,4.41675524598e-07,3.9089945858e-06,2.05635544148e-07,0.00041816465091,img_01874.jpg
5.17296427915e-07,0.0467661581933,0.853013634682,6.32763976682e-06,0.000241293018917,0.0379040502012,0.000111962057417,0.06195602566,img_01888.jpg
3.21302195516e-07,0.207677662373,0.00181015033741,1.36407525133e-05,0.000243019341724,6.48978966638e-05,2.7526566555e-06,0.79018753767,img_01932.jpg
2.39076987374e-13,5.03035252342e-11,1.20677701165e-09,8.23928425486e-11,2.04254457792e-09,1.03133752276e-16,2.86325488059e-13,1.0,img_01955.jpg
3.33698426402e-06,0.986714780331,0.00740289036185,0.00350099732168,3.09769602609e-05,0.00140388228465,6.24950771453e-05,0.000880665727891,img_01963.jpg
4.62117313305e-08,0.957727313042,0.0285958014429,7.4113086157e-05,2.05990424718e-08,0.0112413419411,5.80186097068e-05,0.00230341800489,img_01966.jpg
4.64251886934e-10,0.960959970951,0.0159795060754,3.95609248471e-07,1.19842781032e-07,0.0229872595519,1.30535497078e-07,7.26261496311e-05,img_01966.jpg
4.97639831565e-08,0.975128829479,0.00999120343477,7.54714392315e-06,2.61750670916e-07,0.00268613174558,7.11341454007e-06,0.0121787795797,img_01966.jpg
1.27659376403e-07,0.227331086993,0.742943584919,7.49915216147e-07,6.94988102623e-06,0.00136908853892,2.64715745288e-05,0.0283219162375,img_01966.jpg
2.03779104702e-09,0.996822476387,3.43281753885e-05,1.18020159334e-06,1.60531890003e-08,0.00292198965326,2.52010181612e-07,0.00021967527573,img_01983.jpg
7.53581753088e-06,0.797243595123,0.0149259585887,0.000185572294868,0.00249582249671,0.0282980185002,4.17051596742e-05,0.156801819801,img_01984.jpg
5.07584418941e-09,0.000296629441436,4.89534104418e-05,1.02540252556e-06,1.05053604784e-05,3.7743106418e-07,1.79407244616e-09,0.999642491341,img_01984.jpg
2.37839881123e-08,0.00029897398781,0.00532419979572,7.99887914127e-07,1.11784277124e-06,1.23893676118e-06,2.56243396279e-07,0.994373321533,img_01984.jpg
3.52859242412e-05,0.0182297080755,0.493504017591,0.000375037401682,0.42121899128,0.0300933308899,6.11536161159e-05,0.0364825204015,img_01995.jpg
5.95503854561e-11,5.26171606907e-06,3.55899558713e-08,3.80939013667e-07,1.49405422929e-12,0.999989271164,4.63117976324e-06,4.24023710366e-07,img_01996.jpg
4.76140894534e-06,0.628031849861,0.317782193422,0.000309827271849,5.49131655134e-05,0.0348335951567,0.000116642062494,0.0188662111759,img_02066.jpg
1.08446118752e-09,0.985688447952,7.78104949859e-05,4.13549787481e-06,2.07928718687e-09,0.0137823140249,5.50962113266e-06,0.000441830256023,img_02074.jpg
1.99499486375e-10,0.00218708533794,0.996781229973,1.46546719204e-09,2.96630969387e-06,1.96625160598e-09,5.01412102949e-08,0.00102868617978,img_02076.jpg
3.33492411464e-09,0.99523550272,0.00314499856904,1.83165607126e-08,2.66882871358e-08,0.000323458458297,1.53395922098e-05,0.00128075096291,img_02096.jpg
3.10635176436e-12,8.6673964006e-08,7.41838979135e-10,4.68338541282e-08,1.54547869727e-14,0.999999880791,5.29867705268e-08,4.54125376192e-10,img_02124.jpg
1.557837777e-06,0.72647112608,0.0325125418603,0.00585883948952,1.00090154831e-07,0.234493330121,0.00028468950768,0.000377790944185,img_02172.jpg
2.06078789233e-06,0.975740373135,0.00186984601896,8.44220194267e-05,0.000134901769343,0.0203568488359,0.000276803330053,0.00153471902013,img_02188.jpg
5.55139744937e-12,6.77247129488e-08,1.17014120615e-09,1.69178946408e-08,1.80676447517e-14,0.999999761581,7.67254704215e-08,6.64125809902e-10,img_02209.jpg
2.78733978121e-06,0.927876830101,0.0293258093297,0.00412066094577,1.36668268169e-05,0.0367685034871,4.87958895974e-05,0.001842972124,img_02252.jpg
8.49102343636e-06,0.905837059021,0.00728846108541,0.00160673563369,0.0629882514477,3.01746567857e-05,4.44006400357e-05,0.022196508944,img_02268.jpg
1.20156569139e-08,4.43764802185e-05,1.39276696842e-08,2.93926466499e-10,0.999955654144,1.17664700205e-09,1.407912259e-10,2.8614033365e-09,img_02281.jpg
1.6529161373e-10,3.24701750287e-06,1.04051468952e-06,8.41288982922e-10,3.13101278238e-09,5.33971586947e-08,1.51720928443e-06,0.999994158745,img_02282.jpg
1.90286932877e-08,0.993398785591,0.000993347144686,3.40777273777e-06,7.29480177597e-07,0.000462415831862,1.83366552164e-07,0.00514106359333,img_02291.jpg
9.07785207005e-08,0.981098473072,0.000557266059332,2.81639728428e-07,0.00410559913144,2.20991682909e-06,3.09229591267e-07,0.0142357582226,img_02299.jpg
1.73045322072e-07,0.000683507125359,0.000205191012355,1.07384512376e-05,3.06665679091e-05,2.28681269476e-08,6.91141735842e-07,0.999069035053,img_02318.jpg
1.88819520019e-08,0.978007376194,7.6104181062e-05,1.08832205115e-06,1.34879357461e-07,6.95527196513e-05,2.43754911935e-05,0.0218212846667,img_02367.jpg
4.99570376178e-07,0.14082634449,0.0230700969696,4.85321761516e-05,1.52799511852e-05,3.79362700187e-06,1.13978321679e-05,0.836024105549,img_02379.jpg
2.62348309743e-10,0.998109579086,7.76878914621e-06,1.3110962982e-07,1.09700559747e-08,0.00138501706533,1.31884625443e-09,0.000497635162901,img_02398.jpg
2.21041460691e-07,0.223672866821,0.0110876141116,0.00709397206083,4.29219028319e-07,0.000279810046777,0.000100513745565,0.757764518261,img_02486.jpg
4.50512445127e-08,0.998849749565,0.000810376019217,6.98733288118e-07,1.97824851966e-06,1.12685111162e-05,9.76354021986e-06,0.000315999030136,img_02486.jpg
2.57379562107e-09,0.822128534317,0.175099343061,2.52459795291e-08,5.72249859943e-07,4.32961269325e-06,5.82140455663e-06,0.0027613658458,img_02487.jpg
2.65300142965e-10,0.0875162631273,0.00199768855236,1.23440065636e-06,3.98155215464e-08,3.28264206928e-07,5.80520032045e-09,0.910484433174,img_02522.jpg
5.57651258504e-10,0.00868661981076,0.000425943901064,1.89138290807e-07,9.94247056951e-06,2.95121907357e-07,3.10241193846e-10,0.990876972675,img_02556.jpg
6.29373202859e-12,8.08696711374e-07,4.54745112677e-08,1.40581282726e-10,2.73539853879e-07,6.38651805052e-12,5.44034348821e-12,0.999998807907,img_02574.jpg
9.90078596885e-09,0.891545712948,0.00916123017669,1.09364570733e-07,1.17440163194e-06,0.000475468317745,7.67662925227e-07,0.0988155454397,img_02602.jpg
6.17836554487e-12,4.70600554081e-07,1.05874313761e-08,3.83843783425e-08,6.2358491038e-14,0.999997735023,1.71257590864e-06,7.18604269423e-08,img_02625.jpg
1.26940277734e-10,0.0623402297497,0.323899298906,5.53179013707e-08,3.13063991397e-10,6.50980666705e-07,1.76333543322e-07,0.613759577274,img_02636.jpg
1.95412411585e-07,0.864517986774,0.0849769711494,3.71649161934e-06,3.98117038003e-07,0.0445928312838,2.26090814976e-05,0.00588535796851,img_02638.jpg
1.61747254879e-06,0.0298773050308,0.0170792434365,0.000165477540577,3.37343385581e-06,0.00659196078777,0.0136214932427,0.932659566402,img_02646.jpg
5.4636708352e-11,0.000847222923767,0.741827428341,8.59633964012e-09,6.93040465194e-06,6.16466946934e-12,7.76631239319e-08,0.257318347692,img_02679.jpg
2.88363710688e-09,3.77880496671e-05,4.84165548187e-06,4.17952151111e-07,9.48646004417e-07,8.6297052837e-11,3.25781428501e-08,0.999955892563,img_02687.jpg
4.29418179237e-07,0.928568422794,0.00571406399831,3.53739642378e-06,0.00208716792986,8.11305426396e-07,1.29381919578e-06,0.0636243745685,img_02699.jpg
4.58691692984e-06,0.0284981839359,0.00889938045293,0.0248627569526,0.00272614648566,0.00113378022797,1.526498977e-06,0.933873653412,img_02734.jpg
1.21963095179e-09,0.994519889355,0.00496393302456,5.25427452658e-08,6.74984335092e-07,1.1214304152e-07,5.6030447837e-08,0.000515330699272,img_02739.jpg
0.000192272709683,0.0653158128262,0.00972258113325,0.000199971269467,0.888429105282,0.000675144430716,5.48065509065e-05,0.0354102961719,img_02749.jpg
3.75086301574e-06,0.061856072396,0.224154114723,0.00288691441528,0.000740846560802,6.04464048592e-06,0.000202511248062,0.71014970541,img_02759.jpg
7.25102700105e-10,0.990841507912,7.12073233444e-05,1.3484253941e-05,2.08219039233e-10,0.00696260016412,3.01109878365e-07,0.00211099791341,img_02766.jpg
1.06493935164e-05,0.408397525549,0.0536867566407,0.00335456663743,0.000405474856962,0.000202032271773,0.000858441053424,0.533084571362,img_02769.jpg
5.95778089973e-07,0.767350852489,0.022807855159,1.95772336156e-05,4.20363448939e-06,0.208106055856,1.10164482976e-05,0.00169989571441,img_02771.jpg
2.87860113524e-09,0.991119921207,0.000217186650843,8.52068566815e-08,1.13688791714e-08,0.008634949103,6.86279508955e-06,2.1114377887e-05,img_02771.jpg
4.51995152417e-09,0.998346805573,6.17159967078e-05,9.52827065248e-07,8.26154573588e-05,0.00103088270407,3.3063689564e-09,0.00047703780001,img_02771.jpg
1.80766901448e-10,0.995119988918,0.00151441094931,2.23724789805e-08,6.71377335948e-07,5.68985747407e-09,1.71683600669e-09,0.00336479442194,img_02799.jpg
6.23066227945e-07,0.762410998344,0.00596260232851,7.76825618232e-05,7.1745371315e-06,0.0330191887915,2.80359254248e-05,0.1984937042,img_02811.jpg
3.63963370553e-09,0.922277271748,0.0302342716604,3.94829385186e-06,9.63617708294e-07,0.000462041876744,1.72357283645e-06,0.0470197200775,img_02834.jpg
3.04067293655e-06,0.012084690854,0.666754066944,0.000218921893975,0.00061594840372,5.02879629494e-07,0.00102464051452,0.31929820776,img_02837.jpg
5.11203772646e-08,0.0375933609903,0.925225436687,0.000110536813736,5.77575701755e-06,9.02340744346e-08,1.48897800045e-06,0.0370633527637,img_02838.jpg
2.55787835357e-08,0.994364380836,0.00473066559061,7.00955642969e-05,7.64428705224e-07,0.000349077192368,1.71023827988e-07,0.000484754738864,img_02838.jpg
3.13998908255e-13,2.47298412859e-08,4.15494548489e-11,5.54656709451e-10,1.80887313723e-16,0.999999880791,7.39823420304e-08,3.21386833813e-10,img_02842.jpg
3.36224456987e-06,0.485195219517,0.411213755608,0.0208793506026,0.000688863219693,0.00043131376151,1.93889445654e-05,0.081568710506,img_02876.jpg
1.38772566061e-06,0.951565980911,0.00122635671869,0.00179105484858,4.31334092355e-06,0.0438910573721,0.00010236986418,0.00141744711436,img_02890.jpg
5.95157167993e-08,0.383012801409,0.00105682073627,5.59149921173e-05,5.74601255465e-09,0.615623056889,7.42326737964e-05,0.000177106863703,img_02904.jpg
1.96837831368e-07,0.000125969672808,6.33395870864e-07,3.95908505979e-09,0.999873042107,5.70110358922e-09,3.7918477247e-09,1.31250985191e-07,img_02911.jpg
2.88665702453e-10,0.999412536621,2.02584078579e-06,2.31851315924e-09,4.37780789397e-09,5.24068018422e-05,3.22219442239e-08,0.000533027050551,img_02920.jpg
1.93488727263e-08,0.954505085945,0.0320367850363,9.38250668696e-05,1.1001071698e-07,0.0133061669767,1.72598026893e-06,5.62893219467e-05,img_02920.jpg
5.04637309717e-09,0.860252976418,0.134492561221,1.30337227233e-07,4.32276692663e-06,0.00524706346914,1.97938709867e-09,2.9785010156e-06,img_02920.jpg
6.53676002216e-11,0.464739114046,0.218020841479,5.94281024391e-09,3.72523713266e-11,2.84685654606e-07,1.94097560779e-06,0.317237824202,img_02956.jpg
4.735275283e-09,0.00882265716791,0.000105513252493,0.000640929385554,3.17493087376e-10,8.43769448693e-05,9.49678906181e-06,0.990337014198,img_02964.jpg
2.01461669569e-09,0.917089760303,0.019659621641,2.94587607641e-07,4.44670007482e-08,2.25744770432e-05,1.57551239681e-05,0.0632120296359,img_02974.jpg
3.25677859792e-07,0.771319031715,0.225992739201,3.7155807604e-06,5.15102910867e-05,7.47164522181e-05,6.31144075669e-06,0.00255166692659,img_02977.jpg
5.69612588208e-08,5.92012256675e-05,3.49472866219e-05,2.64539244199e-06,2.32562996416e-07,5.42299494555e-06,6.88046275172e-05,0.999828696251,img_02993.jpg
5.96067195602e-09,6.22618827038e-05,1.02551648524e-05,1.72082366134e-07,3.99928801187e-09,1.31326964947e-06,0.000485658034449,0.99944037199,img_03043.jpg
4.70369414529e-08,0.929518401623,0.0047303866595,5.81838276048e-06,6.83399557602e-05,0.0649978891015,5.43250635587e-08,0.000679095450323,img_03055.jpg
4.1358912739e-08,0.719685673714,0.00406590802595,9.5467266874e-06,4.88162368129e-05,0.223438963294,1.34085965442e-07,0.0527509078383,img_03055.jpg
4.22121993324e-05,0.0457369126379,0.00702231936157,3.17842277582e-05,0.918262004852,0.000181387731573,2.82725759462e-05,0.0286951512098,img_03069.jpg
6.88162693496e-10,0.944224238396,4.70149716421e-05,5.08159558876e-09,1.01651539808e-06,0.000404488353524,4.12524734372e-08,0.0553231090307,img_03074.jpg
2.19085958264e-08,0.991841554642,0.00383734400384,2.80969834421e-06,2.48237779488e-06,0.000207785808016,7.05107581211e-08,0.00410787854344,img_03074.jpg
1.77287553527e-08,0.683728814125,0.0661780387163,5.3856156228e-06,3.17836338581e-07,0.248953446746,5.70935185351e-07,0.00113336648792,img_03078.jpg
1.1973891878e-09,0.996429145336,0.00298470933922,2.00362701435e-05,6.78994993564e-09,8.99439037312e-05,5.68810889945e-07,0.000475701439427,img_03078.jpg
2.48362107413e-06,0.962142169476,0.0246171690524,0.000561846303754,2.49226945925e-06,0.0105903791264,3.86151077691e-05,0.00204484444112,img_03080.jpg
3.42824824084e-10,0.00265618693084,3.91144658352e-06,1.28154809431e-07,2.01568627745e-06,1.27738597477e-09,3.14276626945e-09,0.997337758541,img_03135.jpg
6.21029485615e-08,0.909575283527,0.0325670838356,5.80610503675e-07,3.34467529228e-07,0.00634740339592,4.90676611662e-05,0.0514601655304,img_03140.jpg
2.11557296126e-08,0.948524534702,0.0358076766133,9.96679091259e-07,1.44354544318e-07,0.0154907433316,3.20765684592e-06,0.000172592655872,img_03181.jpg
2.37638597689e-09,0.899689793587,0.0834204852581,3.41938130077e-06,1.2672025651e-09,0.00527668744326,1.43055228818e-06,0.0116081647575,img_03181.jpg
3.23173890138e-06,0.535681307316,0.0272288490087,0.000452780514024,7.91643251432e-05,0.149669483304,0.0126493806019,0.27423581481,img_03195.jpg
1.71463113929e-06,0.912154138088,0.000957168522291,1.46361944644e-05,0.000101417979749,9.12098330446e-05,0.0186494775116,0.0680301487446,img_03199.jpg
4.93490119879e-08,0.00171767827123,3.94350208808e-05,0.00669502513483,2.05664640873e-09,2.35133920796e-05,7.02067991369e-05,0.991454124451,img_03210.jpg
5.2954185481e-10,0.914815187454,0.000444494566182,1.2993048415e-07,3.88332743739e-09,0.0847385898232,3.0311412047e-07,1.24323264572e-06,img_03220.jpg
2.79649924551e-07,0.986744940281,0.000498091045301,5.74924001739e-07,8.65617312229e-06,0.00760701531544,3.70583729818e-05,0.00510343722999,img_03222.jpg
2.7954683901e-06,0.0303532872349,0.0602591633797,1.1229750271e-05,0.000465507910121,3.84584637914e-07,0.000853895326145,0.908053696156,img_03223.jpg
7.59501617154e-08,0.757195770741,0.0867813378572,6.52386506772e-06,0.00153448653873,5.46030314581e-05,2.44796556217e-05,0.154402673244,img_03228.jpg
6.44009105599e-07,0.685612916946,0.0109251849353,3.77350033887e-06,0.00240275193937,1.99051846721e-05,1.19524038382e-05,0.301022797823,img_03228.jpg
1.62251947988e-10,5.71033780261e-08,1.78870862566e-09,9.16979252946e-12,2.28577031434e-12,1.89123312566e-08,0.999999403954,4.90655452268e-07,img_03229.jpg
1.96426299226e-05,0.322523444891,0.0313789695501,0.00095544103533,1.26754030134e-05,0.0972113013268,0.543251693249,0.0046467683278,img_03238.jpg
6.76883644246e-07,0.000253512436757,0.000673111469951,2.46923335112e-08,5.75616741116e-06,4.78536958326e-06,0.998186051846,0.000876067846548,img_03239.jpg
2.14852320823e-07,0.952377021313,0.00314444163814,1.24884509205e-05,4.73042653937e-08,0.00259823375382,8.71149968589e-05,0.0417805053294,img_03252.jpg
4.22823061286e-11,1.21469756778e-05,1.15308615989e-08,4.80403166137e-08,2.43290603592e-13,0.999967217445,2.04891002795e-05,4.13958076706e-08,img_03254.jpg
4.4387306275e-07,0.925950407982,0.00120127445552,0.000722029944882,3.1935703646e-06,0.0719489008188,5.89096225667e-06,0.000167890189914,img_03260.jpg
4.75599136962e-07,0.511110424995,0.335592448711,0.00012713597971,7.09615221695e-07,0.152850583196,1.91475646716e-05,0.000299029139569,img_03261.jpg
1.74833387242e-13,1.32461948965e-07,2.1937610839e-08,4.81546313241e-12,1.05597985911e-09,3.1531147051e-13,2.92862457375e-12,0.999999880791,img_03270.jpg
7.15691385267e-07,0.0129791637883,0.00496139004827,0.000176972389454,0.000147893457324,1.58659950102e-05,1.54884480708e-06,0.981716573238,img_03283.jpg
4.71542165315e-08,0.000198704263312,0.000292759039439,3.095355396e-06,1.02966134818e-06,2.62274988927e-05,2.38266216002e-06,0.999475777149,img_03290.jpg
2.68675080406e-06,0.89690297842,0.0360199734569,0.0314411520958,2.54176620729e-06,0.0348106734455,1.04322580228e-05,0.000809628807474,img_03297.jpg
1.0272525941e-08,0.656247854233,0.26391735673,2.77482195088e-05,1.22154472137e-06,0.0797017663717,6.07276504638e-08,0.000103979095002,img_03310.jpg
8.33080719076e-07,0.397094935179,0.585805296898,2.35283296206e-05,1.35591999424e-05,0.0130952447653,3.59204459528e-05,0.00393070746213,img_03312.jpg
1.04451466143e-07,0.973982691765,0.00915182288736,1.4463386151e-06,1.13999067253e-06,0.0081261638552,1.33799937885e-06,0.00873535498977,img_03312.jpg
9.61483781481e-09,0.000531003868673,0.00143365853,1.15780643739e-07,5.9745963199e-07,3.87575746572e-05,3.50623508893e-06,0.997992396355,img_03312.jpg
1.9751897895e-09,2.03109649988e-07,2.87807523591e-07,2.29062479775e-05,1.27192734567e-07,2.05172077244e-11,8.90890805572e-10,0.999976396561,img_03324.jpg
1.31113599977e-08,0.207892149687,0.00138151634019,0.000105180770333,1.15264434442e-07,0.790500342846,2.37740755438e-06,0.00011825353431,img_03333.jpg
8.12643338577e-06,0.0352124869823,0.000936644035392,7.81052949606e-05,0.000427616789239,0.00133655942045,0.00976811815053,0.95223236084,img_03342.jpg
1.64332848544e-12,0.999789297581,3.68946939489e-06,6.93561708065e-10,1.50548773448e-09,2.81075529074e-07,1.41881523891e-11,0.000206822180189,img_03346.jpg
1.91253036519e-07,0.699422597885,0.183898314834,0.000670375477057,1.79698429292e-06,0.114597499371,1.53434812091e-05,0.00139391375706,img_03346.jpg
2.80916939016e-11,0.998963236809,0.000482353934785,2.90998825037e-09,3.45547923608e-09,0.000434975983808,1.90285942558e-09,0.0001193574426,img_03355.jpg
1.7286520233e-05,0.88018912077,0.0044142450206,0.0047227521427,0.000112105204607,0.000352622446371,0.0783314332366,0.0318603441119,img_03370.jpg
1.44160567928e-08,0.0025997296907,0.00055418361444,5.25658360857e-05,5.8956528548e-10,0.996786475182,3.32486820298e-06,3.77930791728e-06,img_03399.jpg
7.22407203284e-05,0.100172922015,0.053887154907,0.000234752020333,0.823234021664,0.000539530185051,5.92877368035e-05,0.0218001361936,img_03439.jpg
1.81443155611e-07,0.0134841697291,0.00847610924393,0.0022426629439,1.05251574496e-05,6.08031257343e-07,3.80157871405e-05,0.975747764111,img_03440.jpg
3.12154888604e-08,0.950801193714,0.0438993126154,4.55148110632e-05,1.97714385308e-07,0.00271413964219,3.6957624161e-06,0.00253595435061,img_03444.jpg
7.37405345119e-11,0.974994719028,0.0177944879979,1.20616221011e-07,3.92008558947e-09,2.03950385185e-05,1.37758755514e-08,0.00719037326053,img_03444.jpg
1.30008274368e-07,3.01902929323e-07,8.42754161567e-06,0.999903082848,8.02138444556e-09,1.59591451165e-07,5.48233515474e-07,8.74082688824e-05,img_03446.jpg
9.04336427965e-09,0.0183562226593,0.98043179512,1.12960528043e-07,1.75663483759e-08,5.70480806346e-05,1.43617098729e-05,0.00114041008055,img_03452.jpg
2.06637565725e-07,0.816937148571,0.160845831037,5.36178231414e-06,7.20288735465e-05,0.00968091469258,7.52254300096e-06,0.0124510657042,img_03488.jpg
8.48846610779e-08,0.988146543503,0.00191226077732,2.19246771849e-06,1.0461743841e-05,0.0042862072587,1.6020807152e-06,0.00564063433558,img_03488.jpg
4.7242851906e-06,0.109710454941,0.809846520424,0.00863567646593,0.0659953802824,0.00457175262272,1.00809160131e-07,0.00123541604262,img_03488.jpg
5.83929293807e-11,0.898476779461,0.101443573833,7.20575599189e-10,4.69621452837e-10,3.95581482735e-05,2.04404084769e-08,4.00156313844e-05,img_03504.jpg
5.82162984486e-10,0.87340426445,0.10397285223,6.64057438371e-07,8.65268912076e-10,6.30435670246e-06,5.70923157284e-06,0.0226101446897,img_03520.jpg
8.51763637399e-09,0.990472972393,0.00496429949999,4.75413116874e-07,3.96517179979e-06,2.27073110182e-06,1.81284747214e-07,0.00455586938187,img_03547.jpg
4.11251266996e-06,0.20133754611,0.719193637371,0.00148385332432,0.000221212219913,0.0602656006813,3.3266194805e-05,0.0174607336521,img_03547.jpg
1.49268847283e-10,0.995938658714,0.00332890055142,2.30046381944e-07,1.86447346096e-06,2.81199286079e-09,3.55072149461e-09,0.000730383151677,img_03554.jpg
1.80846245712e-06,0.000480569025967,4.23601231887e-05,1.73066553089e-06,0.998854756355,6.78229753248e-07,3.20910729101e-08,0.000618036952801,img_03581.jpg
1.57472106982e-16,7.07301242315e-13,1.76549733166e-10,4.92027469115e-12,1.65014798158e-13,1.57573658292e-16,4.73747009707e-16,1.0,img_03584.jpg
2.56845229529e-08,0.180255055428,0.000275637838058,8.17834632016e-07,1.25178476083e-05,2.54635347119e-06,3.33627690452e-06,0.819450139999,img_03587.jpg
4.5537937865e-09,0.000472322979476,1.01278118336e-07,5.88768889429e-05,4.04465037851e-11,0.997609972954,0.00184787937906,1.07677969936e-05,img_03588.jpg
3.60078467043e-10,5.79264542466e-06,9.03945274189e-09,2.65977882918e-06,5.01792075773e-13,0.999962210655,2.91833748634e-05,1.03427396425e-07,img_03602.jpg
1.79780371146e-10,0.996671676636,0.00138170539867,2.29327454804e-08,2.33414065853e-10,0.00184316735249,6.12465527183e-08,0.000103292193671,img_03627.jpg
2.35282115568e-07,0.996214568615,3.19223508995e-05,0.000618958671112,4.83373554516e-08,0.00209687976167,3.6763954995e-05,0.00100055430084,img_03628.jpg
2.82860646017e-09,0.0456330776215,0.0290881339461,1.21088578453e-06,1.12077572112e-07,0.92524009943,2.10354400565e-07,3.72267168132e-05,img_03677.jpg
8.80399930736e-09,4.85359166191e-08,1.33403403879e-08,2.91555196652e-10,0.999999761581,3.5819655575e-10,1.2122584837e-12,1.84307069162e-07,img_03715.jpg
2.15207546228e-10,1.7640313672e-05,8.01556780061e-06,4.49498172017e-09,2.02530903159e-09,1.11374205858e-07,6.87301110247e-07,0.999973535538,img_03739.jpg
3.96733951247e-10,0.000149506915477,0.000179815950105,3.74231603928e-07,1.68738356621e-08,5.24529298218e-07,1.92161408563e-07,0.999669551849,img_03749.jpg
5.65750148951e-08,0.630397439003,0.0115973874927,1.77738411367e-06,1.4584014707e-06,0.0130514157936,0.000710050808266,0.344240486622,img_03750.jpg
1.94004035059e-10,2.6986785997e-06,8.77559705259e-06,7.46711403821e-09,1.66255524903e-08,7.57234914772e-08,2.63479371654e-08,0.999988436699,img_03760.jpg
5.11609459863e-06,0.140602961183,0.210866093636,0.0213089250028,1.88628309843e-05,0.00157724996097,0.00277524674311,0.622845590115,img_03764.jpg
1.0758294593e-05,0.35778516531,0.161838695407,0.00551427016035,2.06775948755e-05,0.371556639671,0.00209963042289,0.101174160838,img_03801.jpg
1.96714245249e-05,0.49286159873,0.352148771286,0.00039599253796,0.000739502138458,0.0987053588033,0.000699276395608,0.0544298179448,img_03805.jpg
3.7389611407e-08,0.988978087902,0.00811515748501,1.87527319895e-07,1.53375623313e-07,0.00285177608021,1.39037422286e-06,5.3214309446e-05,img_03825.jpg
3.13978745226e-08,2.44020829996e-05,0.000120737968246,2.43677804974e-05,5.49953938389e-07,5.10786790642e-09,5.51942957827e-06,0.999824464321,img_03831.jpg
3.8059713714e-10,0.833711564541,0.000355303578544,1.16646283743e-08,1.95575688977e-09,0.165290936828,7.5957821366e-08,0.000642144761514,img_03853.jpg
4.70897020932e-06,0.755320250988,0.00555550772697,1.19126671052e-05,0.00237677805126,0.00195554411039,0.000156553884153,0.234618753195,img_03866.jpg
3.8253778617e-11,0.984555959702,0.0151579296216,6.10564754311e-09,2.78722356306e-09,0.000112809932034,7.30600220322e-08,0.000173281252501,img_03869.jpg
8.54469476508e-07,0.493988484144,0.294516652822,0.000132633067551,7.04876265445e-06,0.210008069873,7.8757526353e-05,0.00126743246801,img_03891.jpg
1.50044721092e-09,0.873607754707,0.126181721687,4.18565741711e-06,3.48272273243e-08,0.00016324268654,1.90016152146e-07,4.28836574429e-05,img_03891.jpg
1.03832997755e-09,0.261963427067,0.737954199314,6.87802792498e-09,1.19234286444e-07,1.28220199258e-05,2.16697543465e-07,6.93052061251e-05,img_03891.jpg
1.47896912495e-07,0.136426791549,0.748714804649,4.0217832975e-06,1.87622426893e-05,0.00576875684783,1.14179674711e-05,0.109055310488,img_03892.jpg
6.5404220928e-10,0.972144544125,0.00677984394133,1.35967264114e-08,1.73202661102e-08,0.000190726204892,4.80869687181e-07,0.0208843834698,img_03896.jpg
9.67219534687e-07,0.947946846485,0.043191678822,3.43210740539e-06,0.000362665829016,0.000507657066919,1.20827235151e-05,0.0079747736454,img_03942.jpg
2.95168149478e-07,0.763175487518,0.0879609137774,0.000169848819496,0.000146200036397,0.147937223315,2.08907536603e-07,0.000609873095527,img_03942.jpg
1.53285066931e-12,4.95591407912e-08,1.7602952429e-10,1.55675810021e-08,1.51946974595e-15,0.999999761581,2.66471914756e-07,4.5145584493e-10,img_03945.jpg
0.000126844781335,0.01495026052,0.432260125875,0.00179867481347,0.28210657835,0.0167678110301,0.00083701038966,0.251152724028,img_03946.jpg
2.00123480454e-07,0.964409589767,0.00410314975306,2.04044181373e-06,1.80094832558e-06,0.00348016130738,3.42418425134e-05,0.0279688257724,img_03967.jpg
1.15568266068e-09,0.000516194791999,0.995053708553,8.71140048986e-09,1.68412361745e-06,4.233395412e-09,6.7351419375e-07,0.00442769564688,img_03992.jpg
1.03787091768e-11,2.25051030611e-06,0.000776588276494,2.83133179124e-08,2.1485476509e-08,7.23538373312e-12,1.63648083973e-09,0.999221086502,img_03995.jpg
2.03310488445e-08,0.00730308704078,0.992642223835,4.38321658294e-05,8.58908492773e-07,4.1628541112e-06,1.08742163718e-07,5.74963314648e-06,img_03996.jpg
1.03242125959e-09,0.00578414043412,0.000521236041095,1.00027065741e-07,2.87097984275e-10,0.993692874908,8.31044317806e-08,1.54524275331e-06,img_04001.jpg
3.01271757053e-06,0.295650869608,0.6458594203,0.045815050602,4.49247199867e-05,0.00337085803039,3.16114824273e-06,0.00925269443542,img_04001.jpg
2.06466239661e-08,0.107543349266,0.881434619427,3.66724680134e-06,2.94186361316e-06,0.00600966624916,8.39105325667e-07,0.005004868377,img_04001.jpg
1.72855543497e-05,0.693599760532,0.259809434414,0.0240059923381,0.000444976758445,0.0110954949632,1.89960428543e-05,0.0110080987215,img_04001.jpg
4.06694482535e-07,0.823447823524,0.00778049277142,0.00124503846746,6.07466199654e-06,0.0132670495659,8.64085359353e-06,0.154244437814,img_04003.jpg
2.13665586557e-07,0.726904273033,0.0142358606681,0.0197444371879,1.24267636181e-08,0.233813345432,1.64235771081e-05,0.00528541347012,img_04004.jpg
2.56193821713e-09,0.664143919945,0.334876477718,4.12558947005e-08,2.07144509545e-07,0.000976504292339,2.1958796026e-07,2.63556466962e-06,img_04015.jpg
3.07692716888e-05,0.625619411469,0.193225473166,0.00164009537548,0.000252000550972,0.0778462663293,0.0465779602528,0.0548080280423,img_04024.jpg
3.91815092371e-06,0.114858940244,0.00579307973385,2.33067457884e-05,7.5612620094e-06,0.0119686275721,0.603540241718,0.263804256916,img_04061.jpg
1.06073521522e-07,0.979762852192,0.000138729592436,0.00100731418934,1.2271000287e-06,0.0186561234295,1.87130387985e-06,0.000431813823525,img_04069.jpg
2.25136645327e-07,0.0389241799712,0.127079948783,3.9896835915e-06,0.00238277064636,0.00315608177334,1.14770873552e-05,0.828441381454,img_04073.jpg
1.51040360774e-10,0.999723374844,0.000255622289842,4.62838087856e-08,2.86329367327e-07,4.03104621682e-07,4.22960155788e-08,2.01896964427e-05,img_04076.jpg
1.17958165902e-07,0.11867621541,0.0754610896111,0.000220815316425,2.1292418495e-08,0.805445551872,3.25855435221e-05,0.000163627817528,img_04101.jpg
8.07875366604e-08,0.664840400219,0.000113418034744,5.51065822947e-05,1.03320262497e-05,2.38342345256e-05,1.99288660951e-06,0.334954738617,img_04115.jpg
8.57873754673e-12,0.989387869835,0.00947966147214,1.95727412056e-09,1.74740378417e-11,5.21573092556e-05,4.6994070857e-08,0.00108025735244,img_04118.jpg
3.44319528267e-06,0.837789773941,0.00573202222586,0.00163650629111,6.19815691607e-05,0.132901757956,0.00112785585225,0.0207465868443,img_04127.jpg
1.64867342001e-09,0.0263967867941,0.973500370979,6.10369754739e-09,1.98200655177e-06,3.6336011533e-08,3.74922279889e-08,0.000100810095319,img_04128.jpg
2.10935565889e-12,0.999764621258,7.91283866874e-07,1.17697873669e-09,1.2895227941e-10,0.000225469761062,3.37525875305e-11,8.99956194189e-06,img_04129.jpg
1.1470832284e-08,0.974472045898,0.00070616195444,4.99087809658e-06,1.8982018446e-05,0.0247486270964,5.66091458154e-08,4.90864731546e-05,img_04129.jpg
2.27559526778e-09,0.994460940361,0.00472025480121,1.41465761772e-07,1.57121098709e-06,1.41050977618e-05,4.94899943249e-08,0.000802881550044,img_04129.jpg
5.46184708128e-07,0.929252147675,0.00681063951924,0.0013631148031,5.1666456784e-06,0.059130679816,2.40031317844e-06,0.00343533698469,img_04129.jpg
2.23177103464e-08,0.981195569038,0.000769667094573,9.32091461436e-06,3.91741305066e-05,0.000171332372702,8.17999762148e-07,0.0178141184151,img_04129.jpg
3.80420533475e-06,0.0905294641852,0.0124575933442,3.1598001442e-06,1.90101472981e-05,0.00673271622509,0.832859158516,0.0573950856924,img_04145.jpg
5.90804649647e-09,0.784220933914,0.200975373387,4.26671022069e-06,4.39409220121e-08,0.0146856075153,2.05494347938e-06,0.000111756256956,img_04181.jpg
1.31907768264e-06,0.0302117913961,0.00546687282622,0.000810593133792,6.3212673922e-06,0.000190882943571,6.37262928649e-05,0.963248431683,img_04204.jpg
1.99845848203e-10,0.999466359615,9.00328450371e-05,1.24244659006e-09,6.04201522947e-06,4.85853815917e-05,5.9767648608e-09,0.00038904484245,img_04221.jpg
3.20856588587e-06,0.849873363972,0.0542042180896,0.000223459530389,6.22983716312e-05,0.0465648211539,1.33723915496e-05,0.0490553416312,img_04221.jpg
7.34316218942e-11,2.96077701023e-06,5.30225588591e-06,4.84553774882e-09,2.16887702242e-10,5.03782959793e-10,1.95468710444e-05,0.999972224236,img_04247.jpg
2.14236077767e-08,0.887968361378,0.107100091875,1.00873769782e-07,8.53536221257e-07,0.00169922760688,1.43980344092e-06,0.00322981621139,img_04263.jpg
1.61117352099e-11,1.16119338145e-07,1.28184363124e-09,3.61316438102e-07,4.15358292736e-14,0.999997735023,1.74064689418e-06,3.19454009912e-08,img_04266.jpg
2.34508448216e-08,0.995634138584,0.00410793721676,2.75276670436e-06,5.07901120272e-07,0.000213057399378,4.3716846676e-07,4.11137552874e-05,img_04272.jpg
1.58340213829e-07,0.118163719773,0.00158586620819,1.08175959213e-06,8.03629591246e-05,2.70469863608e-05,0.000169706749148,0.879972100258,img_04285.jpg
3.30023226629e-12,0.981714367867,1.02939347926e-05,7.57880647129e-10,1.37909780817e-10,1.75717644879e-07,3.12151016146e-09,0.018275083974,img_04306.jpg
2.45687004963e-07,0.895578503609,0.000574428180698,0.000233996746829,0.000276968406979,0.103334583342,2.55377230474e-08,1.32806894726e-06,img_04310.jpg
1.74251482576e-07,0.879251599312,0.00220913020894,6.89134276399e-06,1.96815690288e-05,1.82601979759e-05,0.000140402582474,0.118353918195,img_04321.jpg
3.34924865619e-10,0.910811662674,0.0879436135292,4.97268581867e-09,5.41415268174e-09,0.000279901898466,3.13906934934e-06,0.00096162391128,img_04341.jpg
1.5333147303e-06,0.156650319695,0.483445763588,0.00069416599581,0.342151194811,1.11499930426e-05,4.67317136099e-07,0.0170454457402,img_04370.jpg
8.59925880503e-11,1.55723995476e-07,9.49473724177e-06,1.34046743483e-07,1.12035873912e-08,4.18376638889e-10,1.55409896063e-09,0.999990224838,img_04390.jpg
7.08415973349e-05,0.735295593739,0.0387876220047,0.00356309255585,0.00638877879828,0.129655689001,0.000104013990494,0.0861343443394,img_04410.jpg
6.87675749678e-11,5.04087189768e-08,9.31425915951e-07,5.09918773872e-10,1.60241214076e-07,2.03132372034e-11,7.36395278089e-10,0.999998927116,img_04415.jpg
1.48946579515e-08,0.990224659443,0.00452397344634,2.17339220399e-06,1.22966042682e-07,0.000113514965051,6.98704695878e-07,0.0051347091794,img_04422.jpg
1.01214652659e-06,0.954458832741,0.0187621563673,9.56191506702e-05,8.75596597325e-05,0.00245588924736,2.26431129704e-05,0.0241163279861,img_04425.jpg
8.45662270876e-06,0.343832045794,0.612979829311,0.00710489740595,0.000157445974764,0.0136943925172,0.000800771987997,0.02142216824,img_04425.jpg
2.42259066141e-08,0.417831808329,0.0062811197713,6.51822629152e-05,3.42385817476e-07,0.575578331947,7.00521070485e-07,0.000242502515903,img_04425.jpg
7.82639908437e-09,0.992973923683,0.00547190569341,2.67670529865e-05,2.41515238031e-07,0.00138410041109,3.26926760863e-06,0.000139789044624,img_04425.jpg
6.56765752893e-10,0.486441731453,0.496890097857,9.90104851439e-08,1.52964548761e-05,2.79913958678e-08,6.09077304148e-08,0.0166526399553,img_04432.jpg
3.51889838157e-07,0.601375460625,0.00350818992592,4.76613495266e-05,6.39342545128e-07,0.394880324602,1.23095960589e-05,0.000175072738784,img_04478.jpg
8.62967475257e-10,0.018244529143,0.981724500656,1.74662382051e-05,3.42277076015e-07,6.67334415994e-06,5.45584954992e-09,6.48735067443e-06,img_04478.jpg
9.40264897054e-08,0.450994819403,0.00252683646977,1.0400033716e-05,5.06015931023e-06,0.546387255192,1.33259902668e-06,7.41488838685e-05,img_04478.jpg
2.29094325732e-08,0.96392339468,0.000337387231411,1.36325143103e-05,2.35294791651e-07,0.0355345755816,2.42927370664e-07,0.0001905249228,img_04482.jpg
1.43302048006e-09,0.997133731842,0.00256431521848,3.45341817365e-08,2.04727811592e-07,0.000296300102491,8.79858532699e-08,5.29911858393e-06,img_04482.jpg
3.0930131345e-08,0.995124638081,0.00215369299985,8.9234286861e-05,1.08884998795e-08,0.00243206857704,1.97323757334e-07,0.000200144946575,img_04496.jpg
6.0643418065e-10,4.38182148343e-08,8.69201599585e-08,1.1114055809e-07,1.52533698383e-06,1.44259534873e-11,3.66309371724e-10,0.999998211861,img_04507.jpg
1.72675822796e-06,0.0272119920701,0.556762933731,1.92983625311e-05,0.000287339848001,0.0330983623862,8.48328199936e-05,0.382533490658,img_04532.jpg
1.76231992555e-06,0.00213323626667,0.00116661179345,9.10685557756e-05,2.04780499189e-05,5.76105594519e-05,0.000674819923006,0.995854377747,img_04546.jpg
1.11344689913e-07,0.258181512356,0.738825082779,1.04024966276e-05,9.88661704469e-05,0.00261617032811,6.84126860051e-07,0.000267151190201,img_04554.jpg
1.53260382163e-09,7.69919154209e-07,1.62077685673e-06,1.99221315e-08,3.93308437197e-06,3.88068022161e-10,9.3547143365e-09,0.999993681908,img_04562.jpg
7.45929764889e-06,0.425529241562,0.267617702484,0.24387472868,4.05060018238e-05,0.00120739603881,0.000922827224713,0.0608001425862,img_04586.jpg
6.9737311037e-08,0.989646136761,0.00739296106622,0.000187695812201,1.82498370123e-05,0.00261897686869,2.33393564031e-07,0.000135671012686,img_04586.jpg
2.45520436692e-06,0.0617831423879,0.717076778412,3.61186903319e-05,0.00104303751141,0.045731279999,0.000103231468529,0.174223840237,img_04624.jpg
1.34390845119e-08,0.944220721722,0.00303902570158,2.87730799755e-05,6.16917228413e-09,0.0019170853775,1.28562933241e-05,0.050781480968,img_04629.jpg
4.46984368464e-14,0.983573377132,0.0164141394198,4.01125972715e-11,1.99367491405e-08,1.07352494949e-12,4.35891082885e-14,1.23941717902e-05,img_04647.jpg
7.3038505799e-11,0.978677749634,4.52760177723e-05,1.60286802497e-07,5.6490243594e-09,0.0212658736855,2.95206126211e-09,1.09190768853e-05,img_04661.jpg
5.05267827577e-09,0.0323288403451,0.00108323222958,1.89693969332e-06,4.5527006165e-08,0.966520011425,2.03859727321e-07,6.56936172163e-05,img_04661.jpg
2.57516876445e-06,0.412212580442,0.012177048251,2.35765692196e-05,0.000105102655652,0.00791391450912,0.00194942194503,0.565615713596,img_04671.jpg
1.47458365518e-08,8.52880575053e-08,6.85565692038e-06,0.999992132187,5.61586910308e-09,4.99285022215e-08,8.29297608362e-09,7.97184043222e-07,img_04675.jpg
1.36875835111e-08,0.766791284084,0.149369195104,2.08898636629e-05,8.52132798173e-05,4.82504596278e-08,4.72827288434e-09,0.0837332382798,img_04696.jpg
8.23445131526e-12,6.84978740395e-09,6.6443817559e-07,2.93346467117e-08,3.92963306339e-09,2.44282562928e-11,9.88898338217e-11,0.999999284744,img_04705.jpg
4.23330784542e-05,0.246112883091,0.0374624319375,0.519295454025,0.00047292598174,9.13639669307e-05,0.000507622607984,0.196015000343,img_04712.jpg
1.84677101061e-05,0.0187916550785,0.0121855102479,0.00136391480919,0.965384364128,1.27233688545e-05,5.66240373701e-07,0.002242856659,img_04752.jpg
1.02647561562e-06,0.719341993332,0.00231962045655,0.000119285461551,0.000253851263551,0.0028563644737,0.000308581831632,0.274799257517,img_04766.jpg
1.2130032701e-05,0.278784841299,0.0153389116749,0.384402096272,1.63705244631e-05,0.188969671726,0.00360596971586,0.12886993587,img_04814.jpg
3.52469101017e-06,0.136837512255,0.00483661843464,8.86656271177e-05,1.66073841683e-05,0.000167572419741,0.0139068178833,0.844142615795,img_04830.jpg
3.61479976618e-07,0.0219560116529,0.832790017128,2.49179856837e-06,0.000747667625546,0.139558345079,1.04029013528e-05,0.00493467273191,img_04835.jpg
2.43414444157e-08,0.997828543186,5.23006965523e-05,3.16229915143e-07,1.18742736959e-05,0.000561693217605,1.18142260419e-07,0.00154506321996,img_04860.jpg
6.51954212838e-10,0.985296666622,0.0105886794627,1.31634962486e-07,3.43174910711e-08,0.00373368081637,1.30385814145e-07,0.000380668032449,img_04872.jpg
1.5432944922e-09,0.00618332577869,0.0124531993642,5.02088859378e-09,2.5030013262e-07,0.979213774204,1.46934507939e-05,0.00213466770947,img_04879.jpg
1.46254155453e-08,0.00237486930564,2.2935695597e-05,5.82535562899e-07,1.5666021369e-08,0.997580051422,1.73979442479e-05,4.21134654971e-06,img_04921.jpg
7.09924688636e-06,0.276612639427,0.0376252122223,1.90890314116e-05,1.94522908714e-06,0.00431313086301,0.298958837986,0.382461994886,img_04949.jpg
1.34125400564e-06,0.279059141874,0.708415687084,0.00091430573957,1.93810001292e-06,0.00867596548051,5.77921236982e-05,0.00287383445539,img_04959.jpg
2.65522482473e-11,1.32474610837e-07,8.32899877423e-06,7.0302501598e-09,2.90830103056e-11,5.56920909389e-09,2.19887859032e-08,0.99999153614,img_04962.jpg
2.10130042433e-06,3.14283784064e-06,3.68842993339e-05,3.11633016281e-07,0.999910354614,5.24985466654e-07,1.48350132179e-08,4.65869634354e-05,img_05015.jpg
6.22560918373e-08,0.124800488353,0.000594530662056,4.4340336558e-07,0.000283060653601,2.96542316391e-06,5.01737713421e-06,0.874313414097,img_05026.jpg
1.03825537057e-09,0.000135814276291,0.000458003341919,7.6310882946e-08,4.43387580162e-06,9.44650668799e-09,1.16195952859e-09,0.999401569366,img_05076.jpg
2.25229133122e-08,0.993079006672,0.0020834794268,4.52837230114e-05,5.27784713711e-08,0.00017668849614,2.86025124296e-06,0.0046125240624,img_05095.jpg
5.33222419108e-07,0.393197417259,0.604173064232,9.44683197304e-05,1.15946500046e-06,0.00176334090065,3.66323620256e-05,0.000733362103347,img_05095.jpg
1.1175951613e-06,0.892142891884,0.0282116346061,5.35204480911e-06,1.50133164425e-05,0.0245443359017,8.59745850903e-05,0.054993674159,img_05095.jpg
2.17583409068e-08,0.310264647007,0.00170124287251,4.91743958264e-05,1.2233350617e-06,0.322286993265,2.83814483737e-06,0.365693897009,img_05119.jpg
2.66530349791e-07,0.277607768774,0.00164921255782,3.71672249457e-05,3.16688783641e-06,0.72059905529,3.83342048735e-05,6.50934234727e-05,img_05137.jpg
8.82025574356e-07,3.01118825519e-06,1.36535445563e-05,1.22723088225e-06,0.999945640564,4.01541910833e-07,7.02613023318e-10,3.5222616134e-05,img_05147.jpg
5.86868281971e-06,0.906064093113,0.012464418076,0.00539038795978,1.10372766358e-05,0.0135018927976,0.000120630727906,0.0624416470528,img_05185.jpg
1.56993307243e-09,6.25622342341e-05,0.00451909331605,4.23042592956e-06,6.55404264194e-08,2.5619635835e-06,2.34314768477e-07,0.995411217213,img_05192.jpg
4.5396795656e-08,0.00835372880101,0.016824491322,6.69693872624e-06,5.51781852209e-07,7.58210762797e-06,1.42467197293e-05,0.974792599678,img_05210.jpg
1.9467061918e-07,0.987918913364,0.00102228985634,8.92663365448e-07,7.22265849618e-06,0.000523091468494,0.00519983610138,0.0053275548853,img_05211.jpg
4.08441138688e-08,0.343868374825,0.0245217438787,1.1999477465e-05,2.03834375156e-07,0.631573915482,4.78670153825e-06,1.89106212929e-05,img_05244.jpg
7.20221078154e-06,0.629359543324,0.358034938574,0.00850948598236,0.000457760237623,0.00330597907305,2.69389647656e-06,0.000322329316987,img_05244.jpg
1.53613098064e-06,0.177435129881,0.728941380978,0.000178219313966,3.50416594301e-05,0.0932095497847,1.33219073177e-05,0.000185824726941,img_05244.jpg
5.04234631479e-12,2.05004170084e-07,8.15464957782e-08,2.7989495166e-09,1.04639547027e-10,2.80622075056e-12,7.51476214589e-09,0.999999642372,img_05253.jpg
1.40911609492e-07,0.0708824917674,0.00338436500169,0.000173911626916,5.13938118729e-07,0.925471842289,2.38295297095e-06,8.43253656058e-05,img_05260.jpg
3.46556390696e-07,0.0001116897256,0.0293895881623,0.0196352582425,7.25976360627e-06,1.49777193315e-07,0.000204970143386,0.950650691986,img_05264.jpg
4.76788031278e-09,0.940739631653,0.0548151619732,4.79414779875e-07,4.6195779646e-08,2.54241858784e-05,1.08713685165e-07,0.00441917823628,img_05284.jpg
8.5171301123e-08,0.093158595264,0.00817400868982,6.18295644017e-06,1.12491386517e-06,0.000236173422309,0.000125156890135,0.898298621178,img_05292.jpg
2.71573924238e-07,0.103142403066,0.687652826309,6.25270558885e-07,0.00407343637198,0.0014777694596,4.37603339378e-05,0.203608870506,img_05293.jpg
8.42252401156e-09,0.866980552673,0.102309510112,7.5391824339e-07,4.84941347167e-06,9.33779006118e-07,3.94166157491e-08,0.0307034347206,img_05322.jpg
3.03645797395e-09,0.72242307663,0.274308770895,2.02564564233e-07,1.16460682875e-07,3.29917347699e-05,8.90552541932e-07,0.00323396921158,img_05328.jpg
1.97921656842e-09,0.914184570312,0.000236672058236,1.98297072984e-07,5.30180841452e-07,0.0855762884021,8.3503671533e-08,1.68976123405e-06,img_05336.jpg
3.36768835041e-08,0.421337515116,0.000342975283274,1.23243262351e-06,6.72124806442e-05,0.575729608536,9.82990577825e-09,0.00252151768655,img_05336.jpg
3.15456354372e-08,0.647527396679,7.75912412792e-05,0.343484252691,2.52867039308e-07,5.12536316819e-05,3.90004800011e-07,0.00885881576687,img_05349.jpg
5.12056340085e-06,0.589727818966,0.0697804391384,0.000246824463829,3.03287724819e-05,0.0876499861479,0.00303036370315,0.249529108405,img_05359.jpg
1.25929284422e-06,0.0686042234302,0.0315422527492,7.45762372389e-06,3.9357331616e-07,0.00102164386772,0.715829968452,0.182992771268,img_05393.jpg
4.68773353468e-10,4.32948866091e-07,4.28844305134e-06,1.71695489826e-07,3.3183326309e-08,9.38136460876e-12,9.74489921646e-07,0.999994158745,img_05410.jpg
1.24937542978e-07,1.36587300403e-06,2.04155076062e-05,1.07893789902e-07,0.999957680702,5.73254688163e-08,8.40632355392e-11,2.02663522941e-05,img_05426.jpg
3.80227362484e-07,0.0953590422869,0.155351310968,0.000214454994421,1.12390175389e-07,0.748749732971,0.000286543974653,3.84204140573e-05,img_05438.jpg
2.47738163317e-09,0.995426476002,1.75114346348e-05,1.835407204e-08,6.2791224309e-07,0.00409103091806,1.07550228279e-07,0.000464202690637,img_05439.jpg
1.40913938296e-08,0.998012542725,0.000220963091124,1.3916580599e-07,3.85085586458e-05,2.61618442892e-05,3.3882052719e-08,0.00170162576251,img_05445.jpg
2.41926081799e-05,0.604946553707,0.303625792265,0.00102784717456,1.68828482856e-05,0.0238807518035,0.00378274614923,0.0626952573657,img_05459.jpg
2.16330067815e-06,0.621096074581,0.204874306917,0.000336006865837,0.000301676831441,0.167333334684,2.46738454734e-05,0.00603176699951,img_05459.jpg
2.9815728908e-07,0.0192935597152,0.00033044751035,4.19462503487e-06,6.02099271418e-06,7.0955233241e-05,0.000341634848155,0.979952931404,img_05463.jpg
3.05147089819e-08,0.977446913719,0.000344612781191,1.76394701157e-06,1.41022737807e-05,0.000127960942336,3.76859588869e-06,0.0220608785748,img_05471.jpg
7.54528491598e-06,0.506880939007,0.0425953343511,0.00170271424577,0.000491970800795,0.444316864014,1.07630239654e-06,0.00400351220742,img_05479.jpg
1.21942997366e-10,0.980214715004,0.00410832138732,1.30318142055e-07,7.02912034134e-11,0.0156152378768,2.78186664815e-08,6.15798708168e-05,img_05488.jpg
4.83953626826e-05,0.673331677914,0.2774104774,0.0047161038965,0.00857949350029,0.025338286534,6.88364380039e-05,0.0105068050325,img_05488.jpg
2.13030548757e-09,0.0966692268848,0.00630968762562,4.69288430338e-08,2.66373891833e-08,0.896991491318,1.55370159405e-07,2.93570046779e-05,img_05488.jpg
1.50631237261e-07,0.303717434406,0.117662206292,1.55186917254e-05,6.42601889922e-06,0.578242540359,1.41613281812e-06,0.000354291783879,img_05489.jpg
9.07621924284e-08,0.950609862804,0.0171150900424,2.03155323106e-05,7.26907728676e-07,0.00156827957835,1.4191327864e-06,0.0306842885911,img_05489.jpg
1.34657767603e-07,0.42521288991,0.562932372093,2.94086239592e-05,2.50140619755e-05,0.0110231675208,1.46524905631e-06,0.000775552238338,img_05489.jpg
2.99272912008e-10,0.0112450746819,0.0016938468907,7.96671884018e-06,1.03030750154e-07,5.09067312748e-08,1.92489868489e-09,0.987052977085,img_05492.jpg
7.57425788755e-10,0.995470166206,0.000635914388113,7.52824931283e-08,1.04406410628e-07,1.235480795e-06,1.36686992391e-07,0.00389233976603,img_05516.jpg
6.47783150905e-14,5.66516519029e-07,3.03529978929e-10,1.06568409652e-09,2.14596392757e-17,0.999998092651,1.36480957735e-06,1.21684751164e-09,img_05520.jpg
9.41864897186e-09,0.805862724781,0.192312598228,7.53276026444e-06,2.59065491264e-05,1.12291377263e-06,3.47818520652e-08,0.00179006240796,img_05525.jpg
7.1829825421e-10,0.993204474449,0.00470706541091,2.32299356639e-07,2.47153248978e-08,1.20350396173e-05,7.13213665904e-08,0.00207605445758,img_05548.jpg
3.23665561019e-09,0.730934917927,0.0155862364918,1.74960703703e-07,6.10180839189e-09,0.252228826284,7.47550870983e-07,0.00124905724078,img_05548.jpg
1.94167205336e-06,0.906437754631,0.0492034740746,1.33172461574e-05,0.000887897738721,0.00222486490384,0.000249009113759,0.040981721133,img_05558.jpg
1.23547827524e-09,0.990584909916,0.00940447300673,2.71072924107e-08,2.62568823928e-06,3.34103060595e-06,4.28334534508e-10,4.6362665671e-06,img_05563.jpg
1.32950961351e-09,0.996289372444,0.00332631939091,2.71050968337e-08,7.39908045944e-08,1.23034733406e-05,1.05556958729e-08,0.000371808680939,img_05568.jpg
7.32414573434e-09,0.993267655373,3.41732811648e-05,1.08633958007e-06,8.27149165161e-07,0.00669614691287,6.2990608285e-09,1.02030398352e-07,img_05584.jpg
1.0899021845e-06,0.92028683424,0.000622940948233,0.000316564226523,8.04561423138e-05,1.99210535357e-05,0.00015341953258,0.0785186737776,img_05595.jpg
2.8229441007e-09,0.989881813526,0.000721581105608,0.000243691058131,3.43459016783e-09,0.00906664971262,3.4310431829e-08,8.62911911099e-05,img_05612.jpg
2.05802606956e-07,0.00450038444251,0.000393276684918,3.64848119716e-06,3.69616791431e-05,2.79233904621e-06,4.13197849412e-05,0.99502146244,img_05613.jpg
1.22033827488e-09,0.967897295952,0.029649304226,5.31441799012e-07,3.66770169791e-09,0.00214695301838,9.18524904137e-07,0.000305003428366,img_05615.jpg
1.22410980907e-07,0.51416438818,0.0141700655222,5.12525002705e-06,1.07018622657e-05,0.000151479864144,2.96303528557e-06,0.471495181322,img_05623.jpg
3.03399502855e-07,0.419848352671,0.00140339625068,4.2070823838e-05,2.6839414204e-05,0.000143221579492,2.10763064388e-05,0.578514754772,img_05640.jpg
5.0446185007e-09,0.810787916183,0.145394548774,5.55883218567e-07,0.000151974745677,0.0434903055429,6.88285117789e-09,0.00017468513397,img_05654.jpg
7.5835217217e-08,0.431476026773,0.000543132831808,2.63088213615e-06,3.47023669747e-05,0.563730299473,6.41252526634e-08,0.00421300204471,img_05654.jpg
1.44261093737e-07,0.691661417484,0.196287840605,4.8923102014e-08,9.2602181212e-07,0.000194073203602,0.0244344733655,0.0874209776521,img_05657.jpg
2.92876585206e-08,0.804326295853,0.03305850178,3.95167802481e-07,3.21537072523e-07,0.00628412887454,0.000110389912152,0.156219959259,img_05682.jpg
8.50084092008e-09,3.81029494747e-05,0.000210277314181,4.95510084875e-06,4.1628393177e-08,1.27775265923e-07,1.85112257896e-05,0.999727904797,img_05719.jpg
1.4005002491e-08,0.000115531758638,0.000194650812773,4.02887536666e-08,9.08310404668e-09,6.18250339812e-08,0.0271477028728,0.972542047501,img_05722.jpg
5.81246624165e-08,0.970655202866,0.00904093589634,0.000944354396779,8.66670416144e-06,0.000295925652608,1.94485096472e-07,0.0190547276288,img_05724.jpg
1.19704346435e-09,0.979234218597,0.00321610970423,5.56450413569e-06,5.6280096139e-09,0.0173580013216,1.32755261006e-07,0.000185979850357,img_05724.jpg
1.20589689345e-07,0.994065761566,0.000720743555576,0.00038995835348,3.45723378814e-06,0.00460014026612,2.51713686339e-06,0.000217281529331,img_05743.jpg
1.19263236439e-11,0.999920010567,5.83749169891e-06,3.50032252072e-08,1.77534778545e-10,3.29364866047e-07,2.17650164558e-09,7.37343871151e-05,img_05755.jpg
1.1975163261e-07,0.184892803431,0.781896054745,3.18475467793e-05,1.16256080673e-06,0.00647863233462,1.86989484519e-06,0.0266974177212,img_05755.jpg
8.52753478942e-10,1.82881849469e-05,2.75476268143e-05,1.38140805461e-08,1.32568004574e-06,5.97916161027e-09,5.96748339632e-09,0.999952912331,img_05766.jpg
1.20794196867e-09,0.959947526455,0.0177243947983,7.83074156629e-08,7.28495095359e-08,7.57446832722e-05,1.15813001855e-07,0.0222521163523,img_05768.jpg
9.93545015149e-08,0.985756576061,0.00331071508117,2.71845152611e-07,4.95452786708e-06,0.00050319719594,0.000115585833555,0.0103085944429,img_05775.jpg
2.22118060056e-10,0.970402121544,0.000345488981111,1.91163576346e-06,6.92656279555e-11,5.07200165885e-05,5.56289887754e-06,0.0291942730546,img_05790.jpg
1.41931509948e-11,0.999668598175,0.000312030024361,1.26881500098e-11,3.12777936884e-09,1.8795415599e-05,1.07244257919e-08,6.1181106048e-07,img_05794.jpg
1.58788097337e-07,0.87741959095,0.091308362782,3.11463759317e-06,2.53176822298e-05,0.0303784552962,8.74575289345e-06,0.00085618608864,img_05805.jpg
1.13938325441e-08,0.970809519291,0.000865846697707,3.3271776374e-06,9.56417170528e-06,0.0181992761791,8.783303862e-09,0.0101124634966,img_05805.jpg
3.53430414179e-06,0.438613295555,0.461000025272,0.00027211982524,2.71810276899e-05,0.0890768170357,0.000166559082572,0.0108404913917,img_05805.jpg
1.09737947895e-10,4.62787720608e-05,9.95604750642e-07,2.45614248939e-08,1.97908732957e-07,2.51469378654e-09,2.80728496005e-10,0.999952554703,img_05813.jpg
2.76760920315e-06,0.980282068253,0.000372419715859,9.1227440862e-05,0.000367779837688,0.00594809278846,0.000497309840284,0.0124384043738,img_05817.jpg
2.49660875307e-10,0.711223602295,0.287588953972,6.11278538898e-09,2.93633988235e-08,7.16577487765e-05,4.9930530821e-08,0.00111564330291,img_05828.jpg
7.24070332581e-08,0.972272992134,0.0221693646163,0.000335408054525,2.92273654168e-08,0.00456460239366,5.46638875676e-06,0.000651965499856,img_05835.jpg
6.92227501986e-08,0.603021562099,0.360405802727,0.00114807486534,1.49820107254e-06,0.0319934636354,1.27727525978e-05,0.00341676687822,img_05838.jpg
8.1727371537e-08,0.924637794495,0.0160437021405,6.85442428221e-05,8.98448633961e-05,0.000889672082849,8.67580922659e-07,0.05826959759,img_05857.jpg
1.11078106784e-05,0.355668008327,0.214604526758,0.0285050645471,3.52190545527e-06,0.0162062570453,0.0518494471908,0.333151966333,img_05864.jpg
2.72054052175e-07,0.358984917402,0.00459989253432,0.000850153621286,0.000124501108075,0.634126067162,9.87210228232e-07,0.00131326064002,img_05879.jpg
2.12734619254e-07,0.893221378326,0.0226838737726,2.27097146421e-07,9.11188999453e-06,0.000205497621209,0.00147076055873,0.0824089348316,img_05882.jpg
5.15809006618e-10,0.95874363184,0.0281792823225,2.5137397941e-08,5.4226591601e-05,2.69548254437e-05,6.66489974321e-10,0.0129958838224,img_05896.jpg
3.85834766803e-07,0.000601416046266,0.00227822898887,9.7505744634e-06,1.87071549362e-07,0.00070340023376,0.000929279776756,0.995477378368,img_05915.jpg
2.15400490333e-07,0.815977275372,0.0194057654589,5.93393451709e-06,0.000107345156721,6.47011461297e-07,0.000188245932804,0.164314553142,img_05916.jpg
1.61440261159e-09,0.940449237823,0.00323461205699,7.85270401593e-07,5.9486747972e-08,0.00191870739218,9.55363219646e-08,0.0543965958059,img_05922.jpg
8.4595960459e-08,0.235810562968,0.674889922142,3.04273253278e-05,4.20483183916e-06,0.000954733637627,3.97589428758e-06,0.0883061736822,img_05922.jpg
4.29801680357e-11,0.999739587307,0.000219346649828,1.05673711914e-06,7.71719410597e-10,2.62047433353e-05,3.92572818697e-09,1.37528886626e-05,img_05927.jpg
1.23140244668e-08,0.29106426239,0.00875840615481,1.24416246763e-05,7.22597759406e-09,0.695569396019,0.000541680958122,0.00405381293967,img_05948.jpg
9.79730874207e-09,0.988726973534,0.00702138803899,2.62649194838e-07,2.44517073256e-09,0.0032089529559,1.27428402266e-05,0.00102969654836,img_05950.jpg
2.30652926229e-13,1.70211733597e-09,3.29768212737e-08,5.14133830995e-12,4.02390967769e-11,4.52417264893e-13,1.76307454747e-10,1.0,img_05958.jpg
3.46358075554e-09,5.15057990924e-06,7.88075794844e-06,1.437590047e-08,4.21484998014e-07,1.86021198445e-09,1.14678477985e-05,0.999975085258,img_05960.jpg
5.35950903213e-06,0.508833289146,0.00601821765304,0.00137929979246,2.92194181384e-05,0.064722687006,0.0160634350032,0.402948498726,img_05963.jpg
1.06514221443e-06,0.671878755093,0.297323942184,6.95690614521e-05,5.18797060067e-05,0.000174848741153,1.75214536284e-05,0.0304824374616,img_05967.jpg
3.57934410999e-08,0.823628604412,0.173446938396,0.000137115785037,4.51083536746e-07,0.000932801805902,4.13333009419e-06,0.00184984027874,img_05967.jpg
5.26908685572e-08,0.943731963634,0.00216372893192,3.78944127988e-06,4.55886311101e-06,0.0010857291054,3.83383412554e-05,0.0529718101025,img_05976.jpg
9.92459519011e-08,0.895526945591,0.103482976556,2.89618787974e-06,4.87701399834e-05,0.000248636264587,1.23151619391e-06,0.000688470085151,img_06001.jpg
5.78987915389e-08,0.327348262072,0.658061742783,0.000353317154804,0.00012479601719,3.75109957531e-05,5.4517153103e-07,0.0140736727044,img_06003.jpg
3.79885392476e-07,0.726656079292,0.242632523179,0.000387721403968,1.07267860585e-05,0.0015123457415,1.19816468214e-05,0.028788222,img_06003.jpg
2.02530443971e-07,0.932139635086,0.00208502123132,0.000157964270329,9.22127146623e-05,0.0652837753296,1.91760562984e-07,0.00024093776301,img_06003.jpg
5.61516486641e-08,0.979435443878,0.005238476675,5.29731732968e-06,1.79444248261e-06,0.000993184163235,1.26103113871e-05,0.0143131362274,img_06003.jpg
6.6771361162e-05,0.697955131531,0.0256744828075,0.000443171244115,0.0435123816133,0.000593616627157,0.00342379300855,0.228330612183,img_06010.jpg
4.58006013559e-07,2.33835248764e-06,5.60189182579e-05,0.998740613461,7.43160128991e-08,2.73982459476e-06,8.75899331731e-07,0.00119687186088,img_06021.jpg
3.42714259749e-11,0.988459944725,0.0115052210167,5.56396351215e-09,5.74317537971e-10,1.74168371814e-06,2.81767711385e-07,3.27788366121e-05,img_06037.jpg
1.47810051203e-05,0.587972283363,0.267884075642,0.00704143941402,0.000327889079927,0.000447958183941,0.000306131289108,0.136005491018,img_06038.jpg
1.91546312145e-09,0.000406788603868,2.04576576834e-06,9.17110014598e-08,5.22188145169e-07,3.30648290969e-08,1.70868679561e-06,0.999588787556,img_06097.jpg
2.54921587839e-06,0.205211237073,0.113652966917,0.0283754467964,0.000125156817376,0.000121140838019,1.82527637662e-05,0.652493238449,img_06099.jpg
8.39493578819e-12,3.76330774543e-07,0.00113659573253,5.3204314554e-07,3.39778405412e-09,2.60175325728e-10,4.58201060427e-10,0.998862624168,img_06137.jpg
7.60175462347e-05,0.353614598513,0.0909535735846,0.00226828665473,0.00393264042214,0.186782360077,0.00382488174364,0.358547687531,img_06144.jpg
1.30727248471e-10,0.046209897846,5.62134118809e-05,6.07748120274e-07,7.8456702246e-10,3.49820970769e-06,4.3597347954e-09,0.953729808331,img_06147.jpg
1.39147875444e-08,0.00021605193615,0.000131120381411,3.69173867512e-05,3.69958030433e-07,2.27157656241e-07,1.2731974266e-06,0.999614059925,img_06165.jpg
2.22387927518e-10,0.984304010868,0.0156420338899,7.95023824551e-10,1.98391421691e-06,5.3737522876e-07,8.6750162609e-11,5.14199418831e-05,img_06174.jpg
1.81569443924e-08,0.979125976562,0.00376663869247,4.66310302727e-05,8.26858638447e-07,0.00546792941168,2.50373568633e-06,0.0115895010531,img_06186.jpg
5.2842669902e-06,0.709273338318,0.128949776292,1.94613494386e-05,2.1247233235e-05,0.0132580958307,0.000817500986159,0.147655338049,img_06189.jpg
1.22975052363e-05,0.527617752552,0.00445437384769,0.0617106966674,4.73659611089e-06,0.38526147604,0.00081379635958,0.0201248005033,img_06207.jpg
3.17873673339e-06,0.118300773203,0.0188904870301,6.28295092611e-05,8.31843935885e-05,0.000639974197838,0.000144561432535,0.861874997616,img_06210.jpg
8.10237338555e-07,0.93497222662,0.0310866832733,1.80739846201e-06,0.00643318612128,6.92329194862e-05,3.87912632505e-06,0.0274321734905,img_06211.jpg
2.42144171603e-14,4.27147117676e-09,4.31188027505e-07,2.0038482592e-12,1.09881957699e-10,2.411037136e-13,9.39045542714e-12,0.999999523163,img_06259.jpg
4.70016357212e-06,0.567244708538,0.04220681265,0.122794307768,1.00387751445e-05,0.0479371733963,0.000427053164458,0.219375252724,img_06268.jpg
4.09524538725e-08,0.825429081917,0.168423250318,9.07091646241e-07,1.21753100757e-05,0.00583770964295,1.41324053402e-05,0.000282693392364,img_06273.jpg
3.11698585165e-07,0.991448581219,0.00641742162406,2.12632448893e-06,8.12544658402e-06,0.00161088968161,0.000232382721151,0.000280098116491,img_06273.jpg
6.95771842918e-11,1.71502676949e-07,2.00540694095e-06,7.00744218207e-09,1.80921067017e-09,8.05517666458e-11,2.43833380154e-08,0.999997854233,img_06285.jpg
2.949427369e-08,0.741417884827,0.0480246394873,5.91654043092e-07,2.65533032007e-07,0.000694408023264,3.28159840137e-05,0.209829315543,img_06294.jpg
6.93416097874e-07,0.881562650204,0.00533942645416,6.2352817622e-05,0.00397553062066,5.093535583e-05,7.85526481195e-06,0.109000563622,img_06302.jpg
2.71847433453e-10,0.972299039364,0.0274788159877,4.2103929232e-09,1.84243660328e-08,0.000111505556561,7.69116823562e-08,0.000110626941023,img_06311.jpg
3.4492657619e-07,0.503453969955,0.16902525723,0.000135250185849,7.10277981852e-06,0.0266009438783,0.000478120375192,0.300299048424,img_06318.jpg
1.72645513885e-07,0.965090811253,0.00126793410163,3.50210029865e-05,3.81896097679e-05,0.000263235298917,4.82582836412e-05,0.0332564003766,img_06321.jpg
0.000413871282944,0.243478119373,0.00164943689015,0.0026380722411,0.740245044231,0.00122653623112,0.000967904925346,0.00938101112843,img_06324.jpg
3.46601325418e-08,0.000241445333813,4.41002703155e-05,3.30925104208e-05,1.80955353812e-07,5.80893200208e-08,7.24659330444e-05,0.999608576298,img_06332.jpg
1.05263502803e-07,0.00247737229802,0.000306641217321,1.61420200584e-06,7.06703503965e-05,5.60806050487e-08,2.61089326159e-07,0.997143208981,img_06345.jpg
1.44558638063e-12,1.38158640084e-07,3.65330599106e-10,1.02708483496e-07,3.82683873976e-16,0.999998569489,1.17942590805e-06,1.70014535783e-09,img_06346.jpg
1.5562822e-06,0.092186614871,0.793265104294,4.35304946222e-06,9.99767289613e-05,0.0155893284827,0.000318879057886,0.0985341370106,img_06371.jpg
3.53587683221e-13,3.53428788458e-08,7.55550066955e-11,6.61080390429e-09,6.33397261913e-16,0.999999880791,8.27623054533e-08,1.3460918491e-10,img_06440.jpg
4.55771669294e-06,0.917658686638,0.0349769815803,2.5206279588e-06,0.0441362857819,5.7210399973e-05,7.6577288155e-07,0.0031629812438,img_06455.jpg
4.25187103303e-08,0.862290978432,0.127501189709,1.17618592412e-05,1.33902494781e-06,9.03811815078e-05,4.13339466832e-06,0.0101001737639,img_06469.jpg
1.35022247605e-07,0.536350846291,0.279668360949,1.70670464286e-05,2.89088939098e-06,0.00222008372657,1.49513325596e-05,0.181725636125,img_06469.jpg
6.92061661312e-08,0.972887217999,0.00692486297339,2.61100785792e-06,2.69152246801e-06,0.0011098170653,3.27665111399e-05,0.019040023908,img_06475.jpg
1.96856531076e-09,0.000103895174107,1.96843047888e-05,5.45695399978e-07,1.21053140845e-08,8.05766717349e-07,3.36429877734e-07,0.999874711037,img_06477.jpg
8.51179993333e-06,0.478385597467,0.0480851531029,0.0436466298997,0.000346170039847,0.428592592478,7.0134174166e-06,0.000928336812649,img_06496.jpg
2.77062699752e-05,0.56530714035,0.0562260150909,0.00494297966361,0.00108005839866,0.0100311404094,0.0297737307847,0.332611262798,img_06521.jpg
2.04741423815e-09,0.999453723431,1.13835221782e-05,2.94687708902e-07,6.01795909461e-06,0.000527120486367,2.3382205061e-09,1.51121514591e-06,img_06549.jpg
1.92210961814e-07,0.965574026108,0.0267230086029,4.93329644087e-05,1.67589604416e-07,0.00762827275321,6.93383071848e-06,1.80075385288e-05,img_06555.jpg
5.16992698651e-12,0.999908924103,8.69365248946e-06,6.01504818176e-11,6.08053487667e-05,2.15897784983e-07,3.01538308212e-13,2.13005550904e-05,img_06564.jpg
5.58757164981e-08,0.957534134388,0.0280740503222,1.19181286209e-05,2.4957071787e-07,0.0139570524916,5.50218783246e-06,0.000416996248532,img_06571.jpg
1.67619234048e-07,0.000184641685337,0.00325845461339,0.00052005663747,3.95235429096e-06,4.57491182715e-07,9.48997148953e-06,0.996022701263,img_06611.jpg
2.02299656848e-06,0.000469515158329,0.000123430028907,8.35974105939e-07,6.44949523121e-06,1.35943264468e-06,0.839399039745,0.159997284412,img_06630.jpg
1.75933809743e-08,0.0212955102324,0.00012403994333,2.17404522118e-06,7.60288230595e-06,2.46869831244e-07,6.77179514241e-07,0.978569746017,img_06642.jpg
1.74951446752e-06,0.503950595856,0.201623246074,8.22691526992e-06,2.8845097404e-05,0.000277349958196,0.00301243644208,0.291097551584,img_06646.jpg
3.74269006898e-07,0.900144815445,0.0205160882324,1.62396318046e-05,8.47557839734e-06,0.0154138626531,0.000851080927532,0.0630491375923,img_06658.jpg
1.31748856802e-06,3.17564240504e-06,7.37013215257e-06,5.27312863596e-07,0.999963998795,4.81504514482e-07,1.40106211077e-08,2.3071992473e-05,img_06663.jpg
7.06974105924e-08,2.25276671699e-05,7.42905558582e-06,1.11508802192e-10,0.999962091446,7.66855350776e-07,2.79413470139e-09,7.0755154411e-06,img_06681.jpg
1.27993553178e-06,0.665247738361,0.011889802292,0.000408784864703,2.96317139146e-05,0.318302363157,6.76165700497e-06,0.00411364575848,img_06684.jpg
1.90727078575e-09,4.27661980211e-05,1.34575907396e-06,1.62446889274e-10,1.63059052372e-10,0.00028300032136,0.999662876129,1.00210672827e-05,img_06698.jpg
1.48633414604e-11,0.999830126762,7.63739371905e-05,8.1804107932e-10,2.9166649651e-10,3.90868621025e-07,4.99463848058e-09,9.30997994146e-05,img_06732.jpg
8.46409591304e-08,0.0194276478142,0.00175293872599,6.16499164607e-05,4.62759708171e-05,8.08307304396e-05,4.81825530585e-08,0.97863060236,img_06734.jpg
1.80540993266e-09,5.47858348909e-07,6.3266743382e-06,9.28993322304e-05,6.74962592484e-08,6.3760296598e-07,1.00084385224e-08,0.999899506569,img_06748.jpg
8.0529055646e-11,0.99994468689,4.48758601124e-06,5.50931922305e-09,5.98599569912e-08,5.06536125613e-05,6.24857998677e-10,1.02770755461e-07,img_06756.jpg
7.50097910895e-07,0.652238070965,0.0688018873334,1.22449546325e-05,1.08773119791e-05,8.12246871646e-05,0.00144123565406,0.277413636446,img_06780.jpg
9.35182864481e-09,0.647153794765,0.352326363325,8.55999005012e-08,7.50861090637e-07,0.000152493666974,9.5237436426e-07,0.000365528045222,img_06798.jpg
2.70334595598e-07,0.071606233716,0.283397197723,7.58972309995e-05,7.0706664701e-06,0.000292857264867,2.49473487202e-05,0.644595503807,img_06808.jpg
1.69749924339e-07,0.988300800323,0.0107186473906,1.74935132691e-06,8.88743034011e-06,0.000924435735215,9.73198802967e-06,3.56549389835e-05,img_06808.jpg
2.21469434791e-07,0.0296490360051,0.000315989251249,0.000942181970458,0.0131073249504,8.83130013563e-08,8.43029795305e-07,0.955984354019,img_06832.jpg
3.0590402389e-07,0.00773133616894,0.0029722279869,3.29856288772e-06,0.000291179050691,1.4414023326e-06,5.20138055435e-05,0.988948225975,img_06845.jpg
3.2572089026e-08,0.888854444027,0.110180571675,1.51092190208e-05,5.43845999346e-07,6.14513992332e-05,4.64581398774e-06,0.000883172790054,img_06892.jpg
1.02963542759e-06,0.859647333622,0.0148298768327,0.096014931798,0.000191380459,1.90475861928e-06,8.96156598174e-06,0.0293045304716,img_06909.jpg
8.15750755834e-09,0.991303920746,0.000943666964304,7.44836796684e-08,1.13981877803e-06,0.00742961559445,2.54491733358e-05,0.000296029640594,img_06909.jpg
2.01352073903e-10,0.98893392086,0.000452547363238,1.59692717716e-07,6.99957092287e-10,0.0105263069272,1.43924594465e-09,8.70968287927e-05,img_06916.jpg
4.0544375679e-07,0.218797639012,0.766562879086,6.76095532981e-06,1.11691706479e-05,0.0020167408511,0.000156617592438,0.012447793968,img_06916.jpg
3.02645186689e-10,0.857472836971,0.118735425174,7.27728263428e-07,3.14672433888e-06,1.26206183282e-08,2.57179233465e-09,0.0237878616899,img_06936.jpg
1.86068731978e-07,0.0862718224525,0.00097235100111,2.67420255113e-05,0.000406748673413,1.18570358154e-06,3.26167366893e-07,0.912320673466,img_06946.jpg
5.48312027604e-06,0.827031254768,0.0644798576832,0.104914851487,8.66576920089e-06,0.00287729571573,0.000178313624929,0.000504173396621,img_06955.jpg
2.40046560407e-08,0.981580078602,0.0101420106366,7.10841914042e-06,4.6701361498e-06,4.26539099863e-06,5.63969592804e-07,0.00826133042574,img_06959.jpg
3.84644380347e-07,0.360654234886,0.489069789648,0.000107340390969,2.59444982476e-06,0.148614108562,1.88452140719e-05,0.00153272261377,img_06986.jpg
3.24247878325e-07,0.93140822649,0.0635556355119,1.47016426126e-05,1.24699599837e-05,0.0038224090822,9.96928156383e-06,0.00117618974764,img_06986.jpg
1.85661157559e-08,0.989332318306,0.00181614374742,1.20811748161e-07,2.72579512739e-07,0.00870523508638,4.85213349748e-05,9.74517024588e-05,img_07005.jpg
4.00606836592e-08,0.788064301014,0.190145418048,7.37872596801e-07,8.16665647108e-07,0.0217302013189,1.12977920708e-06,5.7338962506e-05,img_07005.jpg
5.18601730448e-08,1.9549654553e-06,1.5515705627e-06,6.51866738366e-09,0.999979734421,2.57926615177e-07,4.19526913209e-10,1.65425917658e-05,img_07050.jpg
4.12738745581e-06,0.0514581166208,0.0162812881172,7.89415116742e-06,1.19885396543e-06,0.00394684448838,0.81575858593,0.112541854382,img_07051.jpg
6.69067006243e-08,0.302289873362,0.674077749252,4.58324024066e-07,2.83406316157e-05,1.98465556878e-07,1.52144311869e-05,0.0235880706459,img_07054.jpg
5.6108329094e-10,9.60866327659e-06,5.72369117435e-06,9.79353345087e-08,2.79140010662e-07,1.16895193525e-09,1.23054744172e-09,0.999984264374,img_07084.jpg
2.23012812057e-05,0.679919540882,0.127278059721,0.00135165406391,0.0108668645844,0.00172632280737,0.000144586127135,0.17869065702,img_07086.jpg
3.28777929326e-08,0.721907138824,0.265788048506,3.31457067659e-06,9.18232046843e-07,4.09402991863e-06,3.32734525728e-05,0.0122631248087,img_07094.jpg
2.81177026107e-11,0.867565393448,0.130805015564,2.99552880278e-08,4.13092323015e-07,2.6388884411e-09,5.70003377831e-10,0.00162902544253,img_07103.jpg
3.35834965881e-06,0.128517597914,0.00128022476565,0.0229000896215,2.28671410696e-08,0.842616438866,0.00346779543906,0.00121450901497,img_07110.jpg
3.46909289218e-14,2.21232543396e-08,1.10794227126e-08,9.93822298762e-12,3.52414708527e-10,3.0133336012e-14,7.20369503794e-15,1.0,img_07120.jpg
5.5904670262e-06,0.892606914043,0.0883392468095,0.000292545300908,0.00154310197104,0.010193714872,1.02836575024e-05,0.00700865732506,img_07122.jpg
1.33405994585e-11,0.401664048433,0.598334431648,3.5535549503e-10,3.51776279217e-08,9.89955140085e-08,9.71777858183e-09,1.42445435358e-06,img_07149.jpg
1.29392230264e-08,0.959140121937,0.0373076759279,0.000102501682704,2.04595721698e-07,4.87847100885e-05,9.43510997331e-07,0.00339966686442,img_07157.jpg
1.44877154717e-09,0.913928091526,0.0845764130354,2.92183449346e-06,1.00418624527e-08,0.00121235812549,9.08096851049e-08,0.000279973377474,img_07157.jpg
3.3028916846e-07,0.0813288614154,0.0576535277069,4.24222525908e-06,0.000165350720636,6.08903633292e-07,2.89072022497e-06,0.860844254494,img_07173.jpg
4.61953368358e-06,0.00422093970701,0.28254622221,2.07134348784e-06,0.706922233105,0.00327946944162,9.63757247519e-06,0.00301481084898,img_07183.jpg
4.17945011932e-09,0.893939733505,0.0981087014079,6.75393835081e-07,1.77587423877e-06,2.20221295422e-06,8.91155309546e-07,0.00794592127204,img_07187.jpg
3.89729348171e-06,0.874569952488,0.039004880935,0.000232725360547,3.44553450304e-06,5.2811432397e-05,0.00958287157118,0.0765494704247,img_07188.jpg
5.18671905425e-09,0.828631699085,0.170829847455,2.8627683335e-08,3.15972641829e-07,0.000532200036105,5.4028095775e-08,5.93348067923e-06,img_07237.jpg
1.07988967102e-07,0.0904241502285,0.00210791034624,1.76824887603e-05,1.07711484816e-05,3.44876798408e-06,8.00789530331e-06,0.907427966595,img_07251.jpg
9.21164311496e-10,0.994395852089,0.00445634080097,7.8574919371e-07,3.61722385378e-07,9.17385420962e-07,2.28429239968e-08,0.00114571803715,img_07278.jpg
1.09549182525e-06,0.995008587837,0.000374585331883,0.000148271094076,0.000183532654773,0.00114686484449,1.12301140689e-05,0.00312583590858,img_07304.jpg
5.14301845556e-08,2.20276979235e-05,0.000289241608698,0.00141538749449,3.97899930249e-06,3.51098378815e-07,2.6798552426e-06,0.998266279697,img_07314.jpg
5.41620581718e-10,1.28170927383e-06,9.01357816474e-06,1.36611760126e-07,1.56065453893e-08,1.68212402341e-10,2.90773343181e-08,0.999989509583,img_07318.jpg
7.35203400382e-07,0.113339841366,0.00192096270621,1.74640954356e-05,4.09382701037e-05,2.6306073778e-05,0.002970415866,0.881683290005,img_07319.jpg
2.11562201002e-05,0.685405373573,0.0256722141057,0.00283290049993,0.000102990859887,0.00704323546961,0.000111845656647,0.278810292482,img_07354.jpg
1.42245497159e-07,3.04922359646e-05,0.00010634627688,5.14948453656e-07,7.07458502802e-06,6.0748739088e-06,1.77411038749e-05,0.999831557274,img_07371.jpg
3.16118908827e-10,7.457708125e-05,0.000553966267034,1.17957394963e-08,4.71513573075e-07,2.9310703864e-10,1.21052906366e-07,0.999370872974,img_07417.jpg
2.39857347817e-15,1.09627043554e-10,5.77182079908e-10,6.97171432997e-13,2.47931639412e-13,6.08637483013e-16,2.63960104859e-13,1.0,img_07419.jpg
5.18332529675e-11,0.998600900173,2.79555615634e-06,7.54618056931e-08,1.61045365932e-09,1.28862511772e-08,6.30437757554e-10,0.00139619945548,img_07428.jpg
7.71346577721e-08,0.482631742954,0.0749994367361,3.21274892485e-05,2.66210372502e-05,0.000299285398796,1.81803648047e-06,0.442008852959,img_07428.jpg
3.46204429057e-13,0.990163624287,0.00982118956745,2.50526294154e-10,1.08855722658e-07,1.57839175757e-11,2.37363861205e-12,1.50994928845e-05,img_07467.jpg
1.889148038e-08,0.998493075371,4.24773716077e-05,6.61211834085e-06,2.01658892252e-07,0.00139573449269,1.36349058266e-07,6.17469995632e-05,img_07501.jpg
1.5670408402e-06,0.896888494492,0.00681000621989,0.0288474075496,1.12556699605e-06,0.00245044264011,0.000176492205355,0.0648244097829,img_07505.jpg
7.67538463342e-12,8.09466271789e-08,3.54246432188e-09,7.86582443624e-09,2.71734110907e-12,1.32003414276e-12,3.31863702741e-07,0.999999523163,img_07508.jpg
1.13845055694e-06,0.926968097687,0.0474145226181,1.52087170591e-06,0.000265864742687,0.00554692884907,0.000122097029816,0.0196798890829,img_07561.jpg
6.59605226341e-12,4.5361471166e-06,1.96620021597e-07,1.33950468495e-08,2.24240626068e-11,1.8419896719e-08,1.47116656635e-08,0.999995231628,img_07578.jpg
4.59480190784e-07,0.646914601326,0.0118047278374,6.88344080118e-05,2.38811844611e-05,0.000127088773297,0.000912793853786,0.340147614479,img_07594.jpg
7.99452664069e-06,0.620648980141,0.00328670698218,0.000363402010407,0.00106943200808,9.45659339777e-05,0.000431512104115,0.374097406864,img_07621.jpg
2.62788857341e-09,0.0614636577666,0.619789302349,4.79330765302e-07,4.22792965082e-07,3.94162071871e-08,6.95491962688e-07,0.31874537468,img_07663.jpg
6.9667007665e-06,0.791247606277,0.00709975278005,4.82526738779e-05,0.00311160692945,0.000117600866361,0.000158602517331,0.198209553957,img_07663.jpg
1.34979920574e-08,0.984668076038,0.01514173951,1.50693022505e-08,0.000143867218867,7.26386224414e-06,1.1396738131e-07,3.88228327211e-05,img_07717.jpg
7.68026975351e-09,0.000124181824503,2.42735586653e-06,8.44883288664e-06,1.62469093734e-09,0.999840855598,2.32320435316e-05,7.91506522546e-07,img_07746.jpg
5.2573504945e-06,0.360207229853,0.14263856411,6.48011609883e-06,2.85760470433e-05,0.000933311239351,0.0133556053042,0.482824862003,img_07757.jpg
1.7899868908e-05,0.0559288300574,0.00566632952541,0.000110715263872,4.77984867757e-05,0.073761202395,0.262404978275,0.602062225342,img_07792.jpg
4.62233289839e-12,0.980492532253,0.0158634968102,1.93966198658e-09,1.78453504418e-07,2.62635940773e-10,2.42864565264e-11,0.00364368176088,img_07818.jpg
3.10631492084e-07,0.905645668507,0.027334490791,0.000139925745316,1.47737009684e-05,0.000202131268452,2.59058870142e-05,0.0666368603706,img_07833.jpg
2.00031008717e-05,0.857238888741,0.0107085844502,0.000698786985595,0.000343426334439,0.0892622098327,0.0207831040025,0.020945077762,img_07893.jpg
3.75198183633e-08,0.980381190777,0.00628845021129,1.23947370412e-06,7.41316270592e-08,0.0125140100718,3.14889393849e-06,0.000811777194031,img_07895.jpg
6.41135144974e-08,0.000873989018146,0.000132429951918,1.81798645826e-06,6.53230415537e-07,1.93059768208e-05,1.20767583667e-06,0.998970627785,img_07906.jpg
1.4515736666e-06,0.920736551285,0.000937814009376,5.1318496844e-05,0.00248095206916,0.010058757849,6.08399886914e-06,0.0657270401716,img_07908.jpg
1.42176181939e-09,0.991606235504,0.00579861272126,3.24252425798e-07,7.30967819607e-09,4.05155742556e-06,8.48618697091e-07,0.00259000738151,img_07910.jpg
