image,ALB,BET,DOL,LAG,OTHER,SHARK,YFT
img_06237.jpg,0.759211182594,0.0351835601032,0.0824964493513,0.0638560801744,0.0110090523958,0.00997456721961,0.0382690578699
img_06893.jpg,0.581406414509,0.0186886526644,0.0905795842409,0.0192279480398,0.0271077118814,0.0405715219676,0.222418159246
img_03628.jpg,0.933284342289,0.0160488914698,0.0098556894809,0.0112439608201,0.0098556894809,0.0098556894809,0.0098556894809
img_04860.jpg,0.623192369938,0.0626985356212,0.0159625858068,0.0766883566976,0.197523757815,0.00992362294346,0.0140107758343
img_01640.jpg,0.889461874962,0.00984753109515,0.00984753109515,0.00984753109515,0.0613004565239,0.00984753109515,0.00984753109515
img_02709.jpg,0.825761258602,0.0350439399481,0.06188608706,0.0371875800192,0.0182822160423,0.00998387578875,0.0118551040068
img_07746.jpg,0.481835752726,0.014855273068,0.0506997257471,0.0134804444388,0.282834619284,0.0138917760924,0.142402455211
img_02830.jpg,0.0727580338717,0.0564325936139,0.0133504932746,0.00999063625932,0.716158032417,0.0614500902593,0.069860085845
img_03195.jpg,0.820627450943,0.0117419427261,0.00988142751157,0.00988142751157,0.0845113396645,0.00988142751157,0.053475022316
img_06851.jpg,0.151599913836,0.00997122842818,0.0669111981988,0.0110347261652,0.0486000105739,0.382825523615,0.329057365656
img_00075.jpg,0.761255025864,0.0299875549972,0.00996083486825,0.0164480991662,0.127708494663,0.0110541563481,0.0435858890414
img_05989.jpg,0.885539114475,0.0101272258908,0.00996806565672,0.0197879355401,0.0149311060086,0.0104596354067,0.0491868518293
img_03718.jpg,0.268971055746,0.0320124477148,0.0800454542041,0.193074047565,0.172607988119,0.00996094755828,0.243328019977
img_05580.jpg,0.316890537739,0.0403112508357,0.0121094780043,0.0117233265191,0.0527788996696,0.0711798146367,0.495006650686
img_05615.jpg,0.729349255562,0.117022775114,0.0462043471634,0.0205850917846,0.0183567944914,0.0210544299334,0.0474272817373
img_03312.jpg,0.80953669548,0.0563480444252,0.00979825295508,0.00979825295508,0.0297050122172,0.00979825295508,0.0750155225396
img_05740.jpg,0.343584656715,0.0156026231125,0.465610921383,0.0435272566974,0.0208625476807,0.0151310684159,0.095680937171
img_00223.jpg,0.355268955231,0.056618090719,0.422214150429,0.0471155308187,0.056862372905,0.00996258947998,0.051958322525
img_03074.jpg,0.370173245668,0.289655745029,0.0381784066558,0.0969078689814,0.0686779618263,0.0499993525445,0.0864074826241
img_05426.jpg,0.347253233194,0.290495336056,0.0524990446866,0.204481363297,0.0623971037567,0.0256878491491,0.0171859711409
img_07921.jpg,0.37567999959,0.0881499126554,0.00997164193541,0.0460851825774,0.231185823679,0.011727143079,0.237200349569
img_03941.jpg,0.226395249367,0.0125162499025,0.195748880506,0.26144105196,0.23919609189,0.00994426943362,0.0547581799328
img_00180.jpg,0.190613463521,0.0666145682335,0.0313075967133,0.0521401874721,0.00998056866229,0.0380930267274,0.611250638962
img_04341.jpg,0.91890668869,0.0161396916956,0.0121625335887,0.00991682056338,0.0230407174677,0.00991682056338,0.00991682056338
img_06033.jpg,0.0111944796517,0.120237022638,0.545561432838,0.019361756742,0.00993831828237,0.0197017360479,0.274005264044
img_05879.jpg,0.871136665344,0.0269428547472,0.00988077092916,0.00988077092916,0.00988077092916,0.0101518984884,0.0621262528002
img_00764.jpg,0.00974912010133,0.00974912010133,0.0579490959644,0.00974912010133,0.00974912010133,0.00974912010133,0.893305301666
img_06831.jpg,0.65056937933,0.130283236504,0.0115590225905,0.0458004102111,0.0176664087921,0.00993695110083,0.13418456912
img_05046.jpg,0.0887987837195,0.0160255413502,0.01761402376,0.0113016851246,0.0570588670671,0.0127588780597,0.796442270279
img_05349.jpg,0.213577270508,0.235876038671,0.0673056393862,0.0237322580069,0.0351137258112,0.0315383449197,0.392856746912
img_06522.jpg,0.764629364014,0.047135591507,0.03396275267,0.0271315276623,0.038881547749,0.0300596654415,0.0581996813416
img_02209.jpg,0.0370803177357,0.0595039352775,0.0593551844358,0.033283315599,0.663589000702,0.104250244796,0.042938016355
img_03238.jpg,0.932443618774,0.00963172782212,0.00963172782212,0.00963172782212,0.0193978007883,0.00963172782212,0.00963172782212
img_06285.jpg,0.093323469162,0.248630642891,0.0409755446017,0.0152684925124,0.187936574221,0.0197913087904,0.39407402277
img_06076.jpg,0.865406990051,0.0440135076642,0.0128294546157,0.00986200850457,0.00986200850457,0.0162322893739,0.0417938232422
img_03677.jpg,0.888657033443,0.0213269870728,0.00988462846726,0.00988462846726,0.0224641785026,0.00988462846726,0.0378978848457
img_01984.jpg,0.516404092312,0.0641169697046,0.00996607169509,0.0242187622935,0.194164454937,0.0655320510268,0.125597566366
img_03324.jpg,0.0223255492747,0.010385341011,0.111679941416,0.0129597811028,0.0136754224077,0.0237868838012,0.805187106133
img_03992.jpg,0.499928146601,0.41746416688,0.0097394278273,0.0097394278273,0.0097394278273,0.0097394278273,0.0436499789357
img_07103.jpg,0.937194883823,0.00960969366133,0.00960969366133,0.00960969366133,0.0147566851228,0.00960969366133,0.00960969366133
img_05328.jpg,0.573077201843,0.101451143622,0.072548404336,0.0444634184241,0.0511047355831,0.0224067103118,0.134948417544
img_01724.jpg,0.585562586784,0.0105143161491,0.216227129102,0.0136697562411,0.030772369355,0.0117505211383,0.131503388286
img_04479.jpg,0.275010049343,0.0158598087728,0.140038862824,0.0337430499494,0.345120161772,0.0375653579831,0.152662724257
img_06506.jpg,0.730249404907,0.010033685714,0.0171069018543,0.00995503459126,0.0158469174057,0.0124649051577,0.204343169928
img_03446.jpg,0.00960707385093,0.00960707385093,0.939548015594,0.00960707385093,0.00960707385093,0.00960707385093,0.0124165536836
img_05084.jpg,0.942031085491,0.00966149382293,0.00966149382293,0.00966149382293,0.00966149382293,0.00966149382293,0.00966149382293
img_04004.jpg,0.266277462244,0.0344451852143,0.533309102058,0.0438982136548,0.0772362872958,0.019588874653,0.0252448730171
img_06469.jpg,0.323549687862,0.0192838981748,0.00992172025144,0.00992172025144,0.598404347897,0.0189674180001,0.0199512522668
img_00780.jpg,0.0358210019767,0.0569788143039,0.047406245023,0.0187254343182,0.0916463583708,0.125130578876,0.624291598797
img_05958.jpg,0.0096924174577,0.0196324959397,0.0096924174577,0.0096924174577,0.0096924174577,0.0096924174577,0.931905448437
img_05953.jpg,0.134122177958,0.0292440447956,0.126934692264,0.0622237697244,0.262101262808,0.353469192982,0.0319048538804
img_01888.jpg,0.245052456856,0.19544416666,0.0099548054859,0.0560075342655,0.0730184987187,0.0134292747825,0.407093137503
img_02077.jpg,0.0603395029902,0.0275118108839,0.0629269406199,0.410974502563,0.0458189211786,0.0166932940483,0.375734984875
img_02636.jpg,0.924554646015,0.00963486358523,0.00963486358523,0.00963486358523,0.00963486358523,0.00963486358523,0.0272710286081
img_04696.jpg,0.932551264763,0.00968036055565,0.00968036055565,0.00968036055565,0.0190469827503,0.00968036055565,0.00968036055565
img_05359.jpg,0.0327519401908,0.0790273249149,0.0105429375544,0.00996868219227,0.372857987881,0.115614764392,0.379236340523
img_01669.jpg,0.484078556299,0.129675984383,0.0178663060069,0.313072890043,0.0354180783033,0.00994409248233,0.00994409248233
img_04204.jpg,0.64178276062,0.0114839710295,0.0129298381507,0.00986820925027,0.00986820925027,0.00986820925027,0.30419883132
img_01059.jpg,0.518557906151,0.0244851373136,0.00988696049899,0.00988696049899,0.0694796144962,0.00988696049899,0.357816398144
img_03080.jpg,0.82235366106,0.00977649353445,0.00977649353445,0.00977649353445,0.00977649353445,0.00977649353445,0.128763884306
img_02281.jpg,0.304501593113,0.0268738996238,0.00980306696147,0.608829259872,0.0303861126304,0.00980306696147,0.00980306696147
img_04532.jpg,0.261102646589,0.241448462009,0.0099559603259,0.0554298907518,0.0614112839103,0.0236009564251,0.347050726414
img_05137.jpg,0.883700847626,0.00980159174651,0.00980159174651,0.00980159174651,0.0579355098307,0.00980159174651,0.0191573426127
img_07319.jpg,0.672550082207,0.053025521338,0.00993147399276,0.00993147399276,0.215867444873,0.00993147399276,0.0287625603378
img_05790.jpg,0.723713994026,0.0121764587238,0.00988526362926,0.00988526362926,0.010732841678,0.00988526362926,0.223720908165
img_02119.jpg,0.496790647507,0.104993693531,0.242547616363,0.0218615699559,0.0206506308168,0.00995136145502,0.103204540908
img_03439.jpg,0.144396007061,0.00988241098821,0.0307464059442,0.703766703606,0.0707946494222,0.00988241098821,0.0305313318968
img_07187.jpg,0.67299002409,0.00989503692836,0.0199410319328,0.00989503692836,0.16853658855,0.108847267926,0.00989503692836
img_02808.jpg,0.411080777645,0.02310410887,0.108807466924,0.178310483694,0.203905805945,0.00998691655695,0.0648044869304
img_05568.jpg,0.650412559509,0.0178816020489,0.0260892659426,0.00991559773684,0.01017772872,0.00991559773684,0.275607645512
img_01213.jpg,0.900881648064,0.0110297882929,0.00976379122585,0.00976379122585,0.023163350299,0.00976379122585,0.0356338657439
img_04261.jpg,0.873552680016,0.0239559598267,0.00981342513114,0.0217716190964,0.00981342513114,0.00981342513114,0.0512794815004
img_05210.jpg,0.89561766386,0.00981471315026,0.0237917490304,0.0153706958517,0.00981471315026,0.00981471315026,0.0357757844031
img_02977.jpg,0.508227586746,0.085381962359,0.0303991045803,0.0214435365051,0.0507197193801,0.0345810353756,0.269247144461
img_05719.jpg,0.00952380988747,0.00952380988747,0.00952380988747,0.00952380988747,0.00952380988747,0.00952380988747,0.942857205868
img_00109.jpg,0.884542942047,0.0122939823195,0.00982638355345,0.00982638355345,0.00982638355345,0.00982638355345,0.0638575404882
img_06067.jpg,0.00953623652458,0.00953623652458,0.942782640457,0.00953623652458,0.00953623652458,0.00953623652458,0.00953623652458
img_06870.jpg,0.3580943048,0.180310025811,0.0262521002442,0.104374468327,0.0297121107578,0.0254617873579,0.275795221329
img_06273.jpg,0.681495904922,0.141019880772,0.0349380150437,0.0215691737831,0.092046931386,0.0151395900175,0.0137905385345
img_06037.jpg,0.76784080267,0.0369470044971,0.0289817731827,0.0292242839932,0.0299387425184,0.0554226413369,0.0516448169947
img_05835.jpg,0.810286164284,0.038789100945,0.0691850408912,0.0335583128035,0.0177839677781,0.00994625873864,0.0204511824995
img_02400.jpg,0.512430548668,0.0453814044595,0.150934368372,0.0260398928076,0.0493733771145,0.015914240852,0.199926167727
img_01618.jpg,0.663231611252,0.0217886995524,0.00988302007318,0.0138557199389,0.271474868059,0.00988302007318,0.00988302007318
img_02889.jpg,0.729089915752,0.0491900406778,0.0992383286357,0.0503662750125,0.0176014956087,0.0112904189155,0.0432235226035
img_05015.jpg,0.476854532957,0.248163789511,0.0428214929998,0.13861630857,0.0392159372568,0.0279340520501,0.0263939406723
img_04511.jpg,0.31605809927,0.177513837814,0.00992988143116,0.0227026548237,0.3645208776,0.0993447825313,0.00992988143116
img_03228.jpg,0.607328414917,0.255116850138,0.0154248811305,0.0924586206675,0.00989043619484,0.00989043619484,0.00989043619484
img_05445.jpg,0.706433236599,0.0361366719007,0.0132478494197,0.0996306315064,0.119181193411,0.00991772208363,0.0154527174309
img_01548.jpg,0.815832257271,0.00992204342037,0.0384883135557,0.00992204342037,0.0103723611683,0.0236495230347,0.0918134152889
img_01388.jpg,0.935365557671,0.00963288173079,0.00963288173079,0.00963288173079,0.00963288173079,0.00963288173079,0.0164699666202
img_03886.jpg,0.902131259441,0.0098628513515,0.0157801900059,0.0098628513515,0.0098628513515,0.0098628513515,0.0426371283829
img_00927.jpg,0.790292441845,0.034075409174,0.025339808315,0.00997463054955,0.0545177124441,0.019353363663,0.0664466321468
img_05623.jpg,0.695578098297,0.231919452548,0.00990345422179,0.0136547675356,0.015822628513,0.00990345422179,0.023218171671
img_03260.jpg,0.936872184277,0.00973224453628,0.00973224453628,0.00973224453628,0.0144666312262,0.00973224453628,0.00973224453628
img_03297.jpg,0.388234853745,0.0327251367271,0.469969689846,0.0256615020335,0.0417329482734,0.010866236873,0.0308096297085
img_00232.jpg,0.0131336050108,0.034616522491,0.0418883338571,0.0112739354372,0.0099452342838,0.844474613667,0.0446678213775
img_06845.jpg,0.0633733123541,0.699407577515,0.00995833799243,0.0144482608885,0.0147591466084,0.0806221887469,0.117431230843
img_05857.jpg,0.89046818018,0.0585226118565,0.00978324003518,0.0114350710064,0.0102244382724,0.00978324003518,0.00978324003518
img_03082.jpg,0.920654118061,0.0148116042838,0.00977701321244,0.0254262108356,0.00977701321244,0.00977701321244,0.00977701321244
img_05657.jpg,0.516265928745,0.0221697669476,0.0455556511879,0.0370665937662,0.012005914934,0.0463806949556,0.320555478334
img_00697.jpg,0.00974263437092,0.00974263437092,0.0328348241746,0.00974263437092,0.00974263437092,0.00974263437092,0.91845202446
img_01490.jpg,0.00989702623338,0.00989702623338,0.293440669775,0.0249308981001,0.0177166834474,0.0120798656717,0.632037818432
img_06137.jpg,0.00971756409854,0.00971756409854,0.0463446676731,0.00971756409854,0.00971756409854,0.00971756409854,0.905067503452
img_05558.jpg,0.708405375481,0.0104713747278,0.0102983331308,0.00991848483682,0.0610264204443,0.0364704318345,0.163409620523
img_00914.jpg,0.00994500610977,0.0378902629018,0.11082611233,0.0418715365231,0.0169638153166,0.00994500610977,0.772558271885
img_04671.jpg,0.872182965279,0.0216426886618,0.00986600294709,0.00986600294709,0.0180724468082,0.0255229398608,0.0428469367325
img_04879.jpg,0.0184436868876,0.222195774317,0.0313808061182,0.0806991234422,0.497161000967,0.119447812438,0.0306717958301
img_07278.jpg,0.912900567055,0.00971706956625,0.00971706956625,0.00971706956625,0.0385141372681,0.00971706956625,0.00971706956625
img_00398.jpg,0.933276295662,0.0179443787783,0.00975587312132,0.00975587312132,0.00975587312132,0.00975587312132,0.00975587312132
img_04015.jpg,0.906458795071,0.00970875658095,0.00970875658095,0.00974332075566,0.0449629202485,0.00970875658095,0.00970875658095
img_06371.jpg,0.169565498829,0.659455120564,0.00998704694211,0.0308080092072,0.037859339267,0.0481452681124,0.0441796630621
img_04408.jpg,0.717085301876,0.0740531533957,0.010304780677,0.0508808679879,0.016157053411,0.00993329938501,0.121585570276
img_06475.jpg,0.552757203579,0.0296640638262,0.0423761419952,0.0103545738384,0.202378585935,0.026572290808,0.135897159576
img_07893.jpg,0.0579539425671,0.0102621782571,0.046334348619,0.00996779184788,0.393438965082,0.370039761066,0.112002946436
img_03370.jpg,0.297680437565,0.0514103509486,0.020207863301,0.012428377755,0.33263656497,0.0366499684751,0.248986497521
img_07330.jpg,0.472114950418,0.0340666547418,0.0286124236882,0.0158527903259,0.239738702774,0.0281930621713,0.181421384215
img_07149.jpg,0.919744253159,0.0191165730357,0.00981730315834,0.00981730315834,0.0134149873629,0.00981730315834,0.0182722341269
img_05950.jpg,0.67721247673,0.162797421217,0.0411075688899,0.025323331356,0.0292659215629,0.0241539869457,0.0401392318308
img_00858.jpg,0.798062026501,0.0973631367087,0.00986417755485,0.00986417755485,0.0513313189149,0.0202185437083,0.0132965939119
img_03502.jpg,0.351659446955,0.123757705092,0.0217962581664,0.083099655807,0.0422858707607,0.365233033895,0.0121680507436
img_03896.jpg,0.52844786644,0.212608203292,0.055799420923,0.0384730622172,0.119035154581,0.00997014530003,0.0356661267579
img_01930.jpg,0.295483082533,0.00996833108366,0.0692029744387,0.0837489515543,0.521660089493,0.00996833108366,0.00996833108366
img_03283.jpg,0.828337550163,0.0672688558698,0.0130688650534,0.0306062120944,0.0130990548059,0.00993431452662,0.037685200572
img_01441.jpg,0.0139220338315,0.00981033220887,0.0309060402215,0.00981033220887,0.00981033220887,0.0262223724276,0.899518489838
img_07906.jpg,0.00969553831965,0.00969553831965,0.0100993411615,0.00969553831965,0.00969553831965,0.00969553831965,0.941422998905
img_02911.jpg,0.232036307454,0.0323558859527,0.00986398663372,0.663733184338,0.0422825813293,0.00986398663372,0.00986398663372
img_01328.jpg,0.862459540367,0.00980027578771,0.00980027578771,0.00980027578771,0.0495720878243,0.0135737769306,0.0449937433004
img_04240.jpg,0.195235803723,0.00996528565884,0.143361419439,0.00996528565884,0.122999705374,0.0647720247507,0.453700453043
img_04814.jpg,0.0100506003946,0.00978199858218,0.892558515072,0.00978199858218,0.00978199858218,0.00978199858218,0.0582629218698
img_05087.jpg,0.755211949348,0.0995816588402,0.053509902209,0.0182417742908,0.0470076575875,0.0116192931309,0.0148278176785
img_06616.jpg,0.674434423447,0.0393900237978,0.077280677855,0.0260791257024,0.0602016635239,0.0195027198642,0.103111423552
img_00974.jpg,0.697918176651,0.159012362361,0.00992637313902,0.0279928389937,0.0178840793669,0.0304899774492,0.0567763149738
img_00103.jpg,0.099967315793,0.0833233743906,0.00996846053749,0.0222347378731,0.674001634121,0.0673471987247,0.043157402426
img_05927.jpg,0.710268855095,0.17846159637,0.00989029370248,0.0457068942487,0.035891726613,0.00989029370248,0.00989029370248
img_01687.jpg,0.268213540316,0.00977306626737,0.0318225584924,0.00977306626737,0.00977306626737,0.00977306626737,0.660871684551
img_05038.jpg,0.744042992592,0.0332286953926,0.0207310337573,0.0099760722369,0.108287647367,0.0128733208403,0.0708603486419
img_07895.jpg,0.774226427078,0.0910778865218,0.0358987934887,0.0150029137731,0.0161602739245,0.0124214282259,0.0552122965455
img_06455.jpg,0.0309782642871,0.0949978530407,0.00998290348798,0.0221631173044,0.373901844025,0.197454303503,0.270521640778
img_06571.jpg,0.710817277431,0.0444860644639,0.00993486866355,0.0164962504059,0.0359988287091,0.00993486866355,0.172331869602
img_00383.jpg,0.936662495136,0.00962061062455,0.00962061062455,0.00962061062455,0.0152344703674,0.00962061062455,0.00962061062455
img_07717.jpg,0.890371620655,0.0355192162097,0.00976443663239,0.0244673676789,0.0203484352678,0.00976443663239,0.00976443663239
img_04629.jpg,0.893837690353,0.0097352238372,0.0097352238372,0.0097352238372,0.0097352238372,0.0097352238372,0.0574862658978
img_06681.jpg,0.1782566607,0.0157509241253,0.0129375541583,0.736020803452,0.0204068701714,0.0156548134983,0.0209723263979
img_00642.jpg,0.62718963623,0.0681339725852,0.0308883395046,0.179326027632,0.0681393444538,0.0163380261511,0.00998457055539
img_06042.jpg,0.195923432708,0.061982344836,0.0533898361027,0.0206872113049,0.183648735285,0.0682004466653,0.416168034077
img_03847.jpg,0.0804976299405,0.125692918897,0.0202589500695,0.0910510420799,0.486914694309,0.125388547778,0.0701962709427
img_06332.jpg,0.221628069878,0.0570731945336,0.0441219322383,0.00999044906348,0.0152559075505,0.211154669523,0.440775811672
img_00018.jpg,0.752269268036,0.0847155377269,0.00985498074442,0.0635301023722,0.06992007792,0.00985498074442,0.00985498074442
img_06986.jpg,0.765929102898,0.0305202789605,0.0228282473981,0.0253123342991,0.135308355093,0.0101113077253,0.00999028142542
img_00484.jpg,0.175736606121,0.467069089413,0.00995381455868,0.0140633126721,0.025742419064,0.0556276515126,0.251807063818
img_05595.jpg,0.942857205868,0.00952380988747,0.00952380988747,0.00952380988747,0.00952380988747,0.00952380988747,0.00952380988747
img_02666.jpg,0.933284640312,0.00973437912762,0.0106404004619,0.00973437912762,0.00973437912762,0.00973437912762,0.0171373840421
img_00620.jpg,0.302632421255,0.0260282382369,0.537567794323,0.0248896554112,0.0556683391333,0.0179689414799,0.0352445580065
img_06165.jpg,0.031515236944,0.00989443343133,0.0900062173605,0.00989443343133,0.00989443343133,0.010566486977,0.838228702545
img_00380.jpg,0.457438081503,0.00998072139919,0.0853068977594,0.0594341345131,0.365157067776,0.00998072139919,0.0127024101093
img_07314.jpg,0.0106089450419,0.00977907050401,0.0721884295344,0.00977907050401,0.00977907050401,0.00981068518013,0.878054738045
img_02398.jpg,0.767054736614,0.0862748920918,0.00999628379941,0.0119508551434,0.0760504677892,0.0109208393842,0.0377519987524
img_00170.jpg,0.135376602411,0.00990165304393,0.0363691039383,0.7307330966,0.0559422820807,0.00990165304393,0.021775547415
img_04647.jpg,0.93981641531,0.00960818305612,0.00960818305612,0.00960818305612,0.0121427010745,0.00960818305612,0.00960818305612
img_03452.jpg,0.154345318675,0.601637244225,0.00992198847234,0.0119560817257,0.00992198847234,0.0302094612271,0.182007968426
img_02964.jpg,0.0129237687215,0.098637662828,0.118299670517,0.00999362394214,0.020829629153,0.0208460576832,0.718469560146
img_02638.jpg,0.787914156914,0.0971654728055,0.00987562164664,0.00987562164664,0.0117292730138,0.00987562164664,0.0735642388463
img_00320.jpg,0.849301040173,0.0711306557059,0.0098833758384,0.0098833758384,0.0108979912475,0.0098833758384,0.039020229131
img_01963.jpg,0.82911002636,0.0114354398102,0.00969594530761,0.00969594530761,0.00969594530761,0.00969594530761,0.120670862496
img_07137.jpg,0.776429653168,0.0125114824623,0.0822226256132,0.0120981195942,0.0394919887185,0.0112505340949,0.0659954696894
img_07689.jpg,0.554805040359,0.109036386013,0.0497666522861,0.166983500123,0.0495060645044,0.0347898975015,0.0351124480367
img_06564.jpg,0.908546864986,0.021047713235,0.0106297638267,0.0251631364226,0.014936434105,0.00983806885779,0.00983806885779
img_07231.jpg,0.789015412331,0.020518405363,0.01184029039,0.0285149049014,0.00993693061173,0.00993693061173,0.130237132311
img_02899.jpg,0.293892771006,0.0261564329267,0.00990046747029,0.308044970036,0.202757656574,0.00990046747029,0.149347290397
img_03426.jpg,0.610028147697,0.0162941068411,0.0161104723811,0.00984519720078,0.00984519720078,0.00984519720078,0.328031778336
img_03581.jpg,0.160459294915,0.00989511795342,0.0404836274683,0.677625954151,0.0574456378818,0.00989511795342,0.044195253402
img_02406.jpg,0.0763078927994,0.00998174306005,0.0363561324775,0.372205346823,0.00998174306005,0.04233533144,0.452831834555
img_04640.jpg,0.231051176786,0.0170446410775,0.0580987036228,0.00998464319855,0.37975910306,0.0226838607341,0.281377911568
img_01966.jpg,0.716277241707,0.205970525742,0.0132712600753,0.0118509279564,0.0168863274157,0.0114479744807,0.0242957230657
img_04001.jpg,0.935622811317,0.00973667297512,0.00973667297512,0.00973667297512,0.00973667297512,0.00973667297512,0.0156937949359
img_03749.jpg,0.768403947353,0.0211751684546,0.0237369891256,0.0166183318943,0.124745726585,0.00997992698103,0.035339910537
img_07428.jpg,0.739611625671,0.105667263269,0.00996533967555,0.011493912898,0.0321837067604,0.0144797628745,0.0865984261036
img_04975.jpg,0.853988349438,0.0106102488935,0.0603167079389,0.0116168512031,0.0367513485253,0.0165343228728,0.0101822549477
img_03869.jpg,0.915419638157,0.0360597595572,0.00970411300659,0.00970411300659,0.00970411300659,0.00970411300659,0.00970411300659
img_05768.jpg,0.250309020281,0.0667938813567,0.017439071089,0.0185922477394,0.164469793439,0.0930541008711,0.389341890812
img_03995.jpg,0.00975313968956,0.00975313968956,0.0132271889597,0.00975313968956,0.00975313968956,0.0098179737106,0.937942326069
img_06259.jpg,0.00959474034607,0.00959474034607,0.011969614774,0.00959474034607,0.00959474034607,0.00959474034607,0.940056681633
img_03584.jpg,0.00987468566746,0.0590662248433,0.162079378963,0.0163357574493,0.00987468566746,0.0114103509113,0.731358885765
img_07594.jpg,0.330247968435,0.00973648950458,0.0293956920505,0.00973648950458,0.00973648950458,0.00973648950458,0.601410388947
img_07122.jpg,0.938108026981,0.0107346009463,0.00982158165425,0.0113037126139,0.0103889666498,0.00982158165425,0.00982158165425
img_04705.jpg,0.00982412602752,0.0101379156113,0.112780690193,0.00982412602752,0.00982412602752,0.0123951118439,0.835213899612
img_00959.jpg,0.942507147789,0.00958215165883,0.00958215165883,0.00958215165883,0.00958215165883,0.00958215165883,0.00958215165883
img_00726.jpg,0.8408857584,0.0512087158859,0.0206000059843,0.0101784775034,0.0180497784168,0.0465301424265,0.0125470925122
img_06732.jpg,0.942315399647,0.00961410440505,0.00961410440505,0.00961410440505,0.00961410440505,0.00961410440505,0.00961410440505
img_03261.jpg,0.541897296906,0.191387668252,0.0501102358103,0.0530412048101,0.141051307321,0.00996712502092,0.0125451590866
img_05724.jpg,0.862723648548,0.0161898545921,0.00981555506587,0.00981555506587,0.0244641341269,0.00981555506587,0.0671756640077
img_05030.jpg,0.0575915761292,0.0258055124432,0.0176205486059,0.010937272571,0.805593669415,0.0568588078022,0.0255925990641
img_05440.jpg,0.567433774471,0.0343052260578,0.19626699388,0.0706318840384,0.0759242251515,0.0236216597259,0.0318162962794
img_03931.jpg,0.915565669537,0.0103319622576,0.00980863161385,0.00980863161385,0.00980863161385,0.00980863161385,0.0348679050803
img_06324.jpg,0.0939830094576,0.257305324078,0.0393497012556,0.0587994381785,0.0580421090126,0.0458596386015,0.446660816669
img_04856.jpg,0.257050395012,0.0916817486286,0.0346541516483,0.0404485948384,0.0297203697264,0.0600883625448,0.486356407404
img_05915.jpg,0.0118210138753,0.00977650471032,0.0141242220998,0.00977650471032,0.00977650471032,0.00977650471032,0.934948682785
img_04476.jpg,0.600051760674,0.0387816242874,0.0596323274076,0.0190551262349,0.144799083471,0.0260775201023,0.111602626741
img_02733.jpg,0.188838273287,0.088982693851,0.0728980228305,0.503714859486,0.078629873693,0.00998311955482,0.0569531060755
img_05525.jpg,0.744844317436,0.0525978989899,0.00977224949747,0.00977224949747,0.00977224949747,0.00977224949747,0.163468793035
img_02522.jpg,0.942857205868,0.00952380988747,0.00952380988747,0.00952380988747,0.00952380988747,0.00952380988747,0.00952380988747
img_05775.jpg,0.744528472424,0.104807510972,0.00991689693183,0.0355988629162,0.04995906353,0.00991689693183,0.0452722944319
img_05682.jpg,0.0872099027038,0.0330266021192,0.100592426956,0.0217067357153,0.62725764513,0.0627958476543,0.0674108937383
img_07505.jpg,0.896917998791,0.0132541712373,0.0453215502203,0.0150468098,0.00981981866062,0.00981981866062,0.00981981866062
img_07304.jpg,0.898816227913,0.00990790966898,0.0304219350219,0.0252605769783,0.00990790966898,0.00990790966898,0.015777612105
img_04247.jpg,0.0938482880592,0.0192887615412,0.0411513783038,0.0126585159451,0.0142500642687,0.0459569469094,0.772846102715
img_00664.jpg,0.910583555698,0.0376788266003,0.00985382311046,0.00985382311046,0.011909483932,0.0102666802704,0.00985382311046
img_00446.jpg,0.691669821739,0.0340802520514,0.00993722490966,0.0480406470597,0.171683475375,0.0237131696194,0.0208754148334
img_06614.jpg,0.155064061284,0.00998675916344,0.0176412425935,0.434747070074,0.00998675916344,0.0100547978655,0.362519323826
img_05516.jpg,0.557566821575,0.0316911265254,0.0668305084109,0.035343144089,0.129005238414,0.0845109894872,0.0950522571802
img_01022.jpg,0.826880693436,0.00984147563577,0.0168823730201,0.0172788463533,0.103171631694,0.00984147563577,0.0161034632474
img_00551.jpg,0.227320626378,0.0136147569865,0.102213516831,0.208752632141,0.26827275753,0.00994432345033,0.169881403446
img_03891.jpg,0.593690812588,0.343544542789,0.00977648980916,0.0216482020915,0.0117870140821,0.00977648980916,0.00977648980916
img_01824.jpg,0.497781991959,0.00988128595054,0.00988128595054,0.0164478886873,0.428380429745,0.0277458820492,0.00988128595054
img_07054.jpg,0.0118909487501,0.873017668724,0.00996941234916,0.0164734460413,0.0317266508937,0.0357015393674,0.0212203394622
img_02687.jpg,0.167890205979,0.0165271442384,0.0099454363808,0.0099454363808,0.0135160954669,0.0165956187993,0.765580117702
img_00311.jpg,0.879439413548,0.00989921484143,0.00989921484143,0.00989921484143,0.0669407919049,0.00989921484143,0.0140229547396
img_01874.jpg,0.154422551394,0.016341721639,0.0353663302958,0.0184611938894,0.558003008366,0.184077396989,0.0333277918398
img_04563.jpg,0.580438196659,0.0205572787672,0.0600664466619,0.0490162670612,0.212651371956,0.0537677221,0.0235026031733
img_01646.jpg,0.54492598772,0.158670380712,0.0155627969652,0.0917814224958,0.102871336043,0.0232254751027,0.0629626139998
img_06955.jpg,0.902609169483,0.00978513248265,0.0320613458753,0.0257726460695,0.0102014448494,0.00978513248265,0.00978513248265
img_03355.jpg,0.318290054798,0.0827830135822,0.0173255316913,0.0148336039856,0.178766459227,0.0759405046701,0.312060832977
img_07084.jpg,0.00970078073442,0.00970078073442,0.0592380352318,0.00970078073442,0.00970078073442,0.00970078073442,0.892258048058
img_02739.jpg,0.803757607937,0.0151318786666,0.00993180088699,0.00993180088699,0.136697083712,0.0118268448859,0.0127229494974
img_01031.jpg,0.617633163929,0.0342027880251,0.124371737242,0.0387354493141,0.070872373879,0.0185530111194,0.0956314727664
img_00469.jpg,0.606997549534,0.180722609162,0.00996480043977,0.0229288320988,0.0199908353388,0.0239063668996,0.135489076376
img_02943.jpg,0.75144225359,0.00991868134588,0.0795205458999,0.081017203629,0.0432867072523,0.00991868134588,0.0248959753662
img_06294.jpg,0.684508800507,0.202939733863,0.0175400078297,0.0278680045158,0.0468049757183,0.0099613154307,0.0103772301227
img_02956.jpg,0.387186646461,0.0341152474284,0.033565916121,0.0111776348203,0.0697364807129,0.06399063766,0.400227457285
img_04675.jpg,0.00952380988747,0.00952380988747,0.942857205868,0.00952380988747,0.00952380988747,0.00952380988747,0.00952380988747
img_01404.jpg,0.930964827538,0.015695637092,0.00976085755974,0.0107444142923,0.0133125586435,0.00976085755974,0.00976085755974
img_01847.jpg,0.0663685500622,0.0765177160501,0.0568530075252,0.0140206618235,0.303658306599,0.117668166757,0.364913612604
img_02837.jpg,0.41539517045,0.355490237474,0.00996531173587,0.0105773545802,0.0107467016205,0.0389177538455,0.158907562494
img_05479.jpg,0.598578214645,0.0428101122379,0.00998074840754,0.0125686200336,0.113780640066,0.0206482708454,0.201633438468
img_01538.jpg,0.906641662121,0.0101086655632,0.00986375007778,0.00986375007778,0.0359951630235,0.00986375007778,0.0176632776856
img_04129.jpg,0.69000685215,0.0852175429463,0.00981472246349,0.00981472246349,0.00981472246349,0.00981472246349,0.185516729951
img_00865.jpg,0.942301630974,0.00961640011519,0.00961640011519,0.00961640011519,0.00961640011519,0.00961640011519,0.00961640011519
img_01102.jpg,0.0556304119527,0.542247653008,0.0498303920031,0.305573016405,0.0143650844693,0.0107058575377,0.0216476302594
img_05253.jpg,0.00962478294969,0.00962478294969,0.0145317688584,0.00962478294969,0.00962478294969,0.00962478294969,0.937344372272
img_02771.jpg,0.857028543949,0.0188734773546,0.00973173044622,0.00973173044622,0.0851710811257,0.00973173044622,0.00973173044622
img_05828.jpg,0.942517876625,0.00958036631346,0.00958036631346,0.00958036631346,0.00958036631346,0.00958036631346,0.00958036631346
img_00161.jpg,0.00971292518079,0.00971292518079,0.0117565430701,0.00971292518079,0.00971292518079,0.00971292518079,0.93967884779
img_07023.jpg,0.880144417286,0.00993613991886,0.00993613991886,0.0109735075384,0.0558596812189,0.0232140030712,0.00993613991886
img_04390.jpg,0.00994838215411,0.066570520401,0.237111568451,0.0455099307001,0.0346761830151,0.0134066371247,0.59277677536
img_00483.jpg,0.811971843243,0.0460424013436,0.00982162170112,0.00982162170112,0.0314461514354,0.0810746997595,0.00982162170112
img_02646.jpg,0.00964071508497,0.00964071508497,0.00964071508497,0.00964071508497,0.00964071508497,0.00964071508497,0.942155718803
img_06555.jpg,0.527803659439,0.268708199263,0.0441313609481,0.0442223586142,0.0920709893107,0.0099625159055,0.0131009658799
img_05612.jpg,0.658552289009,0.0233529414982,0.0548909381032,0.0832730382681,0.069112919271,0.00997429061681,0.100843600929
img_05922.jpg,0.87027400732,0.0496286936104,0.0099724214524,0.0212880913168,0.0203037317842,0.017827315256,0.010705742985
img_02307.jpg,0.310219705105,0.0149555318058,0.0102105513215,0.00996879581362,0.134963974357,0.0220101047307,0.497671306133
img_06210.jpg,0.0436011403799,0.030221639201,0.0110942050815,0.00997218675911,0.160443022847,0.0411554053426,0.703512310982
img_07448.jpg,0.799100935459,0.0454753860831,0.0630263090134,0.0332953929901,0.00998411886394,0.0179686434567,0.031149212271
img_04712.jpg,0.0111420508474,0.00986555218697,0.835975587368,0.0110843256116,0.00986555218697,0.0121865328401,0.109880454838
img_03078.jpg,0.942668497562,0.00955525133759,0.00955525133759,0.00955525133759,0.00955525133759,0.00955525133759,0.00955525133759
img_07621.jpg,0.656321048737,0.014720777981,0.00992846954614,0.00992846954614,0.0789081528783,0.0110277421772,0.219165295362
img_00718.jpg,0.814498186111,0.00985551439226,0.0222710072994,0.0520938113332,0.0738646313548,0.00985551439226,0.017561390996
img_07420.jpg,0.56370049715,0.0502126775682,0.00992391910404,0.313747346401,0.00992391910404,0.0106422202662,0.0418494418263
img_02838.jpg,0.843209505081,0.0340620167553,0.0416172035038,0.0176592692733,0.0189357735217,0.00996675249189,0.0345494858921
img_04921.jpg,0.583557903767,0.00996873341501,0.0736621245742,0.0159526690841,0.241671189666,0.0131986159831,0.061988633126
img_04752.jpg,0.108189329505,0.00998685043305,0.0271401740611,0.408196091652,0.00998685043305,0.0169179402292,0.419582724571
img_07792.jpg,0.0244648717344,0.0307704191655,0.00996609125286,0.00996609125286,0.689361989498,0.0744481682777,0.161022365093
img_00407.jpg,0.525838017464,0.0538099631667,0.088506065309,0.145222604275,0.12018494308,0.00998205970973,0.0564563721418
img_05292.jpg,0.0193906743079,0.0285603366792,0.010635625571,0.0099860643968,0.205408871174,0.0217961221933,0.704222261906
img_00964.jpg,0.00952828302979,0.00952828302979,0.942830383778,0.00952828302979,0.00952828302979,0.00952828302979,0.00952828302979
img_02180.jpg,0.774493336678,0.0832940414548,0.0155582949519,0.0259361956269,0.0575634241104,0.00993016175926,0.0332245863974
img_00855.jpg,0.440679103136,0.257941424847,0.0341630727053,0.0428849123418,0.0742878466845,0.0957721248269,0.0542716234922
img_03715.jpg,0.723993122578,0.0278778448701,0.00975415669382,0.209112390876,0.00975415669382,0.00975415669382,0.00975415669382
img_00125.jpg,0.451095759869,0.0752071067691,0.0122369723395,0.00997305940837,0.24161209166,0.0956158638,0.114259205759
img_06477.jpg,0.0683526545763,0.0101753948256,0.0236209649593,0.00992531049997,0.00992531049997,0.010887642391,0.867112755775
img_07173.jpg,0.188353285193,0.00967797543854,0.0281685013324,0.00967797543854,0.00967797543854,0.00967797543854,0.744766294956
img_01431.jpg,0.36606669426,0.0657425820827,0.0102493995801,0.440154492855,0.0972393453121,0.0099809281528,0.0105665577576
img_03554.jpg,0.932327449322,0.00970685575157,0.00970685575157,0.00970685575157,0.0191382579505,0.00970685575157,0.00970685575157
img_07354.jpg,0.908137381077,0.00971119571477,0.00971119571477,0.00971119571477,0.00971119571477,0.00971119571477,0.0433066561818
img_04461.jpg,0.922384500504,0.00980305764824,0.0230774320662,0.0115242637694,0.00980305764824,0.00980305764824,0.0136046772823
img_05095.jpg,0.894803822041,0.0148940309882,0.00978189520538,0.00978189520538,0.00978189520538,0.0167085211724,0.0442479625344
img_00374.jpg,0.630220413208,0.0677876025438,0.0172533430159,0.0145542025566,0.0312813296914,0.0239686984569,0.214934468269
img_07094.jpg,0.550126254559,0.210921958089,0.00981673877686,0.00981673877686,0.0267266500741,0.182774946094,0.00981673877686
img_00331.jpg,0.373956739902,0.0285087767988,0.0136679140851,0.0222598202527,0.425289541483,0.111201621592,0.0251155979931
img_04306.jpg,0.941411674023,0.00976471975446,0.00976471975446,0.00976471975446,0.00976471975446,0.00976471975446,0.00976471975446
img_04126.jpg,0.441818624735,0.0970299243927,0.251209110022,0.112476050854,0.0124982986599,0.0315496847034,0.0534183196723
img_03760.jpg,0.80465978384,0.0179977156222,0.00985725130886,0.00985725130886,0.0287639647722,0.00985725130886,0.119006820023
img_00358.jpg,0.501177370548,0.0661890953779,0.0101348673925,0.023303553462,0.111321665347,0.0150363072753,0.272837162018
img_00575.jpg,0.825239658356,0.0263142548501,0.0161682665348,0.00998543854803,0.014814873226,0.0123340496793,0.0951434075832
img_02379.jpg,0.167053848505,0.0157688241452,0.00986850820482,0.00986850820482,0.00986850820482,0.0190609171987,0.768510818481
img_04482.jpg,0.748367071152,0.0483473986387,0.00979631580412,0.00979631580412,0.164100289345,0.00979631580412,0.00979631580412
img_04237.jpg,0.169370889664,0.386144161224,0.11293194443,0.0277207829058,0.0478994771838,0.112562701106,0.143370017409
img_07157.jpg,0.926308333874,0.0132483951747,0.0155801111832,0.00989625230432,0.00989625230432,0.00989625230432,0.0151744196191
img_06673.jpg,0.533282935619,0.0279846265912,0.00972283445299,0.00972283445299,0.00972283445299,0.00972283445299,0.399841099977
img_03504.jpg,0.938914775848,0.00972465611994,0.00972465611994,0.00972465611994,0.00972465611994,0.00972465611994,0.0124618699774
img_01918.jpg,0.195290669799,0.0504985749722,0.00994143541902,0.704680919647,0.0153234144673,0.00994143541902,0.0143235251307
img_02834.jpg,0.654147863388,0.0437648817897,0.00998166296631,0.0100726736709,0.0528422817588,0.0260264091194,0.203164175153
img_00141.jpg,0.00970550533384,0.09213822335,0.00970550533384,0.00970550533384,0.00970550533384,0.00970550533384,0.859334230423
img_05548.jpg,0.912395834923,0.0396042130888,0.00959999579936,0.00959999579936,0.00959999579936,0.00959999579936,0.00959999579936
img_05471.jpg,0.0354600325227,0.0157253388315,0.0399678498507,0.0109718833119,0.255128264427,0.353685319424,0.289061337709
img_01035.jpg,0.871745347977,0.0158835425973,0.0096836714074,0.0096836714074,0.0736364424229,0.0096836714074,0.0096836714074
img_06756.jpg,0.495782345533,0.0392057299614,0.0099187977612,0.056020848453,0.370369285345,0.0099187977612,0.0187842957675
img_03805.jpg,0.932673096657,0.0103639466688,0.00975542515516,0.00975542515516,0.0179413016886,0.00975542515516,0.00975542515516
img_01413.jpg,0.932618260384,0.00978523492813,0.00978523492813,0.00978523492813,0.0174627732486,0.00978523492813,0.0107781495899
img_03866.jpg,0.586771845818,0.0339617803693,0.00996439065784,0.0328514277935,0.290216982365,0.0255903974175,0.02064326033
img_05672.jpg,0.337962657213,0.0349967963994,0.00999443233013,0.0621883645654,0.413123458624,0.0113637614995,0.130370602012
img_07528.jpg,0.942857205868,0.00952380988747,0.00952380988747,0.00952380988747,0.00952380988747,0.00952380988747,0.00952380988747
img_07237.jpg,0.588991463184,0.271602839231,0.0131690958515,0.0962696820498,0.00997424870729,0.0100183989853,0.00997424870729
img_00538.jpg,0.776912391186,0.0740518271923,0.00987922865897,0.00987922865897,0.0115217790008,0.00987922865897,0.107876360416
img_04422.jpg,0.246832147241,0.585728645325,0.0450443103909,0.017175571993,0.0283202882856,0.0450722649693,0.0318267829716
img_05916.jpg,0.918624699116,0.00975796580315,0.016537444666,0.00975796580315,0.0248359721154,0.00975796580315,0.0107279634103
img_05967.jpg,0.307627916336,0.146410554647,0.0152391027659,0.0602036044002,0.0379146598279,0.0483013726771,0.384302794933
img_00921.jpg,0.646097481251,0.033372733742,0.0902963802218,0.0252273846418,0.0502053834498,0.0216403305531,0.1331602633
img_03422.jpg,0.598386108875,0.0577668771148,0.030940329656,0.0905384719372,0.188669025898,0.00993716716766,0.0237621106207
img_07799.jpg,0.619776010513,0.14817969501,0.0841327682137,0.0790323838592,0.0214016940445,0.00998596195132,0.0374914743006
img_05584.jpg,0.513152897358,0.220043033361,0.0504959709942,0.0666037797928,0.045078907162,0.0700497552752,0.034575663507
img_07005.jpg,0.622589886189,0.115132823586,0.00998510513455,0.0155410449952,0.0992146730423,0.0255343113095,0.112002156675
img_03627.jpg,0.832459628582,0.0705130621791,0.0321583449841,0.0139974802732,0.0147263109684,0.0120672071353,0.0240779332817
img_00473.jpg,0.876178383827,0.0173921603709,0.0142094055191,0.00994003470987,0.0109085524455,0.00994003470987,0.0614314377308
img_02076.jpg,0.624586284161,0.257726430893,0.0198213048279,0.0165389347821,0.00990179739892,0.00990179739892,0.0615234822035
img_04478.jpg,0.730275690556,0.117076016963,0.00991256907582,0.0237901117653,0.0851330384612,0.00991256907582,0.0239000469446
img_05805.jpg,0.863332867622,0.013970375061,0.00978613458574,0.00978613458574,0.0793541073799,0.00978613458574,0.0139842238277
img_01399.jpg,0.0578687675297,0.711114645004,0.0308999661356,0.00998368021101,0.0237563848495,0.0230068862438,0.143369629979
img_02574.jpg,0.747887551785,0.0811615660787,0.00992331840098,0.0200697556138,0.0986061617732,0.0177678801119,0.0245837885886
img_04036.jpg,0.243032574654,0.0210740529001,0.0329266898334,0.00998609513044,0.0790786221623,0.0378051325679,0.576096773148
img_05192.jpg,0.0546320080757,0.0319367833436,0.0117052895948,0.00997048057616,0.013182843104,0.00996781513095,0.868604779243
img_00584.jpg,0.935638487339,0.00967398192734,0.00967398192734,0.00967398192734,0.0159916225821,0.00967398192734,0.00967398192734
img_04128.jpg,0.13754914701,0.379869222641,0.0141874235123,0.0135416891426,0.232184588909,0.0884144976735,0.134253457189
img_06808.jpg,0.56029689312,0.232816398144,0.00998797081411,0.0107046682388,0.0634672790766,0.0646043419838,0.0581224597991
img_03711.jpg,0.560520589352,0.050833761692,0.011082271114,0.0186418090016,0.0250195749104,0.0231533832848,0.310748636723
img_03801.jpg,0.672098815441,0.00979778543115,0.0185819212347,0.00979778543115,0.00979778543115,0.00979778543115,0.270128160715
img_02074.jpg,0.557561993599,0.0230557173491,0.0607259050012,0.132419660687,0.125825464725,0.0296851694584,0.0707260891795
img_00053.jpg,0.926106035709,0.00984318647534,0.0215893704444,0.0108151854947,0.011959835887,0.00984318647534,0.00984318647534
img_05439.jpg,0.616790533066,0.0499881692231,0.022275313735,0.0716548040509,0.187794387341,0.00992938410491,0.0415674000978
img_06798.jpg,0.705236792564,0.130148231983,0.0211787894368,0.113368593156,0.0102824065834,0.00989260151982,0.00989260151982
img_03809.jpg,0.39459452033,0.294363975525,0.0249523892999,0.0362711809576,0.0730568990111,0.159662485123,0.0170986317098
img_05241.jpg,0.662129580975,0.00987518765032,0.0351637043059,0.112290985882,0.110117889941,0.00987518765032,0.0605475082994
img_05026.jpg,0.709183216095,0.0160875525326,0.00976261682808,0.00976261682808,0.0338208787143,0.00976261682808,0.211620628834
img_06783.jpg,0.696517288685,0.0496119372547,0.0473520234227,0.0120786130428,0.0874074101448,0.018591625616,0.088441118598
img_05766.jpg,0.544090092182,0.0956114679575,0.0108641060069,0.00998938456178,0.0555296838284,0.0262515358627,0.257663726807
img_04127.jpg,0.0135772675276,0.0106987273321,0.0289259236306,0.00997759122401,0.695513486862,0.219490259886,0.0218166932464
img_04562.jpg,0.00965786818415,0.00965786818415,0.00965786818415,0.00965786818415,0.00965786818415,0.0102206896991,0.941489994526
img_06939.jpg,0.0919697284698,0.0469461046159,0.11357922107,0.0511882640421,0.240864172578,0.342971384525,0.112481206656
img_06684.jpg,0.742777228355,0.00972573645413,0.00972573645413,0.00972573645413,0.208594188094,0.00972573645413,0.00972573645413
img_06936.jpg,0.940367043018,0.00963648222387,0.00963648222387,0.00963648222387,0.0114506063983,0.00963648222387,0.00963648222387
img_06611.jpg,0.00961045827717,0.00961045827717,0.0117981182411,0.00961045827717,0.00961045827717,0.00961045827717,0.94014954567
img_00587.jpg,0.0440200194716,0.0178610626608,0.0179875306785,0.0107846800238,0.297534704208,0.0481490306556,0.563663005829
img_04624.jpg,0.15021713078,0.377580225468,0.0102986637503,0.087995916605,0.193074598908,0.018103223294,0.162730246782
img_05055.jpg,0.872260332108,0.00991905014962,0.0284621659666,0.0170125532895,0.043387837708,0.00991905014962,0.0190390255302
img_06189.jpg,0.662676930428,0.204527512193,0.00992435961962,0.0215332731605,0.0226079933345,0.00992435961962,0.0688055679202
img_05948.jpg,0.198683455586,0.00995964650065,0.00995964650065,0.020114980638,0.724124372005,0.0271982215345,0.00995964650065
img_07872.jpg,0.519353866577,0.0379494987428,0.294699400663,0.0838655009866,0.01558287628,0.0239691361785,0.0245797801763
img_05792.jpg,0.774140298367,0.0175855010748,0.0475371852517,0.0221871864051,0.0182125046849,0.00995954032987,0.110377877951
img_05341.jpg,0.867877066135,0.0134891755879,0.0239982828498,0.0120440032333,0.0591263510287,0.00997325312346,0.0134918438271
img_03996.jpg,0.825205743313,0.0477424375713,0.00988539401442,0.0214020516723,0.0129871563986,0.00988539401442,0.0728918761015
img_05211.jpg,0.557650148869,0.0123739093542,0.0123053258285,0.0100519312546,0.206185460091,0.00998887419701,0.191444411874
img_00816.jpg,0.879486858845,0.0223602466285,0.00981807801872,0.00981807801872,0.0170423090458,0.00981807801872,0.0516564287245
img_07467.jpg,0.938091635704,0.00963237509131,0.00963237509131,0.00963237509131,0.0137465046719,0.00963237509131,0.00963237509131
img_03488.jpg,0.942857205868,0.00952380988747,0.00952380988747,0.00952380988747,0.00952380988747,0.00952380988747,0.00952380988747
img_06321.jpg,0.823106527328,0.0367907583714,0.00997224170715,0.00997224170715,0.0337070636451,0.00997224170715,0.0764788761735
img_06302.jpg,0.582345545292,0.00993794295937,0.0122573981062,0.164255127311,0.15130661428,0.00993794295937,0.0699594244361
img_07508.jpg,0.241173580289,0.0368646085262,0.0730604752898,0.00998625718057,0.0103096636012,0.121856085956,0.506749272346
img_02096.jpg,0.874816119671,0.0541344992816,0.018579043448,0.0115597303957,0.0141042992473,0.0168674252927,0.00993888638914
img_03547.jpg,0.89075922966,0.0610129386187,0.00964556541294,0.00964556541294,0.00964556541294,0.00964556541294,0.00964556541294
img_00598.jpg,0.934445023537,0.0170607976615,0.00969882681966,0.00969882681966,0.00969882681966,0.00969882681966,0.00969882681966
img_05754.jpg,0.282697141171,0.0126511957496,0.156082719564,0.0266695525497,0.349059194326,0.0634091049433,0.109431102872
img_04221.jpg,0.942857205868,0.00952380988747,0.00952380988747,0.00952380988747,0.00952380988747,0.00952380988747,0.00952380988747
img_06412.jpg,0.114390298724,0.0170350112021,0.0221511386335,0.0131886769086,0.193681687117,0.0363254025578,0.60322779417
img_00808.jpg,0.803523123264,0.128551930189,0.00981491431594,0.00986024271697,0.00981491431594,0.00981491431594,0.0286200046539
img_05293.jpg,0.0504433996975,0.437187641859,0.0112829990685,0.129726752639,0.263399362564,0.00993975810707,0.0980201289058
img_03764.jpg,0.832707822323,0.00973188877106,0.00973188877106,0.00973188877106,0.00973188877106,0.00973188877106,0.118632853031
img_05185.jpg,0.89601367712,0.0134902205318,0.0097476830706,0.0097476830706,0.0097476830706,0.0097476830706,0.0515054687858
img_07818.jpg,0.941749811172,0.00959931500256,0.00959931500256,0.00959931500256,0.0102536622435,0.00959931500256,0.00959931500256
img_05613.jpg,0.0887123867869,0.00997022073716,0.0644230619073,0.00997022073716,0.103976972401,0.113228783011,0.609718382359
img_05653.jpg,0.336632728577,0.00994890648872,0.185974240303,0.0139877339825,0.00994890648872,0.139656379819,0.30385106802
img_00071.jpg,0.616394877434,0.0226945299655,0.0170279350132,0.307309597731,0.00985543522984,0.00985543522984,0.0168622042984
img_05572.jpg,0.170641809702,0.0377190634608,0.0304582547396,0.00999081507325,0.0805685818195,0.1053077057,0.565313756466
img_07757.jpg,0.384452104568,0.0447021126747,0.0673356950283,0.0572469942272,0.00999322161078,0.0902288034558,0.346041023731
img_03831.jpg,0.00952380988747,0.00952380988747,0.00952380988747,0.00952380988747,0.00952380988747,0.00952380988747,0.942857205868
img_03825.jpg,0.827491223812,0.00982143636793,0.00982143636793,0.00982143636793,0.108664646745,0.00982143636793,0.0245583876967
img_06097.jpg,0.269728153944,0.139469668269,0.0255374461412,0.0284822620451,0.197832867503,0.041722137481,0.297227472067
img_07110.jpg,0.59403693676,0.026776727289,0.215009450912,0.0178163852543,0.0192186273634,0.0219716131687,0.105170287192
img_00837.jpg,0.855680644512,0.0234086588025,0.00980962160975,0.00980962160975,0.0156866535544,0.00980962160975,0.0757951959968
img_01689.jpg,0.173670887947,0.03172275424,0.0625240057707,0.0154733415693,0.0652542263269,0.0998489707708,0.551505804062
img_04962.jpg,0.00961446855217,0.00961446855217,0.00961446855217,0.00961446855217,0.00961446855217,0.00961446855217,0.94231325388
img_02487.jpg,0.826258540154,0.0549611076713,0.0098052630201,0.0098052630201,0.0252803321928,0.0640843361616,0.0098052630201
img_03223.jpg,0.40340796113,0.3783839643,0.00997626781464,0.0271376483142,0.00997626781464,0.0133251044899,0.157792791724
img_00943.jpg,0.794000685215,0.055615209043,0.00985765550286,0.00985765550286,0.0222709793597,0.0985402092338,0.00985765550286
img_00417.jpg,0.0645532384515,0.00968505535275,0.00968505535275,0.00968505535275,0.00968505535275,0.00968505535275,0.887021481991
img_00902.jpg,0.0124307619408,0.0311073735356,0.0286196544766,0.0212499145418,0.00992976687849,0.886732757092,0.00992976687849
img_02766.jpg,0.748735785484,0.061476457864,0.0554173663259,0.0144100692123,0.0713561102748,0.0102096516639,0.038394536823
img_05603.jpg,0.823000669479,0.0158148575574,0.0630814805627,0.0248644929379,0.0197453852743,0.00997992232442,0.0435131900012
img_05273.jpg,0.352098792791,0.0371470823884,0.425124466419,0.0216174293309,0.0144702922553,0.028202932328,0.121339023113
img_05244.jpg,0.883920669556,0.0127562060952,0.00991857238114,0.00991857238114,0.0187842473388,0.00991857238114,0.0547831468284
img_00760.jpg,0.430073529482,0.149009987712,0.0293621197343,0.299961388111,0.0600900575519,0.0214229356498,0.0100799873471
img_07563.jpg,0.0934243574739,0.0302797984332,0.0114314360544,0.0108140856028,0.78734511137,0.0307010617107,0.0360041819513
img_06806.jpg,0.161233469844,0.400018632412,0.0845322236419,0.277558654547,0.0281911753118,0.0169194731861,0.031546421349
img_07419.jpg,0.00961025245488,0.00961025245488,0.00961025245488,0.00961025245488,0.00961025245488,0.00961025245488,0.942338526249
img_06186.jpg,0.927255809307,0.0220007505268,0.00972815230489,0.00972815230489,0.00972815230489,0.00972815230489,0.0118308374658
img_04757.jpg,0.423334032297,0.0230050422251,0.0753994956613,0.0108573939651,0.210722237825,0.0289333723485,0.227748438716
img_02252.jpg,0.887142121792,0.042934987694,0.00964304804802,0.00964304804802,0.00964304804802,0.00964304804802,0.0313507467508
img_04282.jpg,0.0494942739606,0.0325593091547,0.00995507370681,0.00995507370681,0.793431341648,0.0340866334736,0.0705183297396
img_06549.jpg,0.679454028606,0.167900651693,0.00993656739593,0.00993656739593,0.0954228788614,0.00993656739593,0.0274127591401
img_05794.jpg,0.812302052975,0.0229231566191,0.00984020903707,0.00984020903707,0.122066661716,0.0131875528023,0.00984020903707
img_05563.jpg,0.420755624771,0.443693518639,0.00989449210465,0.0959729105234,0.00989449210465,0.00989449210465,0.00989449210465
img_01224.jpg,0.0207049902529,0.022956000641,0.125591546297,0.0210777781904,0.0231177918613,0.00999398343265,0.776557862759
img_01188.jpg,0.454988151789,0.0456784665585,0.00997890718281,0.0574915371835,0.182905241847,0.0118228523061,0.237134829164
img_03471.jpg,0.293206602335,0.101542793214,0.0156875811517,0.545315027237,0.0130699239671,0.0103172278032,0.0208609234542
img_07910.jpg,0.545850515366,0.0854079276323,0.0860901027918,0.0165204759687,0.0202644355595,0.0331508927047,0.212715655565
img_04507.jpg,0.00958569161594,0.00958569161594,0.0102221183479,0.00958569161594,0.00958569161594,0.00958569161594,0.941849470139
img_01253.jpg,0.00958724319935,0.00958724319935,0.00958724319935,0.00958724319935,0.00958724319935,0.00958724319935,0.942476570606
img_03222.jpg,0.790839791298,0.0645683333278,0.00972116552293,0.00972116552293,0.105707235634,0.00972116552293,0.00972116552293
img_07623.jpg,0.700797915459,0.00998171325773,0.071479357779,0.0360605120659,0.107726164162,0.0534433722496,0.0205109603703
img_03410.jpg,0.852077186108,0.0219606347382,0.0212342813611,0.0214761663228,0.0268188957125,0.0150805814192,0.041352301836
img_02656.jpg,0.937599122524,0.0095665473491,0.0095665473491,0.0095665473491,0.0095665473491,0.0095665473491,0.0145681835711
img_00230.jpg,0.769147574902,0.169946208596,0.00978502165526,0.0207441430539,0.0108070252463,0.00978502165526,0.00978502165526
img_02749.jpg,0.113684348762,0.00989387463778,0.0242951642722,0.764446496964,0.0530462563038,0.00989387463778,0.0247399453074
img_02356.jpg,0.312661349773,0.151533827186,0.0404953993857,0.0657359063625,0.0107933273539,0.0194077603519,0.399372428656
img_02811.jpg,0.54696059227,0.00990567263216,0.0912380293012,0.155161768198,0.123237960041,0.00990567263216,0.063590310514
img_02651.jpg,0.922504544258,0.00982020515949,0.0283944532275,0.00982020515949,0.00982020515949,0.00982020515949,0.00982020515949
img_02268.jpg,0.572882056236,0.0787758678198,0.0363070033491,0.169239893556,0.0822570696473,0.0215977150947,0.038940411061
img_02299.jpg,0.14700165391,0.137616246939,0.0203662998974,0.0477494187653,0.0965089052916,0.0878641530871,0.462893337011
img_05459.jpg,0.859707415104,0.0472921915352,0.00988787598908,0.00988787598908,0.0336785539985,0.00988787598908,0.029658254236
img_04076.jpg,0.832299530506,0.0351186692715,0.00993322208524,0.0123216426,0.0846907570958,0.0157029610127,0.00993322208524
img_01543.jpg,0.923636317253,0.00970847904682,0.027821328491,0.00970847904682,0.00970847904682,0.00970847904682,0.00970847904682
img_06174.jpg,0.337880164385,0.442655771971,0.00991528853774,0.178821086884,0.0104472339153,0.0103651573882,0.00991528853774
img_03166.jpg,0.885866880417,0.0145432306454,0.0131658082828,0.00989145413041,0.00989145413041,0.0117894625291,0.054851744324
img_03444.jpg,0.918692946434,0.0331345722079,0.00963449478149,0.00963449478149,0.00963449478149,0.00963449478149,0.00963449478149
img_03952.jpg,0.730491399765,0.0477449595928,0.0772830322385,0.0788761973381,0.038287319243,0.0099566038698,0.0173605978489
img_02602.jpg,0.644216418266,0.0729677528143,0.0248538162559,0.0416057705879,0.182778954506,0.0236150361598,0.0099622849375
img_01222.jpg,0.228411391377,0.101069130003,0.0192624814808,0.031875308603,0.0394156649709,0.0329247936606,0.547041237354
img_06916.jpg,0.732674896717,0.105729304254,0.00996514223516,0.0319841727614,0.0508941560984,0.0149941211566,0.053758263588
img_07375.jpg,0.324007511139,0.0260517783463,0.0777608677745,0.0118094217032,0.169604852796,0.029404848814,0.361360728741
img_05322.jpg,0.804681360722,0.0332732200623,0.0099126463756,0.0099126463756,0.0230042338371,0.0151714831591,0.104044497013
img_02726.jpg,0.596206128597,0.0099598839879,0.190647289157,0.0908494517207,0.0622903741896,0.0099598839879,0.0400870144367
img_02565.jpg,0.680336594582,0.0155712543055,0.0985293835402,0.0233784504235,0.0455650612712,0.017332682386,0.119286611676
img_04263.jpg,0.9300147295,0.00963734928519,0.00963734928519,0.00963734928519,0.00963734928519,0.00963734928519,0.0217984523624
img_00244.jpg,0.290007025003,0.448019266129,0.00992728769779,0.00992728769779,0.0207527782768,0.035254240036,0.186112120748
img_07060.jpg,0.248424604535,0.187795370817,0.0130473021418,0.0648915693164,0.137117609382,0.0813398882747,0.267383635044
img_06038.jpg,0.0580525174737,0.0251892618835,0.0525885596871,0.0138530358672,0.0167238730937,0.0434434078634,0.790149331093
img_01103.jpg,0.052148886025,0.177263408899,0.0974290519953,0.0775975137949,0.0111100422218,0.11219458282,0.47225651145
img_01803.jpg,0.00982569158077,0.00982569158077,0.896249473095,0.0272259060293,0.00982569158077,0.00982569158077,0.0372218377888
img_00648.jpg,0.828950643539,0.0214759018272,0.00998777057976,0.0101528922096,0.0979061573744,0.0139276664704,0.0175989679992
img_05268.jpg,0.345860540867,0.0250949021429,0.044920258224,0.0116822775453,0.423725992441,0.0317034348845,0.117012619972
img_01862.jpg,0.531679332256,0.0306182783097,0.30860260129,0.0294447671622,0.0247808117419,0.027812352404,0.047061920166
img_01932.jpg,0.629011452198,0.215617179871,0.00993061624467,0.019558897242,0.0104407342151,0.00993061624467,0.105510421097
img_02384.jpg,0.561179995537,0.0424635224044,0.0419613718987,0.0170279480517,0.0723501965404,0.062404461205,0.202612474561
img_03853.jpg,0.942857205868,0.00952380988747,0.00952380988747,0.00952380988747,0.00952380988747,0.00952380988747,0.00952380988747
img_00985.jpg,0.523689210415,0.0378688499331,0.0139222871512,0.0105009693652,0.0769358575344,0.0199831817299,0.317099660635
img_05976.jpg,0.0531362257898,0.0173124019057,0.0405246280134,0.00998277962208,0.330298185349,0.400606840849,0.148138925433
img_02904.jpg,0.916852116585,0.00988752767444,0.0187907461077,0.0159330591559,0.0187614690512,0.00988752767444,0.00988752767444
img_00375.jpg,0.10755122453,0.213632151484,0.241585835814,0.0990264713764,0.290323674679,0.0378860905766,0.0099944556132
img_00292.jpg,0.441534757614,0.0207802597433,0.018060490489,0.00997704733163,0.14152276516,0.019766934216,0.34835767746
img_07908.jpg,0.795644164085,0.0760853737593,0.00990555435419,0.0303194653243,0.0153342727572,0.00990555435419,0.0628056302667
img_01571.jpg,0.839403569698,0.00977226253599,0.00977226253599,0.00977226253599,0.0475034490228,0.074003957212,0.00977226253599
img_06496.jpg,0.867196798325,0.00988568831235,0.00988568831235,0.0175779424608,0.0313932299614,0.00988568831235,0.0541750229895
img_07251.jpg,0.538498044014,0.0220740083605,0.0716275721788,0.019717277959,0.039293486625,0.0568353310227,0.251954376698
img_06203.jpg,0.103890620172,0.0157915931195,0.12514013052,0.0131114106625,0.196886897087,0.182956025004,0.362223386765
img_00777.jpg,0.704167604446,0.0562586225569,0.00982277654111,0.00982277654111,0.200282648206,0.00982277654111,0.00982277654111
img_02367.jpg,0.939139008522,0.0096215410158,0.0096215410158,0.0096215410158,0.0127533543855,0.0096215410158,0.0096215410158
img_00773.jpg,0.717204988003,0.0194440484047,0.0559517368674,0.106372356415,0.0632198378444,0.00996465235949,0.0278424024582
img_02066.jpg,0.75334239006,0.0603328086436,0.0509679019451,0.0277746170759,0.0376167334616,0.0204138569534,0.0495515502989
img_01996.jpg,0.103858374059,0.0807808488607,0.0198875330389,0.0262620709836,0.39519327879,0.209508389235,0.164509534836
img_01684.jpg,0.426971286535,0.103307388723,0.0138981919736,0.0231304708868,0.0276641026139,0.00997181702405,0.395056724548
img_03520.jpg,0.534337043762,0.168860331178,0.143300205469,0.0525766126812,0.0532477684319,0.0233898945153,0.0242882184684
img_04101.jpg,0.591473221779,0.102337375283,0.0137896658853,0.0099385753274,0.21767963469,0.0548428893089,0.0099385753274
img_01552.jpg,0.802191078663,0.0579373985529,0.0311711784452,0.0107247652486,0.0773000195622,0.00999650917947,0.0106790596619
img_07663.jpg,0.617876827717,0.209740996361,0.00992768257856,0.0223211348057,0.0167035497725,0.00992768257856,0.113502122462
img_03588.jpg,0.155782520771,0.0714077353477,0.0500359460711,0.0409826077521,0.348468720913,0.188622966409,0.144699528813
img_00138.jpg,0.746276497841,0.0688183829188,0.080834813416,0.0370508879423,0.00991142820567,0.00991142820567,0.0471966825426
img_02270.jpg,0.668527662754,0.0372512340546,0.080631531775,0.116934753954,0.0399927198887,0.00995395053178,0.0467081703246
img_05960.jpg,0.352288663387,0.0165187977254,0.0118341250345,0.00996744632721,0.0594711899757,0.0995787009597,0.450341075659
img_05064.jpg,0.723844408989,0.0527671724558,0.0822278410196,0.0908828228712,0.0262126456946,0.00995161104947,0.0141134774312
img_03346.jpg,0.64666980505,0.0528570152819,0.0162476357073,0.0316728651524,0.198070704937,0.0445377156138,0.00994419958442
img_03943.jpg,0.783769965172,0.0118627250195,0.00968472287059,0.00968472287059,0.00968472287059,0.00968472287059,0.165628433228
img_01371.jpg,0.858150005341,0.00990638229996,0.0163492243737,0.00990638229996,0.0137261981145,0.00990638229996,0.08205537498
img_00979.jpg,0.0350283905864,0.0104625495151,0.102261185646,0.00988903921098,0.00988903921098,0.00988903921098,0.822580754757
img_05838.jpg,0.914212882519,0.0373617522418,0.00968506839126,0.00968506839126,0.00968506839126,0.00968506839126,0.00968506839126
img_06780.jpg,0.789363861084,0.0276756249368,0.00994816981256,0.0216663107276,0.107931561768,0.00994816981256,0.0334664173424
img_00962.jpg,0.021147813648,0.0303783528507,0.178696796298,0.0356588438153,0.0425027832389,0.0107925850898,0.680822849274
img_02282.jpg,0.00961994659156,0.00961994659156,0.00961994659156,0.00961994659156,0.00961994659156,0.00961994659156,0.942280292511
img_00708.jpg,0.171596854925,0.0651854798198,0.159033924341,0.083761587739,0.102828174829,0.188441678882,0.22915238142
img_07561.jpg,0.190689072013,0.173700988293,0.0435268729925,0.0396059826016,0.223287001252,0.253257602453,0.0759325250983
img_04554.jpg,0.680116415024,0.105953201652,0.0123738488182,0.0644080489874,0.0654400214553,0.0196820609272,0.0520263910294
img_04661.jpg,0.253354728222,0.0630224123597,0.0261566918343,0.285782814026,0.338023155928,0.0237389169633,0.00992130674422
img_01405.jpg,0.82158023119,0.0613375194371,0.0098938588053,0.0519327484071,0.0304392725229,0.0098938588053,0.0149225117639
img_03135.jpg,0.244824811816,0.0383802615106,0.0257100053132,0.00999393314123,0.0172154325992,0.0159916002303,0.647883951664
img_00102.jpg,0.511341631413,0.0789670348167,0.0113408220932,0.0217268131673,0.225269928575,0.0108023537323,0.140551507473
img_01627.jpg,0.645174443722,0.10460331291,0.0484605766833,0.0591581724584,0.0495032928884,0.0166928432882,0.0764074474573
img_01955.jpg,0.00958698894829,0.00958698894829,0.00958698894829,0.00958698894829,0.00958698894829,0.00958698894829,0.942478120327
img_07050.jpg,0.549445569515,0.0871430411935,0.0610596165061,0.231131881475,0.0325923971832,0.0209669489413,0.0176605768502
img_01286.jpg,0.523448944092,0.145655333996,0.00998162850738,0.0312280021608,0.161107212305,0.0250709336251,0.103507891297
img_02699.jpg,0.935931682587,0.0153201092035,0.00974966026843,0.00974966026843,0.00974966026843,0.00974966026843,0.00974966026843
img_00591.jpg,0.0317170098424,0.0195200648159,0.0246044881642,0.00993303675205,0.056462738663,0.0182236246765,0.839539051056
img_04118.jpg,0.86128538847,0.023767741397,0.00997000001371,0.0165355987847,0.0162717178464,0.0107430107892,0.0614265613258
img_05260.jpg,0.72021239996,0.011771954596,0.0218517184258,0.00994284078479,0.0128055270761,0.0108278961852,0.212587609887
img_04872.jpg,0.905422031879,0.0340294539928,0.00966392923146,0.00966392923146,0.0218928307295,0.00966392923146,0.00966392923146
img_00007.jpg,0.667221069336,0.221945285797,0.0220620594919,0.030631409958,0.00990374200046,0.00990374200046,0.0383326783776
img_00999.jpg,0.803954839706,0.00982070527971,0.00982070527971,0.00982070527971,0.0612258985639,0.0154700549319,0.0898871123791
img_06663.jpg,0.352252960205,0.221312329173,0.0786172673106,0.268820047379,0.0399564988911,0.0190942566842,0.0199465882033
img_01511.jpg,0.867305755615,0.0584541112185,0.0191576257348,0.025512887165,0.00985652860254,0.00985652860254,0.00985652860254
img_07120.jpg,0.179592788219,0.154191851616,0.0868574529886,0.0667691081762,0.0210232660174,0.0559901483357,0.435575425625
img_05654.jpg,0.826646864414,0.0220972411335,0.00986724719405,0.067160114646,0.0544939897954,0.00986724719405,0.00986724719405
img_02556.jpg,0.341076791286,0.130211189389,0.056577604264,0.0292715989053,0.0150315305218,0.0227765757591,0.405054777861
img_00646.jpg,0.00977624952793,0.0107245882973,0.0187087785453,0.00977624952793,0.00977624952793,0.00977624952793,0.931461632252
img_06001.jpg,0.579897880554,0.15281881392,0.0113285304978,0.200010612607,0.0359583161771,0.00996183417737,0.0100240129977
img_06211.jpg,0.151381924748,0.278110325336,0.035324845463,0.0443264693022,0.1622081846,0.150395452976,0.1782528162
img_04425.jpg,0.719925582409,0.156863227487,0.0158346947283,0.0381782539189,0.0165458060801,0.00999521929771,0.0426571853459
img_02309.jpg,0.848296880722,0.0101295337081,0.00991444755346,0.00991444755346,0.0947557464242,0.00991444755346,0.0170744527131
img_05755.jpg,0.809194147587,0.012781505473,0.00982887670398,0.00982887670398,0.0500347539783,0.0266842227429,0.081647656858
img_04888.jpg,0.925632417202,0.00990123674273,0.00990123674273,0.012700018473,0.00990123674273,0.00990123674273,0.022062657401
img_00128.jpg,0.00992710422724,0.0467043295503,0.405092149973,0.0155206955969,0.00992710422724,0.0144944600761,0.498334109783
img_01632.jpg,0.916413664818,0.0151101918891,0.0143043743446,0.00988404545933,0.00988404545933,0.00988404545933,0.0245196539909
img_04181.jpg,0.922465622425,0.00972048565745,0.00972048565745,0.00972048565745,0.0289320386946,0.00972048565745,0.00972048565745
img_02422.jpg,0.724061965942,0.0792419984937,0.031146498397,0.032943174243,0.0128220422193,0.0128941265866,0.106890164316
img_04496.jpg,0.877020955086,0.0152497384697,0.00982248689979,0.00982248689979,0.0135204019025,0.00982248689979,0.0647414699197
img_04115.jpg,0.801196455956,0.00994570087641,0.0511996261775,0.00994570087641,0.063049711287,0.0174889210612,0.047173909843
img_03128.jpg,0.739913642406,0.0615395158529,0.00989513751119,0.00989513751119,0.0370037294924,0.0496643893421,0.0920884311199
img_06099.jpg,0.530765891075,0.00989852752537,0.23492269218,0.0186354070902,0.0107439272106,0.00989852752537,0.185135066509
img_05489.jpg,0.922649204731,0.00960218161345,0.00960218161345,0.00960218161345,0.0293399002403,0.00960218161345,0.00960218161345
img_03229.jpg,0.0177107863128,0.0459029972553,0.0324801132083,0.0322046950459,0.162028849125,0.550416588783,0.159256026149
img_01834.jpg,0.0917257070541,0.0496951080859,0.284342378378,0.128509923816,0.0177629832178,0.0141125945374,0.413851320744
img_00599.jpg,0.931119322777,0.00984341464937,0.0183158610016,0.0111912172288,0.00984341464937,0.00984341464937,0.00984341464937
img_01688.jpg,0.599921107292,0.0105703100562,0.00978710222989,0.00978710222989,0.0207839794457,0.00978710222989,0.339363306761
img_05251.jpg,0.0792444646358,0.0689611509442,0.029230678454,0.0118241962045,0.681209683418,0.0741315931082,0.0553982667625
img_06646.jpg,0.458421617746,0.0318329893053,0.0816718712449,0.0431282296777,0.009995078668,0.0513478554785,0.323602437973
img_02412.jpg,0.826755642891,0.0097067290917,0.0097067290917,0.0097067290917,0.0097067290917,0.0097067290917,0.124710805714
img_06003.jpg,0.717802941799,0.084072522819,0.00999983772635,0.027061091736,0.108975052834,0.0128632653505,0.0392252765596
img_05463.jpg,0.0410687588155,0.0297315437347,0.00990578904748,0.00990578904748,0.218755707145,0.025166189298,0.665466248989
img_02799.jpg,0.936366319656,0.00966367777437,0.00966367777437,0.00966367777437,0.0153153566644,0.00966367777437,0.00966367777437
img_02625.jpg,0.101136550307,0.0709650069475,0.0366943068802,0.0264689829201,0.558451473713,0.0668854191899,0.139398217201
img_03974.jpg,0.777972459793,0.01306298282,0.0760381445289,0.0621781498194,0.0207451842725,0.00996490102261,0.0400381982327
img_01198.jpg,0.535072147846,0.0459292717278,0.207407742739,0.0965494886041,0.0152197675779,0.0336773432791,0.0661442950368
img_07474.jpg,0.744066894054,0.0188646428287,0.0631537288427,0.0516358464956,0.0987067818642,0.00995165202767,0.0136205423623
img_00212.jpg,0.325888365507,0.00969315879047,0.012238740921,0.00969315879047,0.00969315879047,0.00969315879047,0.623100280762
img_04310.jpg,0.624331474304,0.0909244567156,0.0736151710153,0.0772048383951,0.0609825178981,0.0411410965025,0.0318004451692
img_03290.jpg,0.0392124168575,0.0106310909614,0.0326385051012,0.0099267559126,0.0364744178951,0.0214527379721,0.849664092064
img_06959.jpg,0.942268431187,0.00962194055319,0.00962194055319,0.00962194055319,0.00962194055319,0.00962194055319,0.00962194055319
img_05813.jpg,0.56977814436,0.343135237694,0.0123052448034,0.0170170217752,0.00992867536843,0.00992867536843,0.0379069112241
img_04432.jpg,0.942707240582,0.00954880286008,0.00954880286008,0.00954880286008,0.00954880286008,0.00954880286008,0.00954880286008
img_04766.jpg,0.942853152752,0.0095244878903,0.0095244878903,0.0095244878903,0.0095244878903,0.0095244878903,0.0095244878903
img_02769.jpg,0.00988513510674,0.00988513510674,0.126388296485,0.00988513510674,0.00988513510674,0.0368620045483,0.797209143639
img_03069.jpg,0.00991005916148,0.235252827406,0.0693538859487,0.284781098366,0.0855546221137,0.097201667726,0.217945829034
img_05488.jpg,0.170747950673,0.622427046299,0.0099358772859,0.0191365797073,0.0992415845394,0.0128416372463,0.0656692907214
img_04546.jpg,0.0104413786903,0.00993223488331,0.0198663175106,0.00993223488331,0.0132334902883,0.02877564542,0.907818675041
img_00533.jpg,0.308294653893,0.144528359175,0.022451557219,0.0212279446423,0.200304657221,0.0487794317305,0.25441339612
img_03739.jpg,0.00966261234134,0.0114566031843,0.00966261234134,0.00966261234134,0.00966261234134,0.00966261234134,0.940230309963
img_01856.jpg,0.889673233032,0.0256142765284,0.0116330729797,0.0099730771035,0.0354389622808,0.0099730771035,0.0176944062114
img_05336.jpg,0.879439771175,0.0130284428596,0.00988385267556,0.0232226606458,0.024687377736,0.00988385267556,0.0398540124297
img_04405.jpg,0.462050020695,0.0291808061302,0.0110631622374,0.00995546020567,0.028837736696,0.0555128157139,0.403400093317
img_03043.jpg,0.0497466772795,0.0508139468729,0.0290159545839,0.0149547783658,0.0578501336277,0.0775957927108,0.72002273798
img_07318.jpg,0.0179179850966,0.0157248917967,0.0222681798041,0.00993996392936,0.00993996392936,0.0175752807409,0.906633794308
img_03199.jpg,0.94239372015,0.00960105936974,0.00960105936974,0.00960105936974,0.00960105936974,0.00960105936974,0.00960105936974
img_02703.jpg,0.854287862778,0.0375520065427,0.0172135494649,0.0108617115766,0.0184997692704,0.0188709534705,0.0427142046392
img_02920.jpg,0.889873206615,0.0106961131096,0.00981682538986,0.00981682538986,0.0464613102376,0.00981682538986,0.023518955335
img_02916.jpg,0.511057198048,0.0337323844433,0.20164129138,0.0392073355615,0.147834137082,0.0241575408727,0.0423702262342
img_02993.jpg,0.0557086840272,0.0277985148132,0.214413076639,0.0106432503089,0.041806332767,0.110861897469,0.538768291473
img_06521.jpg,0.593690037727,0.051573894918,0.0167974699289,0.0114334272221,0.220343843102,0.0226696487516,0.0834916234016
img_05896.jpg,0.817696154118,0.080435089767,0.0150057571009,0.0441568940878,0.0229305382818,0.00988776702434,0.00988776702434
img_00582.jpg,0.762926220894,0.101919554174,0.00986310094595,0.00986310094595,0.0932690948248,0.0116715794429,0.0104872733355
img_01616.jpg,0.425195783377,0.400780200958,0.016078568995,0.0299108624458,0.0475326180458,0.0123273450881,0.0681745484471
img_07501.jpg,0.921740591526,0.0125135732815,0.0158224366605,0.0154058896005,0.00992963463068,0.00992963463068,0.0146581726149
img_02486.jpg,0.942103385925,0.00964944716543,0.00964944716543,0.00964944716543,0.00964944716543,0.00964944716543,0.00964944716543
img_06345.jpg,0.225184902549,0.00975231081247,0.0142121389508,0.00975231081247,0.00975231081247,0.00975231081247,0.721593737602
img_03270.jpg,0.324813097715,0.120345711708,0.127427220345,0.0586642622948,0.0153811546043,0.041295774281,0.312072783709
img_00717.jpg,0.56262421608,0.158847883344,0.0210465360433,0.0604474171996,0.0944605544209,0.0139896860346,0.0885837897658
img_01211.jpg,0.847520291805,0.0544452928007,0.00976311787963,0.0262561105192,0.0424889959395,0.00976311787963,0.00976311787963
img_07905.jpg,0.713186323643,0.0210636798292,0.0306257810444,0.0134865194559,0.0350903458893,0.139569446445,0.0469779483974
img_06921.jpg,0.85883551836,0.00985092297196,0.0509864017367,0.00985092297196,0.00985092297196,0.00985092297196,0.0507744438946
img_05410.jpg,0.00984709244221,0.00984709244221,0.0991727858782,0.00984709244221,0.0100267697126,0.0222212392837,0.839037895203
img_04586.jpg,0.124327369034,0.0411680787802,0.00994301214814,0.016153993085,0.739234149456,0.0435486733913,0.0256247464567
img_05119.jpg,0.550392389297,0.0288581028581,0.0251017194241,0.0449925884604,0.122937940061,0.0256071109325,0.202110186219
img_04272.jpg,0.83862298727,0.0258571244776,0.057964451611,0.0168458819389,0.00999194197357,0.023816389963,0.0269012469798
img_02291.jpg,0.800017118454,0.0973789542913,0.0302232988179,0.0104189831764,0.0132306106389,0.00996701419353,0.0387640669942
img_01633.jpg,0.27258425951,0.00986696500331,0.00986696500331,0.0213532019407,0.648114740849,0.0283469390124,0.00986696500331
img_06748.jpg,0.00984732899815,0.00984732899815,0.219645053148,0.00984732899815,0.0171257760376,0.0107714179903,0.722915768623
img_05378.jpg,0.888589680195,0.0110216271132,0.0230652298778,0.00984178110957,0.00984178110957,0.00984178110957,0.0477981455624
img_07833.jpg,0.796600401402,0.118853732944,0.00989133305848,0.00989133305848,0.0326629094779,0.00989133305848,0.0222090519965
img_06021.jpg,0.00966427288949,0.00966427288949,0.904877483845,0.00966427288949,0.00966427288949,0.00966427288949,0.0468012131751
img_07417.jpg,0.00954251457006,0.00954251457006,0.00954251457006,0.00954251457006,0.00954251457006,0.00954251457006,0.942744970322
img_03563.jpg,0.736206233501,0.0912155732512,0.0445808395743,0.0986173823476,0.00979331787676,0.00979331787676,0.00979331787676
img_05735.jpg,0.813132226467,0.0136146899313,0.00981388427317,0.00981388427317,0.123774409294,0.00981388427317,0.0200370904058
img_00543.jpg,0.871413350105,0.00984375365078,0.00984375365078,0.00984375365078,0.0793678313494,0.00984375365078,0.00984375365078
img_03967.jpg,0.748755633831,0.0503964684904,0.0160864498466,0.0241102036089,0.0888767838478,0.0314777120948,0.0402967743576
img_01681.jpg,0.257152348757,0.0311741288751,0.00992465112358,0.0128245772794,0.0317520201206,0.0150689044967,0.642103374004
img_06630.jpg,0.44339761138,0.0147416964173,0.0108137689531,0.00996616948396,0.028066046536,0.0669235512614,0.426091164351
img_00442.jpg,0.00952380988747,0.00952380988747,0.00952380988747,0.00952380988747,0.00952380988747,0.00952380988747,0.942857205868
img_06966.jpg,0.940494894981,0.00969987548888,0.00969987548888,0.00969987548888,0.00969987548888,0.00969987548888,0.0110056698322
img_02172.jpg,0.399798989296,0.0346654355526,0.394506633282,0.0103012025356,0.0112007213756,0.0195984933525,0.129928514361
img_04415.jpg,0.684834420681,0.118537321687,0.00993322301656,0.0239187832922,0.0730136111379,0.0126624293625,0.0771002396941
img_03239.jpg,0.00989162083715,0.0185229424387,0.0208005849272,0.00989162083715,0.00989162083715,0.919756352901,0.011245245114
img_04410.jpg,0.676142752171,0.0721020251513,0.00989049579948,0.0247551426291,0.195288613439,0.00989049579948,0.0119304517284
img_01530.jpg,0.602794647217,0.0184575524181,0.133324369788,0.0857551768422,0.0325797908008,0.0211787577718,0.105909742415
img_06909.jpg,0.120415307581,0.0121330311522,0.00992250163108,0.00992250163108,0.785012245178,0.0177494287491,0.0448449291289
img_06268.jpg,0.152362942696,0.0190105549991,0.0219211112708,0.00997491180897,0.0688960105181,0.0222518630326,0.705582618713
img_01802.jpg,0.903229594231,0.0118153244257,0.00986312888563,0.00986312888563,0.00986312888563,0.00986312888563,0.045502603054
img_06946.jpg,0.448588162661,0.0205944199115,0.0120633197948,0.00998646952212,0.0744061172009,0.0117869637907,0.422574609518
img_01831.jpg,0.192169651389,0.00990917533636,0.0429119840264,0.595858216286,0.0888970866799,0.00990917533636,0.0603446401656
img_00730.jpg,0.0386009626091,0.0216225553304,0.0428704917431,0.00992759130895,0.00992759130895,0.0577952377498,0.819255530834
img_07578.jpg,0.00983035843819,0.0632048845291,0.0298858899623,0.00983035843819,0.00983035843819,0.00983035843819,0.867587804794
img_07371.jpg,0.00978019181639,0.00978019181639,0.0208018235862,0.00978019181639,0.00978019181639,0.00978019181639,0.930297195911
img_00152.jpg,0.01520827692,0.00981119740754,0.00981119740754,0.00981119740754,0.00981119740754,0.00981119740754,0.935735702515
img_06658.jpg,0.0202519465238,0.0110702365637,0.0422795303166,0.0102394623682,0.534905433655,0.325948804617,0.0553046278656
img_00654.jpg,0.850817620754,0.00989018846303,0.00989018846303,0.00989018846303,0.022183181718,0.0166005045176,0.0807280763984
img_01392.jpg,0.00969525799155,0.00969525799155,0.915480554104,0.00969525799155,0.00969525799155,0.00969525799155,0.0360432602465
img_04145.jpg,0.272133469582,0.0213995091617,0.135982513428,0.0183623768389,0.374699652195,0.0154709070921,0.16195166111
img_00280.jpg,0.594131529331,0.00995584763587,0.107954330742,0.021703178063,0.0361351072788,0.0165529176593,0.213567152619
img_06734.jpg,0.881850600243,0.031440269202,0.00990053918213,0.00990053918213,0.0111608784646,0.00990053918213,0.0458466559649
img_04024.jpg,0.890851974487,0.00984838232398,0.00984838232398,0.00984838232398,0.0240152459592,0.0254088118672,0.0301788300276
img_02764.jpg,0.93902361393,0.00969291105866,0.0125119071454,0.00969291105866,0.00969291105866,0.00969291105866,0.00969291105866
img_03064.jpg,0.645625054836,0.0158938225359,0.0103792380542,0.00997021328658,0.0668884962797,0.183688566089,0.0675546228886
img_02001.jpg,0.449536502361,0.0188942905515,0.0297366734594,0.00996405631304,0.288023382425,0.0208427775651,0.183002308011
img_04073.jpg,0.0381438583136,0.587840974331,0.0131951412186,0.106656335294,0.17431858182,0.00997199583799,0.0698731094599
img_00027.jpg,0.0526445545256,0.0352368168533,0.0101189613342,0.00999738369137,0.687414705753,0.0324768461287,0.172110706568
img_01116.jpg,0.813154697418,0.0450288206339,0.0108143566176,0.00992746651173,0.0275822151452,0.0114299515262,0.082062445581
img_03181.jpg,0.930507838726,0.00964104477316,0.00964104477316,0.00964104477316,0.00964104477316,0.00964104477316,0.0212868712842
img_06525.jpg,0.0734065696597,0.154851078987,0.318571746349,0.0797553285956,0.326508611441,0.0327191017568,0.0141876200214
img_06311.jpg,0.921026706696,0.00971216149628,0.00971216149628,0.00971216149628,0.00971216149628,0.00971216149628,0.0304125566036
img_01773.jpg,0.324238449335,0.0183473173529,0.025285391137,0.00994551181793,0.0606711544096,0.0965660214424,0.464946180582
img_00486.jpg,0.872849881649,0.0127417342737,0.0213627368212,0.0269953347743,0.0462206453085,0.00991482008249,0.00991482008249
img_00009.jpg,0.941105246544,0.00967716798186,0.00967716798186,0.00967716798186,0.0105089554563,0.00967716798186,0.00967716798186
img_03587.jpg,0.160755574703,0.0142676122487,0.0545494891703,0.0149198481813,0.131691202521,0.0514465719461,0.572369754314
img_02759.jpg,0.0655934289098,0.031381752342,0.119164213538,0.0120491553098,0.0207924637944,0.0325798653066,0.718439161777
img_01771.jpg,0.856716156006,0.0786020457745,0.00974756106734,0.00974756106734,0.00974756106734,0.00974756106734,0.0256915763021
img_02876.jpg,0.200904205441,0.065667912364,0.0261886473745,0.0275857709348,0.0995765924454,0.0198810454458,0.560195863247
img_03399.jpg,0.715736091137,0.0828746259212,0.00983276218176,0.00983276218176,0.153632313013,0.0182586461306,0.00983276218176
img_03310.jpg,0.919271349907,0.00985921919346,0.0127733107656,0.0222477316856,0.0161298830062,0.00985921919346,0.00985921919346
img_01444.jpg,0.080942414701,0.00988908484578,0.0297425519675,0.00988908484578,0.0162628795952,0.0837281942368,0.769545793533
img_04003.jpg,0.50760859251,0.00988535862416,0.158163681626,0.151488944888,0.0661205053329,0.00988535862416,0.0968475937843
img_01537.jpg,0.403093248606,0.0313471369445,0.332436621189,0.0161437764764,0.0245630145073,0.026243140921,0.166173070669
img_03333.jpg,0.572264134884,0.01021016296,0.0231678839773,0.0276464056224,0.340420871973,0.0163480937481,0.00994243752211
img_05147.jpg,0.318950384855,0.291907310486,0.0381028205156,0.201703876257,0.107135407627,0.0191279854625,0.0230722762644
img_02974.jpg,0.920493006706,0.0266426056623,0.0097623039037,0.0097623039037,0.0097623039037,0.0138151841238,0.0097623039037
img_01853.jpg,0.770842671394,0.0286398865283,0.0316213518381,0.00999336689711,0.048438783735,0.032647896558,0.0778161808848
img_05433.jpg,0.730624496937,0.0177452657372,0.0440166965127,0.00992945022881,0.140469029546,0.00992945022881,0.0472856611013
img_03210.jpg,0.0504119507968,0.0874341502786,0.559256196022,0.02442092821,0.0585917942226,0.0353327281773,0.18455222249
img_01289.jpg,0.857647538185,0.00976412650198,0.00976412650198,0.00976412650198,0.0122047718614,0.00976412650198,0.0910911634564
img_07086.jpg,0.825936436653,0.0185631792992,0.00983627792448,0.00983627792448,0.0330846011639,0.00983627792448,0.0929070785642
img_05284.jpg,0.436943620443,0.387311160564,0.0160866063088,0.0101127270609,0.0280721131712,0.077374227345,0.044099599123
img_03252.jpg,0.833207964897,0.059569299221,0.0334550924599,0.0180314518511,0.017562257126,0.0111215673387,0.0270523764193
img_03942.jpg,0.642211616039,0.174383923411,0.0271701384336,0.106829509139,0.0271774549037,0.0122967213392,0.00993059109896
img_04370.jpg,0.246585801244,0.270175784826,0.0299402084202,0.295907884836,0.0697905421257,0.0415056161582,0.0460941791534
img_00129.jpg,0.0718154832721,0.0174885224551,0.0256669726223,0.0156950075179,0.0856496319175,0.68434625864,0.0993381142616
img_00612.jpg,0.312887430191,0.00992652215064,0.0242422241718,0.0210840776563,0.604839622974,0.0170935411006,0.00992652215064
img_05076.jpg,0.146404236555,0.110138431191,0.049500759691,0.016881454736,0.0132683068514,0.0272504147142,0.636556386948
img_04427.jpg,0.815677583218,0.0244433917105,0.00993091333658,0.00993091333658,0.0522359795868,0.00993091333658,0.077850304544
img_03140.jpg,0.667869150639,0.148303925991,0.0359629131854,0.0651570558548,0.0474735163152,0.0243322458118,0.0109012387693
img_03220.jpg,0.854638576508,0.0381004549563,0.00987554527819,0.00987554527819,0.0534517616034,0.0241826679558,0.00987554527819
img_01593.jpg,0.805447995663,0.0295061636716,0.0107791321352,0.0110630793497,0.0548258572817,0.0099273500964,0.078450396657
img_03928.jpg,0.615557968616,0.0261081773788,0.0606289803982,0.0478120073676,0.0314912088215,0.175353065133,0.0430484898388
img_03055.jpg,0.834093630314,0.0271080899984,0.00987554527819,0.0619009397924,0.0465378798544,0.00987554527819,0.0106083685532
img_06642.jpg,0.216850489378,0.012468142435,0.0477760322392,0.0124912951142,0.0515884570777,0.0426294691861,0.616196155548
img_05078.jpg,0.0286048334092,0.0328303948045,0.882709681988,0.00993134640157,0.00993134640157,0.0136929573491,0.0222994517535
img_06698.jpg,0.604342281818,0.0208620782942,0.0665369778872,0.012673930265,0.187403559685,0.00999845284969,0.0981827825308
img_00798.jpg,0.426089257002,0.359343588352,0.00994747597724,0.120583370328,0.0527050830424,0.00994747597724,0.0213837698102
img_07188.jpg,0.942030608654,0.00966157764196,0.00966157764196,0.00966157764196,0.00966157764196,0.00966157764196,0.00966157764196
img_01519.jpg,0.590448141098,0.115123167634,0.0280922465026,0.0210530534387,0.216968089342,0.0150521891192,0.0132631454617
img_02318.jpg,0.0346781425178,0.00965299829841,0.00965299829841,0.00965299829841,0.00965299829841,0.00965299829841,0.91705685854
img_03837.jpg,0.866225719452,0.0275777410716,0.0101464716718,0.0562576316297,0.0146415513009,0.00993684493005,0.0152140585706
img_00757.jpg,0.935904979706,0.0107693141326,0.0119762700051,0.0118836360052,0.00982193183154,0.00982193183154,0.00982193183154
img_06065.jpg,0.758027911186,0.00990228634328,0.0162892565131,0.00990228634328,0.0859516710043,0.00990228634328,0.110024355352
img_00857.jpg,0.822881817818,0.0916548743844,0.0235479176044,0.00995425134897,0.0240248274058,0.00995425134897,0.0179821196944
img_01983.jpg,0.530405580997,0.0112433694303,0.275646239519,0.0605690442026,0.0907417759299,0.0099934162572,0.0214006230235
img_03440.jpg,0.00955914985389,0.00955914985389,0.00955914985389,0.00955914985389,0.00955914985389,0.00955914985389,0.942645072937
img_03457.jpg,0.511813282967,0.0167886521667,0.346819400787,0.0141087705269,0.022184504196,0.0187402032316,0.0695452094078
img_06510.jpg,0.899681806564,0.0179924760014,0.0179425794631,0.00987639464438,0.00987639464438,0.0131450081244,0.0314852893353
img_02188.jpg,0.834254384041,0.0403463244438,0.00992977526039,0.00992977526039,0.0332488119602,0.0133460387588,0.0589448437095
img_05640.jpg,0.93332529068,0.0124634411186,0.00973267387599,0.00973267387599,0.00973267387599,0.00973267387599,0.0152806034312
img_02949.jpg,0.654397249222,0.0325069278479,0.233287453651,0.0307595655322,0.012448570691,0.00993997603655,0.0266602784395
img_00285.jpg,0.327326416969,0.019607655704,0.0410186126828,0.00997359771281,0.024397470057,0.0100562293082,0.567620098591
img_00765.jpg,0.167827531695,0.0376701168716,0.00999903213233,0.0909275785089,0.541916906834,0.0191317740828,0.132527068257
img_01379.jpg,0.852108180523,0.0113529227674,0.0478736832738,0.0409441255033,0.0168817210943,0.00993097852916,0.0209084190428
